canonical_smiles,id
OCC1OC(Oc2cc3c(O)cc(O)cc3[o+]c2-c2ccc(O)c(O)c2)C(OC2OCC(O)C(O)C2O)C(O)C1O.[Cl-],PT_0001
OC[C@H]1O[C@@H](Oc2cc3c(O)cc(O)cc3[o+]c2-c2cc(O)c(O)c(O)c2)[C@H](O[C@@H]2OC[C@@H](O)[C@H](O)[C@H]2O)[C@@H](O)[C@@H]1O,PT_0002
C=CCSS/C=C/C[S+]([O-])CC=C,PT_0003
C=CCSC[C@H](N)C(=O)O,PT_0004
C=CCSSCC=C,PT_0005
COS([O-])=S,PT_0006
C=CC(C)(O)CCC=C(C)C,PT_0008
CC(=O)OC/C=C(\C)CCC=C(C)C,PT_0009
CC1=CCC(C(C)C)=CC1,PT_0010
OCC1OC(Oc2cc3c(O)cc(O)cc3[o+]c2-c2cc(O)c(O)c(O)c2)C(OC2OCC(O)C(O)C2O)C(O)C1O,PT_0011
OC[C@H]1O[C@@H](Oc2cc3c(O)cc(O)cc3[o+]c2-c2ccc(O)c(O)c2)[C@H](O[C@@H]2OC[C@@H](O)[C@H](O)[C@H]2O)[C@@H](O)[C@@H]1O.[Cl-],PT_0012
OCC1OC(Oc2cc3c(O)cc(O)cc3[o+]c2-c2ccc(O)c(O)c2)C(O)C(O)C1O.[Cl-],PT_0013
O=c1cc(-c2ccc(O)cc2)oc2cc(O)cc(O)c12,PT_0014
O=c1cc(-c2ccc(O)c(O)c2)oc2cc(O)cc(O)c12,PT_0015
O=c1cc(-c2ccc(O)c(O)c2)oc2cc(O[C@@H]3O[C@H](CO)[C@@H](O)[C@H](O)[C@H]3O)cc(O)c12,PT_0016
O=C(O)[C@H]1O[C@@H](Oc2c(-c3ccc(O)c(O)c3)oc3cc(O)cc(O)c3c2=O)[C@H](O)[C@@H](O)[C@@H]1O,PT_0017
O=C(O[C@@H]1O[C@@H](Oc2c(-c3ccc(O)c(O)c3)oc3cc(O)cc(O)c3c2=O)[C@@H](O)[C@H](O)[C@@H]1O)c1cc(O)c(O)c(O)c1,PT_0018
C[C@@H]1O[C@@H](Oc2c(-c3ccc(O)c(O)c3)oc3cc(O)cc(O)c3c2=O)[C@H](O[C@@H]2O[C@H](COC(=O)/C=C/c3ccc(O)c(O)c3)[C@@H](O)[C@H](O)[C@H]2O)[C@H](O)[C@H]1O,PT_0019
C[C@@H]1O[C@@H](Oc2c(-c3ccc(O)c(O)c3)oc3cc(O)cc(O)c3c2=O)[C@H](O[C@@H]2O[C@H](COC(=O)/C=C/c3ccc(O)cc3)[C@@H](O)[C@H](O)[C@H]2O)[C@H](O)[C@H]1O,PT_0020
O=c1c(O[C@@H]2O[C@H](CO)[C@@H](O)[C@H](O)[C@H]2O)c(-c2ccc(O)c(O)c2)oc2cc(O)cc(O)c12,PT_0021
O=c1c(O[C@H]2OC[C@@H](O)[C@@H](O)[C@@H]2O)c(-c2ccc(O)c(O)c2)oc2cc(O)cc(O)c12,PT_0023
O=c1c(OC2OC[C@@H](O)[C@@H](O)[C@@H]2O)c(-c2ccc(O)cc2)oc2cc(O)cc(O)c12,PT_0024
O=C(/C=C/c1ccc(O)c(O)c1)c1ccc(O)cc1O,PT_0025
O=c1c(-c2ccc(O)cc2)coc2cc(O)cc(O)c12,PT_0026
C[C@H]1[C@H](C)CC[C@]2(C(=O)O)CC[C@]3(C)C(=CC[C@@H]4[C@@]5(C)CC[C@H](O)C(C)(C)[C@@H]5CC[C@]43C)[C@H]12,PT_0027
N[C@@H](Cc1ccc(O)c(O)c1)C(=O)O,PT_0028
C[C@@H]1O[C@@H](OC[C@H]2O[C@@H](Oc3c(-c4ccc(O)c(O)c4)oc4cc(O)cc(O)c4c3=O)[C@H](O)[C@@H](O)[C@@H]2O)[C@H](O)[C@H](O)[C@H]1O,PT_0029
COc1c(C(C)=O)cc2c(c1OC)OC(C)(C)C=C2,PT_0030
COc1ccc(-c2cc(=O)c3c(O)cc(O[C@@H]4O[C@H](CO)[C@@H](O)[C@H](O)[C@H]4O)cc3o2)cc1,PT_0031
O=c1c(OC2O[C@H](CO)[C@@H](O)[C@@H]2O)c(-c2ccc(O)cc2)oc2cc(O)cc(O)c12,PT_0035
O=c1c(O[C@@H]2O[C@H](CO)[C@H](O)[C@H](O)[C@H]2O)c(-c2ccc(O)cc2)oc2cc(O)cc(O)c12,PT_0036
O=c1c(OC2O[C@H](CO)[C@@H](O)[C@@H]2O)c(-c2ccc(O)c(O)c2)oc2cc(O)cc(O)c12,PT_0037
O=c1cc(-c2ccc(O)c(O)c2)oc2cc(O[C@@H]3O[C@H](CO[C@@H]4O[C@H](CO)[C@@H](O)[C@H](O)[C@H]4O)[C@@H](O)[C@H](O)[C@H]3O)cc(O)c12,PT_0038
COc1ccc2ccc(=O)oc2c1CC=C(C)C,PT_0040
CN1CCc2cc3c(c4c2[C@H]1Cc1ccccc1-4)OCO3,PT_0044
C[C@H]1CC[C@@H]2N(C1)C[C@H]1[C@@H]3C[C@H]4[C@@H](CC(=O)[C@H]5C[C@@H](O)CC[C@@]54C)[C@@H]3CC[C@@H]1[C@]2(C)O,PT_0045
CC1=C2C[C@H]3[C@@H](CC(=O)[C@H]4C[C@@H](O)CC[C@@]43C)[C@@H]2CC[C@]12O[C@@H]1C[C@H](C)CN[C@H]1[C@H]2C,PT_0047
COc1cc2c3cc1Oc1c(OC)c(OC)cc4c1[C@@H](Cc1ccc(O)c(c1)Oc1ccc(cc1)C[C@@H]3N(C)CC2)N(C)CC4,PT_0048
COc1cc2c3cc1Oc1c(OC)c(OC)cc4c1[C@H](Cc1ccc(cc1)Oc1cc(ccc1O)C[C@H]3N(C)CC2)N(C)CC4,PT_0049
COc1ccc2cc1Oc1ccc(cc1)C[C@H]1c3cc(c(OC)cc3CCN1C)Oc1c(OC)c(OC)cc3c1[C@H](C2)N(C)CC3,PT_0050
COc1cc2c(cc1O)[C@@H](Cc1ccc(OC)c(Oc3ccc(C[C@H]4c5cc(O)c(OC)cc5CCN4C)cc3)c1)N(C)CC2,PT_0052
C=C1C(OC(=O)CC(c2ccccc2)N(C)C)CCC2(C)C(O)C(OC(C)=O)C3=C(C)C(=O)CC(O)(C(O)C12)C3(C)C,PT_0053
C=CCC1=C[C@]2(OC)C(=CC1=O)O[C@H](c1ccc(OC)c(OC)c1)[C@H]2C,PT_0055
O=c1c(O[C@@H]2O[C@H](CO)[C@@H](O)[C@H](O)[C@H]2O)c(-c2ccc(O)cc2)oc2cc(O)cc(O)c12,PT_0056
O=C(O[C@H]1[C@H](Oc2c(-c3ccc(O)cc3)oc3cc(O)cc(O)c3c2=O)O[C@H](CO)[C@@H](O)[C@@H]1O)c1cc(O)c(O)c(O)c1,PT_0057
COc1c(O)c(CC=C(C)C)c2c(c1O)C(=O)[C@H](O)[C@@H](c1ccccc1O)O2,PT_0058
O=C(OC[C@H]1O[C@@H](OC(=O)c2cc(O)c(O)c(O)c2)[C@H](OC(=O)c2cc(O)c(O)c(O)c2)[C@@H](OC(=O)c2cc(O)c(O)c(O)c2)[C@@H]1O)c1cc(O)c(O)c(O)c1,PT_0059
O=C(OC[C@H]1O[C@@H](OC(=O)c2cc(O)c(O)c(O)c2)[C@H](OC(=O)c2cc(O)c(O)c(O)c2)[C@@H](OC(=O)c2cc(O)c(O)c(O)c2)[C@@H]1OC(=O)c1cc(O)c(O)c(O)c1)c1cc(O)c(O)c(O)c1,PT_0060
C[C@@H]1O[C@@H](O[C@@H]2[C@@H](O)[C@H](OCCc3ccc(O)c(O)c3)O[C@H](CO)[C@H]2OC(=O)/C=C/c2ccc(O)c(O)c2)[C@H](O)[C@H](O)[C@H]1O,PT_0061
O=C(/C=C/c1ccc(O)c(O)c1)O[C@@H]1CC(O)(C(=O)O)C[C@@H](OC(=O)/C=C/c2ccc(O)c(O)c2)C1O,PT_0062
O=C(/C=C/c1ccc(O)c(O)c1)O[C@H]1[C@H](O)C[C@](O)(C(=O)O)C[C@H]1OC(=O)/C=C/c1ccc(O)c(O)c1,PT_0063
O=C(/C=C/c1ccc(O)c(O)c1)O[C@@H]1[C@H](O)C[C@@](O)(C(=O)O)C[C@H]1OC(=O)/C=C/c1ccc(O)c(O)c1,PT_0064
O=C(/C=C/c1ccc(O)c2c1[C@H](C(=O)O[C@H](Cc1ccc(O)c(O)c1)C(=O)O)[C@@H](c1ccc(O)c(O)c1)O2)O[C@H](Cc1ccc(O)c(O)c1)C(=O)O,PT_0066
O=C(O)[C@H](O)Cc1ccc(O)c(O)c1,PT_0068
C/C=C/c1ccc(O)c(OC)c1O,PT_0069
COC1C[C@@]2(C)CC(=O)[C@@H]3C[C@]2(O[C@@H]2O[C@H](CO)[C@@H](O)[C@H](O)[C@H]2O)[C@@]13COC(=O)c1ccccc1,PT_0071
CO[C@]12C[C@]3(C)O[C@H](O1)[C@]1(COC(=O)c4ccccc4)[C@@H]2C[C@]13O[C@@H]1O[C@H](CO)[C@@H](O)[C@H](O)[C@H]1O,PT_0072
COc1c(-c2ccc(O)cc2)oc2cc(O)cc(O)c2c1=O,PT_0075
COc1cc(O)c2c(=O)c3c(OC)c(O)ccc3oc2c1,PT_0077
COc1cc(O)c2c(=O)c3c(O)c(O)ccc3oc2c1,PT_0078
O=C1OC[C@@H](O)[C@H]([C@@H]2OC(=O)c3cc(O)c(O)c(O)c3-c3c(O)c(O)c(O)c4c3C(=O)O[C@H]2[C@H]4O)OC(=O)c2cc(O)c(O)c(O)c2-c2c1cc(O)c(O)c2O,PT_0081
c1ccc2c(c1)C[C@H]1NCCc3cc4c(c-2c31)OCO4,PT_0083
COc1ccc2cc1Oc1ccc(cc1)C[C@H]1c3cc(c(OC)cc3CCN1C)Oc1c(O)c(OC)cc3c1[C@H](C2)N(C)CC3,PT_0086
COc1cc2c(c(O)c1OC)C(=O)C[C@@H](c1cc(O)ccc1O)O2,PT_0087
C=C(C)[C@@H]1C[C@H](O)[C@]2(C(=O)O[C@@H]3O[C@H](CO[C@@H]4O[C@H](CO)[C@@H](O[C@@H]5O[C@@H](C)[C@H](O)[C@@H](O)[C@H]5O)[C@H](O)[C@H]4O)[C@@H](O)[C@H](O)[C@H]3O)CC[C@]3(C)[C@H](C[C@H]4OC(=O)C[C@@H](O)[C@]5(C)[C@@H]4[C@@]3(C)CC[C@H]5C(=C)C)[C@@H]12,PT_0088
C=C(C)[C@@H]1C[C@H](O)[C@]2(C(=O)O)CC[C@]3(C)[C@H](C[C@H]4OC(=O)C[C@@H](O)[C@]5(C)[C@@H]4[C@@]3(C)CC[C@H]5C(=C)C)[C@@H]12,PT_0089
C=C(C)[C@@H]1CC[C@]2(C(=O)O[C@@H]3O[C@H](CO[C@@H]4O[C@H](CO)[C@@H](O[C@@H]5O[C@@H](C)[C@H](O)[C@@H](O)[C@H]5O)[C@H](O)[C@H]4O)[C@@H](O)[C@H](O)[C@H]3O)CC[C@]3(C)[C@H](C[C@H]4OC(=O)C[C@@H](O)[C@]5(C)[C@@H]4[C@@]3(C)CC[C@H]5C(=C)C)[C@@H]12,PT_0090
C=C(C)[C@@H]1CC[C@]2(C(=O)O)CC[C@]3(C)C(C[C@H]4OC(=O)C[C@@H](O)[C@]5(C)C4[C@@]3(C)CC[C@H]5C(=C)C)C12,PT_0091
CC1(C)CC[C@]2(C(=O)O)CC[C@]3(C)C(=CC[C@@H]4[C@@]5(C)CC[C@H](O[C@@H]6O[C@H](C(=O)O)[C@@H](O)[C@H](O)[C@H]6O)C(C)(C)[C@@H]5CC[C@]43C)[C@@H]2C1,PT_0092
O=C1C=CC[C@H](C[C@@H](O)CCc2ccc(O)cc2)O1,PT_0093
C=CCSS(=O)CC=C,PT_0094
C=CCSS(=O)OC,PT_0095
O=C(O)c1ccc(O)c(O)c1,PT_0096
COc1cc(C(=O)O)ccc1O,PT_0097
O=C(O)c1ccc(O)cc1,PT_0098
COc1cc(/C=C/C(=O)O)ccc1O,PT_0099
COc1cc(/C=C/C(=O)O)cc(OC)c1O,PT_0100
O=C(O)[C@H]1O[C@@H](Oc2c(-c3ccc(O)cc3)oc3cc(O)cc(O)c3c2=O)[C@H](O)[C@@H](O)[C@@H]1O,PT_0102
CC1=CC(=O)CC(C)(C)[C@@]1(O)/C=C/[C@@H](C)O[C@@H]1O[C@H](CO)[C@@H](O)[C@H](O)[C@H]1O,PT_0103
COc1cc(C2c3cc(O)c(OC)cc3CC(COC3OC(CO)C(O)C(O)C3O)C2CO)ccc1O,PT_0104
COc1cc([C@H]2Oc3c(O)cc(CCCO)cc3[C@@H]2CO)ccc1O[C@@H]1O[C@@H](C)[C@H](O)[C@@H](O)[C@H]1O,PT_0105
COc1cc([C@@H]2Oc3c(OC)cc(CCCO)cc3[C@H]2CO)ccc1O[C@@H]1O[C@@H](C)[C@H](O)[C@@H](O)[C@H]1O,PT_0106
C[C@@H]1O[C@@H](OC[C@H]2O[C@@H](Oc3c(-c4ccc(O)cc4)oc4cc(O)cc(O)c4c3=O)[C@H](O)[C@@H](O)[C@@H]2O)[C@H](O)[C@H](O)[C@H]1O,PT_0107
CC(C)=CCOc1c2occc2cc2ccc(=O)oc12,PT_0108
CC(C)=CC(=O)O[C@H]1Cc2cc3ccc(=O)oc3cc2OC1(C)C,PT_0109
CC(C)(O[C@@H]1O[C@H](CO)[C@@H](O)[C@H](O)[C@H]1O)[C@H]1Cc2cc3ccc(=O)oc3cc2O1,PT_0110
CCCCC1OC(=O)c2ccccc21,PT_0111
C[C@@]12C[C@@H](c3ccoc3)OC(=O)[C@@H]1CC[C@]1(C)[C@H]2[C@H]2C=C[C@]1(O)C(=O)O2,PT_0112
Cc1cc(O)c2c(c1)C(=O)c1cccc(O)c1C2=O,PT_0113
COc1c(O)cc2c(c1O)C(=O)c1c(cc(C)c(O)c1OC)C2=O,PT_0114
Cc1cc2c(c(O)c1O)C(=O)c1c(O)cc(O)cc1C2=O,PT_0115
COc1cc2c(c(OC)c1OC)C(=O)c1c(cc(C)c(O)c1OC)C2=O,PT_0116
CC[C@H](CC[C@@H](C)[C@H]1CC[C@H]2[C@@H]3CC=C4C[C@@H](O)CC[C@]4(C)[C@H]3CC[C@]12C)C(C)C,PT_0117
CC#CC#CC#Cc1ccccc1,PT_0118
CCCCC/C=C\C/C=C\CCCCCCCC(=O)O,PT_0119
COc1cc2c(O[C@@H]3OC[C@@H](OC)[C@H](OC)[C@H]3O)c3c(c(-c4ccc5c(c4)OCO5)c2cc1OC)C(=O)OC3,PT_0120
COc1cc2c(O[C@@H]3O[C@H](CO)[C@@H](O)[C@H](O)[C@H]3O)c3c(c(-c4ccc5c(c4)OCO5)c2cc1OC)C(=O)OC3,PT_0121
O=c1c(O[C@@H]2O[C@H](CO)[C@H](O)[C@H](O)[C@H]2O)c(-c2ccc(O)c(O)c2)oc2cc(O)cc(O)c12,PT_0122
CC1OC(OC2C(OC(=O)C34CCC(C)(C)CC3C3=CCC5C6(C)CCC(OC7OC(C(=O)O)C(O)C(O)C7O)C(C)(C)C6CCC5(C)C3(C)CC4O)OCC(O)C2O)C(O)C(O)C1OC1OCC(O)C(OC2OCC(O)C(O)C2O)C1O,PT_0123
C[C@H](NC(=O)CN)C(=O)N[C@@H](C)C(=O)NCC(=O)NCC(=O)N[C@@H](C)C(=O)N[C@@H](Cc1ccccc1)C(=O)O,PT_0124
OC[C@H]1OC(O)[C@@H](O)[C@@H](O)[C@@H]1O,PT_0125
OC[C@H]1OC(O)[C@H](O)[C@@H](O)[C@@H]1O,PT_0126
OC[C@H]1OC(O)[C@H](O)[C@@H](O)[C@H]1O,PT_0127
CC12CCC(CC1=O)C2(C)C,PT_0128
C=C1C2CCC(C2)C1(C)C,PT_0129
C=C(C)C1CC=C(C)C(=O)C1,PT_0130
CC12CCC(CC1)C(C)(C)O2,PT_0131
Cc1ccc(C(C)C)cc1,PT_0132
COc1c2ccoc2cc2cc(C)oc(=O)c12,PT_0133
C=C(C)C1CC=C(C)CC1,PT_0134
C=CC(=C)CCC=C(C)C,PT_0135
CCCCCCCCCCCCCC(=O)O,PT_0136
CCCCCCCC/C=C\CCCCCCCC(=O)O,PT_0137
CCCCCCCCCCCCCCCC(=O)O,PT_0138
CC1=CCC(C(C)C)C=C1,PT_0139
C=C1C=CC(C(C)C)CC1,PT_0140
CC1=CC=C(C(C)C)CC1,PT_0141
CC(/C=C/C=C(\C)C(=O)O[C@@H]1O[C@H](CO[C@@H]2O[C@H](CO)[C@@H](O)[C@H](O)[C@H]2O)[C@@H](O)[C@H](O)[C@H]1O)=C\C=C\C=C(C)\C=C\C=C(/C)C(=O)O[C@@H]1O[C@H](CO[C@@H]2O[C@H](CO)[C@@H](O)[C@H](O)[C@H]2O)[C@@H](O)[C@H](O)[C@H]1O,PT_0142
CC(/C=C/C=C(\C)C(=O)O)=C\C=C\C=C(C)\C=C\C=C(/C)C(=O)O,PT_0143
CC1=C(C=O)C(C)(C)CC=C1,PT_0144
COc1ccc(-c2cc(=O)c3c(O)cc(O[C@@H]4O[C@H](CO[C@@H]5O[C@@H](C)[C@H](O)[C@@H](O)[C@H]5O)[C@@H](O)[C@H](O)[C@H]4O)cc3o2)cc1,PT_0145
COc1c(O)cc(O)c2c(=O)cc(-c3ccccc3)oc12,PT_0146
CC1(C)CC[C@]2(C)CC[C@]3(C)C(=CC[C@@H]4[C@@]5(C)CC[C@H](O)C(C)(C)[C@@H]5CC[C@]43C)[C@@H]2C1,PT_0147
C=C(C)[C@@H]1CC[C@]2(C)CC[C@]3(C)[C@H](CC[C@@H]4[C@@]5(C)CC[C@H](O)C(C)(C)[C@@H]5CC[C@]43C)[C@@H]12,PT_0148
CC1(C)CC[C@]2(C)CC[C@]3(C)C(=CC[C@@H]4[C@@]5(C)CC[C@@H](OC(=O)C=Cc6ccccc6)C(C)(C)[C@@H]5CC[C@]43C)[C@@H]2C1,PT_0149
COc1c2ccoc2cc2oc(=O)ccc12,PT_0150
CC(C)=CCC/C=C(\C)CCC=C(C)C,PT_0151
C=C[C@]1(C)CC[C@@H](C(=C)C)C[C@H]1C(=C)C,PT_0152
CC[C@H](/C=C/[C@@H](C)[C@H]1CC[C@H]2[C@@H]3CC=C4C[C@@H](O)CC[C@]4(C)[C@H]3CC[C@]12C)C(C)C,PT_0153
C=C(C)[C@@H]1CC[C@]2(C)CC[C@]3(C)[C@H](CC[C@@H]4[C@@]5(C)CCC(=O)C(C)(C)[C@@H]5CC[C@]43C)[C@@H]12,PT_0154
C[C@H]1[C@H](C)CC[C@]2(C)CC[C@]3(C)C(=CC[C@@H]4[C@@]5(C)CCC(=O)C(C)(C)[C@@H]5CC[C@]43C)[C@H]12,PT_0155
Oc1ccc([C@H]2COc3cc(O)ccc3C2)cc1,PT_0157
O=C1C[C@@H](c2ccc(O)cc2)Oc2cc(O)cc(O)c21,PT_0158
O=C1C[C@@H](c2ccccc2)Oc2cc(O)cc(O)c21,PT_0159
O=c1c(O)c(-c2ccc(O)c(O)c2)oc2cc(O)cc(O)c12,PT_0160
CC(C)=CCc1cc(C(=O)CCc2ccccc2)c(O)c(CC=C(C)C)c1O,PT_0162
CC(C)=CCc1c(O)ccc(C(=O)/C=C/c2ccccc2)c1O,PT_0163
Cc1c(C)c2c(c(C)c1O)CC[C@@](C)(CCC[C@H](C)CCC[C@H](C)CCCC(C)C)O2,PT_0164
CC(C)=CCC/C(C)=C/C=C/C(C)=C/C=C/C(C)=C/C=C/C=C(C)/C=C/C=C(C)/C=C/C=C(\C)CCC=C(C)C,PT_0165
CC1=C(/C=C/C(C)=C/C=C/C(C)=C/C=C/C=C(C)/C=C/C=C(C)/C=C/C2=C(C)CCCC2(C)C)C(C)(C)CCC1,PT_0166
CC(C)=CCC/C(C)=C/CC/C(C)=C/CC/C(C)=C/C=C/C=C(\C)CC/C=C(\C)CC/C=C(\C)CCC=C(C)C,PT_0167
CC(C)=CCC/C(C)=C/CC/C(C)=C/C=C/C(C)=C/C=C/C=C(\C)CC/C=C(\C)CC/C=C(\C)CCC=C(C)C,PT_0168
O=C(O)/C=C/c1ccc(O)c(O)c1,PT_0169
O=C(O)c1cc(O)c(O)c(O)c1,PT_0170
O=c1cc(-c2ccc(O)cc2)oc2c(C3OC(CO)C(O)C(O)C3O)c(O)c(C3OC(CO)C(O)C(O)C3O)c(O)c12,PT_0173
CC[C@@H]1CN2CCc3c([nH]c4cccc(OC)c34)[C@@H]2C[C@@H]1/C(=C\OC)C(=O)OC,PT_0174
COC(=O)C1=CO[C@@H](C)[C@H]2CN3CC[C@]4(C(=O)Nc5ccccc54)[C@@H]3C[C@H]12,PT_0175
CC[C@H]1CN2CC[C@]3(C(=O)Nc4ccccc43)[C@@H]2C[C@@H]1/C(=C\OC)C(=O)OC,PT_0176
COC(=S)NCc1ccc(O[C@@H]2O[C@@H](C)[C@H](OC(C)=O)[C@@H](O)[C@H]2O)cc1,PT_0177
CCOC(=O)NCc1ccc(OC2OC(C)C(OC(C)=O)C(O)C2O)cc1,PT_0178
CCOC(=S)C=NCc1ccc(O[C@@H]2O[C@@H](C)[C@H](OC(C)=O)[C@@H](O)[C@H]2O)cc1,PT_0179
CC(C)[C@@H]1CC[C@]2(C)CCCC(=O)[C@]2(C)C1,PT_0181
CC1CCC=C2CCC3C(C3(C)C)C21C,PT_0182
C=C1CC[C@@H](C(C)C)C[C@@]12CCC[C@]2(C)O,PT_0183
C[C@@H]1CCCC2=CC(=O)[C@@H]3[C@@H](C3(C)C)[C@]21C,PT_0184
C=C(C)[C@@H]1CCC2=CCC[C@@H](C)[C@]2(C)C1,PT_0185
C[C@H]1CC[C@@]2(O)C(C)(C)[C@@H]3CC[C@@]2(C)[C@H]1C3,PT_0186
CC1=CCC2CC1C2(C)C,PT_0187
CC1=C2C3C(CCC2(C)CCC1)C3(C)C,PT_0188
O=C(/C=C/c1ccc(O)c(O)c1)Oc1ccc2c(c1)C(=O)OCC2,PT_0189
CC(C)=CCC[C@](C)(O[C@@H]1O[C@H](CO)[C@@H](O)[C@H](O)[C@H]1O)[C@H]1CC[C@]2(C)[C@@H]1[C@H](O)C[C@@H]1[C@@]3(C)CC[C@H](O)C(C)(C)[C@@H]3[C@@H](O[C@@H]3O[C@H](CO)[C@@H](O)[C@H](O)[C@H]3O)C[C@]12C,PT_0190
CC(C)=CCC[C@](C)(O[C@@H]1O[C@H](CO[C@@H]2O[C@H](CO)[C@@H](O)[C@H](O)[C@H]2O)[C@@H](O)[C@H](O)[C@H]1O)[C@H]1CC[C@]2(C)[C@@H]1[C@H](O)C[C@@H]1[C@@]3(C)CC[C@H](O[C@@H]4O[C@H](CO)[C@@H](O)[C@H](O)[C@H]4O[C@@H]4O[C@H](CO)[C@@H](O)[C@H](O)[C@H]4O)C(C)(C)[C@@H]3CC[C@]12C,PT_0191
COc1cc(OC)c(OC)cc1CC1=c2c(OC)c(OC)cc(OC)c2=CC1,PT_0192
COc1ccc([C@H]2CC[C@H]2c2ccc(OC)c(OC)c2OC)c(OC)c1OC,PT_0193
NCCCC(=O)O,PT_0194
CC(C)=CCC/C(C)=C/CC/C(C)=C/CC/C=C(\C)CC/C=C(\C)CCC=C(C)C,PT_0195
CCCCCCCCCCCC(=O)O,PT_0196
CCCCCCCCCC(=O)[O-],PT_0197
CCCCCCCCCCCCCCCCCC(=O)[O-],PT_0198
C/C(=C\CO)CCC[C@H](C)CCC[C@H](C)CCCC(C)C,PT_0199
O[C@@H]1CO[C@H]2[C@@H]1OC[C@@H]2O,PT_0200
O=C(/C=C/C=C/c1ccc2c(c1)OCO2)N1CCCCC1,PT_0201
N#C[C@H](O[C@@H]1O[C@H](CO[C@@H]2O[C@H](CO)[C@@H](O)[C@H](O)[C@H]2O)[C@@H](O)[C@H](O)[C@H]1O)c1ccccc1,PT_0202
N#C[C@H](O[C@@H]1O[C@H](CO)[C@@H](O)[C@H](O)[C@H]1O)c1ccccc1,PT_0203
O=C(/C=C/c1ccc(O)c(O)c1)O[C@@H]1C[C@](O)(C(=O)O)C[C@@H](O)[C@H]1O,PT_0204
O=c1c(O)c(-c2ccc(O)cc2)oc2cc(O)cc(O)c12,PT_0205
O=C(O)/C=C/c1ccc(O)cc1,PT_0206
C#N,PT_0207
C[C@@H]1O[C@@H](Oc2c(-c3ccc(O)c(O)c3)oc3cc(O)cc(O)c3c2=O)[C@H](O)[C@H](O)[C@H]1O,PT_0208
O=C(O)C1(O)C[C@@H](O)C(O)[C@H](O)C1,PT_0209
COC(=O)[C@H]1[C@H]2C[C@@H]3c4[nH]c5cc(OC)ccc5c4CCN3C[C@H]2C[C@@H](OC(=O)c2cc(OC)c(OC)c(OC)c2)[C@@H]1OC,PT_0210
COC(=O)C1=CO[C@@H](C)[C@H]2CN3CCc4c([nH]c5ccccc45)[C@@H]3C[C@H]12,PT_0211
C/C=C1\CN2CCc3c([nH]c4ccccc34)C2CC1C(Cc1c[n+]2c(c3[nH]c4ccccc4c13)CC1C(C(=O)OC)=COC(C)C1C2)C(=O)OC,PT_0212
CC[C@H]1C2C[C@H]3[C@@H]4N(C)c5ccccc5C45C[C@@H](C2C5OC(=O)c2cc(OC)c(OC)c(OC)c2)N3[C@@H]1O,PT_0213
CC[C@H]1[C@@H]2C[C@H]3[C@@H]4N(C)c5ccccc5[C@]45C[C@@H]([C@H]2[C@H]5O)N3[C@@H]1O,PT_0214
COC(=O)[C@H]1[C@H]2C[C@@H]3c4[nH]c5cc(OC)ccc5c4CCN3C[C@H]2C[C@@H](OC(=O)CCc2cc(OC)c(OC)c(OC)c2)[C@@H]1OC,PT_0215
COC(=O)[C@H]1[C@H]2C[C@@H]3c4[nH]c5cc(OC)ccc5c4CCN3C[C@H]2C[C@@H](OC(=O)/C=C/c2cc(OC)c(OC)c(OC)c2)[C@@H]1OC,PT_0216
COC(=O)C1=CO[C@@H](C)[C@@H]2CN3CCc4c([nH]c5cc(OC)c(OC)cc45)[C@H]3C[C@H]12,PT_0217
COC(=O)C1=CO[C@@H](C)[C@H]2C[n+]3ccc4c([nH]c5ccccc54)c3C[C@H]12,PT_0218
O=C(CCc1c[nH]c2ccccc12)OC1CCCCC1,PT_0219
COC(=O)[C@@H]1[C@H]2C[C@H]3c4[nH]c5ccccc5c4CCN3C[C@@H]2CC[C@@H]1O,PT_0220
COC(=O)[C@H]1[C@H]2C[C@@H]3c4[nH]c5ccccc5c4CCN3C[C@H]2C[C@@H](OC(=O)c2cc(OC)c(OC)c(OC)c2)[C@@H]1OC,PT_0221
C[C@@H]1CC[C@]2(C(=O)O)CC[C@]3(C)C(=CC[C@@H]4[C@@]5(C)C[C@@H](O)[C@@H](O)C(C)(C)[C@@H]5CC[C@]43C)[C@@H]2[C@]1(C)O,PT_0222
O=C(/C=C/c1ccc(O)c2c1[C@H](C(=O)O[C@H](Cc1ccc(O)c(O)c1)C(=O)[O-])[C@@H](c1ccc(O)c(O)c1)O2)O[C@H](Cc1ccc(O)c(O)c1)C(=O)[O-].[Mg+2],PT_0224
CC(C)=C[C@@H](O)[C@@H](O)/C(C)=C/CC/C(C)=C/CC[C@]1(C)CCc2cc(O)cc(C)c2O1,PT_0225
COc1ccc([C@@]23CCC(=O)C[C@@H]2N(C)CC3)cc1OC,PT_0226
CC(=O)O[C@H]1C[C@]2(C)[C@@H]3C(=CC(=O)[C@@H]2C[C@H]1OC(C)=O)[C@]1(O)CC[C@H]([C@@](C)(O)[C@@H](CCC(C)C)OC(C)=O)[C@@]1(C)C[C@H]3OC(C)=O,PT_0228
COc1cc2ccc(=O)oc2cc1O,PT_0229
COc1cc([C@H]2Oc3c(OC)cc4ccc(=O)oc4c3O[C@@H]2CO)ccc1O,PT_0230
COc1cc([C@H]2Oc3c(OC)cc4ccc(=O)oc4c3O[C@@H]2CO)cc(OC)c1O,PT_0231
COc1ccc(-c2oc3cc(OC)c(OC)c(O)c3c(=O)c2OC)cc1OC,PT_0232
COc1ccc(-c2cc(=O)c3c(O)cc(O)cc3o2)cc1O,PT_0235
C=C(C)C(O)CC/C(C)=C/Cc1c(O)ccc(C(=O)/C=C/c2ccc(O)cc2)c1O,PT_0238
COc1ccc(C(=O)/C=C/c2ccc(O)cc2)c(O)c1CC=C(C)C,PT_0239
O=c1cc(-c2ccccc2)oc2cc(O)cc(O)c12,PT_0240
COc1ccc([C@@H]2CC(=O)c3c(O)cc(O)cc3O2)cc1O,PT_0242
C[C@@H]1O[C@@H](O[C@@H]2[C@@H](O)[C@H](OCCc3ccc(O)c(O)c3)O[C@H](CO[C@@H]3O[C@H](CO)[C@@H](O)[C@H](O)[C@H]3O)[C@H]2O)[C@H](O)[C@H](O)[C@H]1O,PT_0243
C[C@@H]1O[C@@H](CO[C@@H]2[C@@H](O)[C@H](O)O[C@H](CO[C@@H]3O[C@H](CO)[C@@H](O)[C@H](O)[C@H]3O)[C@H]2OC(=O)/C=C/c2ccc(O)c(O)c2)[C@H](O)[C@H](O)[C@H]1O,PT_0244
C[C@@H]1O[C@@H](O[C@@H]2[C@@H](O)[C@H](OCCc3ccc(O)c(O)c3)O[C@H](CO[C@@H]3O[C@H](CO)[C@@H](O)[C@H](O)[C@H]3O)[C@H]2OC(=O)/C=C/c2ccc(O)c(O)c2)[C@H](O)[C@H](O)[C@H]1O,PT_0245
C[C@@H]1O[C@@H](O[C@@H]([C@H](OC(=O)/C=C/c2ccc(O)c(O)c2)[C@H](O)CO)[C@@H](O)C=O)[C@H](O)[C@H](O)[C@H]1O,PT_0247
COc1cc(/C=C/C(=O)O[C@H]2[C@H](O[C@@H]3O[C@@H](C)[C@H](O)[C@@H](O)[C@H]3O)[C@@H](O)[C@H](OCCc3ccc(O)c(O)c3)O[C@@H]2CO)ccc1O,PT_0249
COc1ccc(CCO[C@@H]2O[C@H](CO)[C@@H](OC(=O)/C=C/c3ccc(O)c(OC)c3)[C@H](O[C@@H]3O[C@@H](C)[C@H](O)[C@@H](O)[C@H]3O)[C@H]2O)cc1O,PT_0250
C[C@@H]1O[C@@H](O[C@H]2C(=O)c3c(O)cc(O)cc3O[C@@H]2c2ccc(O)c(O)c2)[C@H](O)[C@H](O)[C@H]1O,PT_0256
O=C(O[C@@H]1O[C@@H]2COC(=O)c3cc(O)c(O)c(O)c3-c3c(cc(O)c(O)c3O)C(=O)O[C@H]([C@H]1O)[C@@H]2O)c1cc(O)c(O)c(O)c1,PT_0257
O=C1OC[C@@H](O)[C@H]([C@@H]2OC(=O)c3cc(O)c(O)c(O)c3-c3c(O)c(O)c(O)c4c3C(=O)O[C@H]2[C@@H]4O)OC(=O)c2cc(O)c(O)c(O)c2-c2c1cc(O)c(O)c2O,PT_0262
Oc1cc(O)c2c(c1)OC(c1ccc(O)c(O)c1)C(OC1(c3ccc(O)c(O)c3)Oc3cc(O)cc(O)c3C(O)C1O)C2,PT_0264
Cc1nc(C)c(C)nc1C,PT_0267
COc1cc2c(cc1OC)-c1c3c(cc4c1[C@H](C2)N(C)CC4)OCO3,PT_0271
COC(=O)C1CC(=O)c2oc(=O)c3cc(O)c(O)c(O)c3c21,PT_0274
O=C1O[C@H]2[C@@H]3OC(=O)c4cc(O)c(O)c(O)c4-c4c(cc(O)c(O)c4O)C(=O)OC[C@H]2O[C@@H](OC(=O)c2cc(O)c(O)c(O)c2)[C@@H]3OC(=O)c2cc(O)c(O)c3c2[C@@H]2C1=CC(=O)[C@](O)(O3)C2(O)O,PT_0275
O=C(/C=C/c1ccc(O)c2c1[C@H](C(=O)O)[C@@H](c1ccc(O)c(O)c1)O2)O[C@H](Cc1ccc(O)c(O)c1)C(=O)O,PT_0277
O=c1cc(-c2ccc(O)c(-c3c(O)cc(O)c4c(=O)cc(-c5ccc(O)cc5)oc34)c2)oc2cc(O)cc(O)c12,PT_0279
O=c1c(O[C@@H]2O[C@H]([C@H](O)CO)[C@H](O)[C@H]2O)c(-c2ccc(O)c(O)c2)oc2cc(O)cc(O)c12,PT_0280
CCCCC[C@H](O)CC(=O)CCc1ccc(O)c(OC)c1,PT_0282
CCCCC/C=C/C(=O)CCc1ccc(O)c(OC)c1,PT_0283
COc1cc(CCC(C)=O)ccc1O,PT_0284
CCCCCCCC(=O)CCc1ccc(O)c(OC)c1,PT_0285
CN1CCc2cc3c(c4c2[C@H]1Cc1cccc(O)c1-4)OCO3,PT_0288
COc1cc2c(cc1OC)-c1c3c(c(OC)c4c1[C@H](C2)N(C)CC4)OCO3,PT_0289
COc1cc2c(cc1OC)C1Cc3ccc(OC)c(OC)c3CN1CC2,PT_0290
O=c1c2ccccc2nc2n1CCc1c-2[nH]c2ccccc12,PT_0291
C[C@H]1CC[C@@H]2N(C1)C[C@H]1[C@@H]3C[C@H]4[C@@H](C[C@H](O)[C@H]5C[C@@H](O)CC[C@@]54C)[C@@H]3CC[C@@H]1[C@]2(C)O,PT_0293
COc1cc2c(cc1O)CC1c3c(cc4c(c3-2)OCO4)CCN1C,PT_0295
COc1cc2c3c(c1OC)-c1cc4c(cc1C[C@@H]3N(C)CC2)OCO4,PT_0301
COc1cc2c3c(c1O)-c1cc4c(cc1C[C@@H]3N(C)CC2)OCO4,PT_0302
COc1cc2c3c(c1OC)Oc1ccc(cc1)C[C@@H]1c4c(cc(OC)c(OC)c4Oc4ccc(cc4)C[C@H]3N(C)CC2)CCN1C,PT_0304
CC[C@H]1CN2CCc3c([nH]c4ccccc34)[C@H]2C[C@@H]1/C(=C\OC)C(=O)OC,PT_0306
COc1cc(C(=O)OCCCCN=C(N)N)cc(OC)c1O,PT_0308
COc1ccc([C@@H]2[C@@H](C(=O)NCCCCNC(N)=NCC=C(C)C)[C@@H](C(=O)NCCCCNC(N)=NCC=C(C)C)[C@@H]2c2ccc(OC)c(OC)c2)cc1OC,PT_0309
CC(C)=CCC/C(C)=C/COc1ccc2ccc(=O)oc2c1,PT_0310
C=C1CC[C@@H]2[C@](C)(CO)[C@H](O)CC[C@@]2(C)[C@@H]1/C=C/C1=CCOC1=O,PT_0311
C=C[C@@]1(C)CC(=O)[C@]2(O)[C@@]3(C)[C@@H](O)CCC(C)(C)[C@@H]3[C@H](O)[C@H](OC(C)=O)[C@@]2(C)O1,PT_0312
CC1=CC(=O)C[C@H]2[C@H]1CC[C@@H](C)[C@]21C[C@H](c2ccoc2)OC1=O,PT_0314
C[C@@H]1C[C@@H](O)[C@H]2[C@@](C)(CO)CCC[C@]2(C)[C@@]1(O)CCc1ccoc1,PT_0315
CC(C)=C1CC[C@]2(C)O[C@@H]2C1=O,PT_0316
C=C1CCC2C(C)(C)CCCC2(C)C1CCC(C)CC(=O)O,PT_0317
C=CCc1ccc(O)c(OC)c1,PT_0318
C/C=C(/C)C(=O)O[C@@H]1CCC2=CC(=O)C(=C(C)C)C[C@]2(C)[C@H]1C,PT_0319
CC1=CCC[C@@H]2[C@@](C)(CC/C(C)=C/C(=O)O)[C@H](C)CC[C@@]12C,PT_0320
C=C1C[C@@]23CC[C@H]4[C@@](C)(CCC[C@@]4(C)C(=O)O[C@@H]4O[C@H](CO)[C@@H](O)[C@H](O)[C@H]4O)[C@@H]2CC[C@]1(O[C@@H]1O[C@H](CO)[C@@H](O)[C@H](O)[C@H]1O[C@@H]1O[C@H](CO)[C@@H](O)[C@H](O)[C@H]1O)C3,PT_0321
C=C[C@]1(C)C=C2C(=O)C[C@H]3[C@@](C)(CCC[C@@]3(C)C(=O)O)[C@@H]2CC1,PT_0322
CO[C@]1(C)CC23CCC4[C@@](C)(CCC[C@@]4(C)C(=O)O)C2C=CC1C3,PT_0323
C[C@@H]1CC[C@@]2(OC1)O[C@H]1C[C@H]3[C@@H]4CC=C5C[C@@H](O)[C@H](O)C[C@]5(C)[C@H]4CC[C@]3(C)[C@H]1[C@@H]2C,PT_0324
C[C@@H]1CC[C@@]2(OC1)O[C@H]1C[C@H]3[C@@H]4CC[C@@]5(O)C[C@@H](O)[C@H](O)C[C@]5(C)[C@H]4CC[C@]3(C)[C@H]1[C@@H]2C,PT_0325
CCCCC(CC)COC(=O)c1ccccc1C(=O)[O-],PT_0326
O=C(O)c1ccccc1C(=O)O,PT_0327
CCCCCCCCCCCCCCCCCCCCCC,PT_0328
CCCCCCCCCCCCCCCCCCCC,PT_0329
O=C(O)c1cccnc1,PT_0331
Cc1ncc(C[n+]2csc(CCO)c2C)c(N)n1,PT_0332
Cc1cc2nc3c(=O)[nH]c(=O)nc-3n(C[C@H](O)[C@H](O)[C@H](O)CO)c2cc1C,PT_0333
O=C(O)C(=O)O,PT_0336
OC[C@H]1O[C@@H](OCCc2ccc(O)cc2)[C@H](O)[C@@H](O)[C@@H]1O,PT_0337
OC[C@H]1O[C@@H](OCc2ccccc2)[C@H](O)[C@@H](O)[C@@H]1O,PT_0338
CCCCCCCCCCCCCCCCCCCCCC(=O)O,PT_0339
O=C(O)C1=N[C@H](C(=O)O)CC(/C=C/N2c3cc(O)c(O)cc3C[C@H]2C(=O)O)=C1,PT_0340
O=C(O)C1=N[C@@H](C(=O)O)CC(/C=C/N2c3cc(O)c(O[C@@H]4O[C@H](CO)[C@@H](O)[C@H](O)[C@H]4O)cc3C[C@H]2C(=O)O)=C1,PT_0341
CC1=CC(=O)C(C(C)C)=CC1=O,PT_0342
C/C=C1/[C@H](O[C@@H]2O[C@H](CO)[C@@H](O)[C@H](O)[C@H]2O)OC=C(C(=O)OC)[C@H]1CC(=O)OCCc1ccc(O)c(O)c1,PT_0343
O=c1ccc2cc(O[C@@H]3O[C@H](CO)[C@@H](O)[C@H](O)[C@H]3O)c(O)cc2o1,PT_0344
COc1cc2ccc(=O)oc2cc1O[C@@H]1O[C@H](CO)[C@@H](O)[C@H](O)[C@H]1O,PT_0345
CC1(C)CC[C@]2(C(=O)O)CC[C@]3(C)C(=CC[C@@H]4[C@@]5(C)CC[C@H](O)C(C)(C)[C@@H]5CC[C@]43C)[C@@H]2C1,PT_0346
CC(C)c1cccc(C(C)C)c1O,PT_0347
O=C(/C=C/c1ccc(O)c(O)c1)O[C@H](Cc1ccc(O)c(O)c1)C(=O)O,PT_0348
O=C(O)[C@H]1O[C@@H](Oc2cc3oc(-c4ccccc4)cc(=O)c3c(O)c2O)[C@H](O)[C@@H](O)[C@@H]1O,PT_0349
O=c1cc(-c2ccc(O)cc2)oc2c([C@@H]3O[C@H](CO)[C@@H](O)[C@H](O)[C@H]3O)c(O)c([C@@H]3O[C@H](CO)[C@@H](O)[C@H](O)[C@H]3O)c(O)c12,PT_0353
COc1ccc2cc3[n+](cc2c1OC)CCc1cc2c(cc1-3)OCO2,PT_0354
CCCCCCCC(O)CC(=O)CCc1ccc(O)c(OC)c1,PT_0355
Oc1cc(O)c2c(c1)O[C@H](c1ccc(O)c(O)c1)[C@H](O)[C@H]2c1c(O)cc2c(c1O)C[C@@H](O)[C@@H](c1ccc(O)c(O)c1)O2,PT_0356
Oc1cc(O)c2c(c1)O[C@H](c1ccc(O)c(O)c1)[C@@H](O)[C@@H]2c1c(O)cc(O)c2c1O[C@H](c1ccc(O)c(O)c1)[C@@H](O)C2,PT_0357
Oc1cc(O)c2c(c1)O[C@H](c1ccc(O)c(O)c1)[C@@H](O)C2,PT_0358
Oc1cc(O)c2c(c1)O[C@H](c1ccc(O)c(O)c1)[C@H](O)[C@H]2c1c(O)cc(O)c2c1O[C@H](c1ccc(O)c(O)c1)[C@H](O)C2,PT_0359
Oc1cc(O)c2c(c1)O[C@H](c1ccc(O)c(O)c1)[C@H](O)[C@H]2c1c(O)cc(O)c2c1O[C@H](c1ccc(O)c(O)c1)[C@H](O)[C@H]2c1c(O)cc(O)c2c1O[C@H](c1ccc(O)c(O)c1)[C@H](O)C2,PT_0360
O=c1cc(-c2ccc(O)c(O)c2)oc2c([C@@H]3O[C@H](CO)[C@@H](O)[C@H](O)[C@H]3O)c(O)cc(O)c12,PT_0361
O=c1cc(-c2ccc(O)c(O)c2)oc2cc(O)c([C@@H]3O[C@H](CO)[C@@H](O)[C@H](O)[C@H]3O)c(O)c12,PT_0362
O=c1cc(-c2ccc(O)cc2)oc2cc(O)c([C@@H]3O[C@H](CO)[C@@H](O)[C@H](O)[C@H]3O)c(O)c12,PT_0363
O=c1c(O)c(-c2ccc(O)c(O)c2)oc2cc(O[C@@H]3O[C@H](CO)[C@@H](O)[C@H](O)[C@H]3O)c(O)c(O)c12,PT_0364
O=C1C[C@@H](c2ccc(O)c(O)c2)Oc2c1ccc(O[C@@H]1O[C@H](CO)[C@@H](O)[C@H](O)[C@H]1O)c2O,PT_0365
O=C(/C=C/c1ccc(O)c(O)c1)c1ccc(O[C@@H]2O[C@H](CO)[C@@H](O)[C@H](O)[C@H]2O)c(O)c1O,PT_0366
O=C1c2c(O)cc(O)cc2O[C@H](c2ccc(O)cc2)C1O,PT_0369
O=C1c2c(O)cc(O)cc2O[C@H](c2ccc(O)c(O)c2)[C@H]1O,PT_0370
COc1cc(-c2oc3cc(O)cc(O)c3c(=O)c2O)ccc1O,PT_0371
O=C(/C=C/c1ccc(O)c(O)c1)O[C@@H]1C[C@@](OC(=O)/C=C/c2ccc(O)c(O)c2)(C(=O)O)C[C@@H](O)[C@@H]1O,PT_0372
COc1c(O)c(-c2c(O)c(OC)c(OC)c3c2cc(OC)c2cc(O)ccc23)c2cc(OC)c3cc(O)ccc3c2c1OC,PT_0373
COc1cc(C[C@@H](CO[C@@H]2O[C@H](CO)[C@@H](O)[C@H](O)[C@H]2O)[C@H](CO[C@@H]2O[C@H](CO)[C@@H](O)[C@H](O)[C@H]2O)Cc2ccc(O)c(OC)c2)ccc1O,PT_0374
COc1cc(C(C)=O)cc2c1OC(C)(C)C=C2,PT_0377
COc1c(C(C)O)cc2c(c1OC)OC(C)(C)C=C2,PT_0378
CO[C@H]1OC(OC(=O)c2cc(O)c(O)c(O)c2)[C@H](O)[C@@H](O)[C@@H]1O,PT_0379
O=C(O)C1=C[C@@H](OC(=O)c2cc(O)c(O)c(O)c2)[C@@H](O)[C@H](OC(=O)c2cc(O)c(O)c(O)c2)C1,PT_0381
COC(=O)c1cc(O)c(O)c(O)c1,PT_0382
O=C(Oc1c(O)cc(C(=O)O[C@@H]2C[C@@](O)(C(=O)O)C[C@@H](OC(=O)c3cc(O)c(O)c(O)c3)[C@@H]2OC(=O)c2cc(O)c(O)c(O)c2)cc1O)c1cc(O)c(O)c(O)c1,PT_0383
O=C(O)c1cc(O)c(O)c(OC(=O)c2cc(O)c(O)c(O)c2)c1,PT_0384
O=C(C(=O)[C@@](O)(C(=O)c1cc(O)c(O)c(O)c1)[C@](O)(C(=O)c1cc(O)c(O)c(O)c1)[C@H](O)[C@H](O)CO)c1cc(O)c(O)c(O)c1,PT_0385
COc1cc(O)c2c(=O)cc(-c3ccc(OC)c(OC)c3)oc2c1,PT_0387
O=c1cc(-c2ccc(O)cc2)oc2cccc(OC[C@@H]3O[C@H](CO)[C@@H](O)[C@H](O)[C@H]3O)c12,PT_0388
O=C(O)/C=C/c1ccccc1,PT_0389
COc1cc2ccc(=O)oc2c(OC)c1OC,PT_0390
COc1cc2ccc(=O)oc2cc1OC,PT_0391
C=C1CC[C@@H]2[C@H]([C@H]3[C@H]1CC[C@]3(C)O)C2(C)C,PT_0392
O=C(O[C@H]1Cc2c(O)cc(O)cc2O[C@H]1c1ccc(O)c(O)c1)c1cc(O)c(O)c(O)c1,PT_0393
O=C(O[C@@H]1Cc2c(O)cc(O)cc2O[C@@H]1c1cc(O)c(O)c(O)c1)c1cc(O)c(O)c(O)c1,PT_0394
CCCCCCC(=O)c1cc(O)c(O)c(O)c1,PT_0395
C=C1CC[C@@H]2[C@](C)(CO)[C@H](O)CC[C@@]2(C)[C@@H]1CCC1=CCOC1=O,PT_0397
CC1=C(C=O)C(C)(C)C[C@H](O[C@@H]2O[C@H](CO)[C@@H](O)[C@H](O)[C@H]2O)C1,PT_0402
CC(C)=CCC/C(C)=C/C=O,PT_0404
Cc1ccc(NC(=O)c2ccc(CN3CCN(C)CC3)cc2)cc1Nc1nccc(-c2cccnc2)n1,PT_0405
CC(C)=CCCC(C)CC=O,PT_0407
Cc1ccc(C(C)C)c(O)c1,PT_0408
Cc1cc(O)c(C(C)C)cc1O,PT_0409
CC(C)C1=CC(=O)C2(C)C(C1=O)C1(C)C(=O)C=C(C(C)C)C(=O)C21,PT_0411
CC(C)=CCC[C@](C)(O)[C@H]1CC[C@]2(C)[C@@H]1[C@H](O)C[C@@H]1[C@@]3(C)CC[C@H](O[C@@H]4O[C@H](CO)[C@@H](O)[C@H](O)[C@H]4O[C@@H]4O[C@H](CO)[C@@H](O)[C@H](O)[C@H]4O)C(C)(C)[C@@H]3CC[C@]12C,PT_0412
CC(C)=CCC[C@](C)(O[C@@H]1O[C@H](CO)[C@@H](O)[C@H](O)[C@H]1O)[C@H]1CC[C@]2(C)[C@@H]1[C@H](O)C[C@@H]1[C@@]3(C)CC[C@H](O)C(C)(C)[C@@H]3[C@@H](O[C@@H]3O[C@H](CO)[C@@H](O)[C@H](O)[C@H]3O[C@@H]3O[C@@H](C)[C@H](O)[C@@H](O)[C@H]3O)C[C@]12C,PT_0413
Cc1coc2c1C(=O)C(=O)c1c-2ccc2c(C)cccc12,PT_0414
Cc1coc2c1C(=O)C(=O)c1c-2ccc2c1CCCC2(C)C,PT_0415
O=C(/C=C/c1ccc(O)c(O)c1/C=C/c1ccc(O)c(O)c1)O[C@H](Cc1ccc(O)c(O)c1)C(=O)O,PT_0416
CCCCC[C@H](O)C[C@H](O)CCc1ccc(O)c(OC)c1,PT_0417
CCCCCC(=O)CC(=O)CCc1ccc(O)c(OC)c1,PT_0419
COc1cc(CNC(=O)CCCC/C=C/C(C)C)ccc1O,PT_0420
COc1cc(/C=C/C(=O)CC(=O)/C=C/c2ccc(O)c(OC)c2)ccc1O,PT_0421
CCCCC/C=C/C(=O)CCc1ccc(O[Si](C)(C)C)c(OC)c1,PT_0422
C[C@@H]1CC[C@@]2(OC1)O[C@H]1C[C@H]3[C@@H]4CC[C@H]5C[C@@H](O)CC[C@]5(C)[C@H]4CC[C@]3(C)[C@H]1[C@@H]2C,PT_0423
C[C@H]1CC[C@@]2(OC1)O[C@H]1C[C@H]3[C@@H]4CC[C@H]5C[C@@H](O)CC[C@]5(C)[C@H]4CC[C@]3(C)[C@H]1[C@@H]2C,PT_0424
C[C@@H]1CC[C@@]2(OC1)O[C@H]1C[C@H]3[C@@H]4CC[C@H]5C[C@@H](O)CC[C@]5(C)[C@H]4CC(=O)[C@]3(C)[C@H]1[C@@H]2C,PT_0425
C[C@H]1CC[C@@]2(OC1)O[C@@]1(C)C[C@H]3[C@@H]4CC[C@H]5C[C@@H](O)CC[C@]5(C)[C@H]4CC(=O)[C@]3(C)[C@H]1[C@@H]2C,PT_0426
C[C@@H]1CC[C@@]2(OC1)O[C@H]1C[C@H]3[C@@H]4CC[C@H]5C[C@@H](O)[C@H](O)C[C@]5(C)[C@H]4CC[C@]3(C)[C@H]1[C@@H]2C,PT_0427
C[C@@H]1CC[C@@]2(OC1)O[C@H]1C[C@H]3[C@@H]4CC=C5C[C@@H](O)CC[C@]5(C)[C@H]4CC[C@]3(C)[C@H]1[C@@H]2C,PT_0428
COC1=CC=C2[C@H]3Cc4ccc(OC)c5c4[C@@]2(CCN3C)[C@H]1O5,PT_0431
COc1ccc(Cc2nccc3cc(OC)c(OC)cc23)cc1OC,PT_0433
COc1ccc(C2CC(=O)c3c(OC)cc(OC)cc3O2)c(OC)c1,PT_0434
COc1c(O)cc(C2Oc3c(c(O)cc(O)c3C3c4c(O)cc(O)cc4CC(c4ccc(O)cc4)C3O)CC2O)cc1O,PT_0435
O=c1oc2c(O)c(O)cc3c(=O)oc4c(O)c(O)cc1c4c23,PT_0436
CC1(C)CC[C@]2(C(=O)O)CC[C@]3(C)C(=CC[C@@H]4[C@@]5(C)C[C@@H](O)[C@H](O)C(C)(C)[C@@H]5CC[C@]43C)[C@@H]2[C@@H]1O,PT_0438
COc1ccc(-c2cc(=O)c3c(OC)c(OC)c(OC)cc3o2)cc1OC,PT_0439
COc1ccc(-c2cc(=O)c3c(OC)c(OC)c(OC)cc3o2)cc1,PT_0440
COc1ccc(-c2cc(=O)c3c(O)c(OC)c(OC)cc3o2)cc1O,PT_0441
COc1ccc(-c2cc(=O)c3c(O)c(OC)c(OC)cc3o2)cc1OC,PT_0442
C=C[C@@]1(C)C[C@@H](OC(=O)c2ccccc2)[C@H]2[C@](O)(C1=O)[C@H](OC(C)=O)C[C@H]1C(C)(C)[C@H](O)[C@H](OC(C)=O)[C@H](OC(=O)c3ccccc3)[C@@]12C,PT_0443
C=C[C@@]1(C)C[C@@H](OC(=O)c2ccccc2)[C@H]2[C@](O)(C1=O)[C@H](OC(C)=O)C[C@H]1C(C)(C)[C@H](OC(C)=O)[C@H](O)[C@H](OC(=O)c3ccccc3)[C@@]12C,PT_0444
C=C[C@@]1(C)CC(=O)[C@H]2[C@](O)(C1=O)[C@H](OC(C)=O)C[C@H]1C(C)(C)[C@H](OC(=O)c3ccccc3)[C@H](OC(C)=O)[C@H](OC(=O)c3ccccc3)[C@@]12C,PT_0445
C=C[C@@]1(C)C[C@@H](OC(=O)c2ccccc2)[C@H]2[C@](O)(C1=O)[C@H](OC(C)=O)C[C@H]1C(C)(C)C(=O)[C@H](OC(C)=O)[C@H](OC(=O)c3ccccc3)[C@@]12C,PT_0446
C=C[C@H]1[C@@H](OC(=O)c2ccccc2)[C@H]2[C@](O)(C(=O)[C@@]1(C)O)[C@H](OC(C)=O)C[C@H]1C(C)(C)[C@H](O)[C@H](OC(C)=O)[C@H](OC(=O)c3ccccc3)[C@@]12C,PT_0447
C=CC1[C@@H](OC(=O)c2ccccc2)[C@H]2[C@](O)(C(=O)[C@]1(C)O)[C@H](OC(C)=O)C[C@H]1C(C)(C)[C@H](OC(C)=O)[C@H](O)[C@H](OC(=O)c3ccccc3)[C@@]12C,PT_0448
COc1cc(O)c2c(=O)c(OC)c(-c3ccc(OC)c(OC)c3)oc2c1,PT_0449
C=C1CC23CCC4[C@@](C)(CCC[C@@]4(C)C(=O)O)C2[C@@H](OC(C)=O)CC1C3,PT_0450
C=C1[C@@H]2CCC3[C@]4(C)CCC[C@@](C)(C(=O)O)C4CC[C@]3(C2)[C@@H]1OC(C)=O,PT_0451
C=C1C[C@@]23CC[C@H]4[C@@](C)(CCC[C@@]4(C)C(=O)O)[C@@H]2CC[C@@H]1C3,PT_0452
C=C1CC2(CCC3[C@@]4(C)CCC[C@]3(C)OC4=O)CC1CCC2=O,PT_0453
C=C1C(=O)C23CCC4[C@@](C)(CCC[C@@]4(C)C(=O)O)C2CCC1C3,PT_0454
Oc1ccc(/C=C/c2cc(O)cc(O)c2)cc1,PT_0455
COc1cc2c(cc1O)C[C@@H]1NCCc3cc(OC)c(OC)c-2c31,PT_0457
CN1C2=C3N=c4ccccc4=C3CCN2C(=O)c2ccccc21,PT_0458
CC[C@H]1CN2CCc3c([nH]c4ccccc34)[C@@H]2C[C@@H]1/C(=C\OC)C(=O)OC,PT_0459
CC[C@H]1CN2CC[C@@]3(C(=O)Nc4ccccc43)[C@@H]2C[C@@H]1/C(=C\OC)C(=O)OC,PT_0460
COc1ccc(C[C@@H]2c3cc(Oc4cc(C[C@@H]5c6cc(O)c(OC)cc6CCN5C)ccc4O)c(OC)cc3CCN2C)cc1,PT_0461
CN1[C@@H](CC(=O)c2ccccc2)CCC[C@H]1C[C@H](O)c1ccccc1,PT_0462
CC1=C2C[C@H]3[C@@H](C[C@@H](O)[C@H]4C[C@@H](O)CC[C@@]43C)[C@@H]2CC[C@@H]1[C@@H](C)[C@@H]1[C@H](O)C[C@@H](C)CN1C,PT_0464
CC1=C2C[C@H]3[C@@H](CC(=O)[C@H]4C[C@@H](O)CC[C@@]43C)[C@@H]2CC[C@@H]1[C@@H](C)[C@@H]1[C@H](O)C[C@@H](C)CN1C,PT_0465
C[C@@H]1C[C@@H](O)[C@@H]([C@H](C)[C@H]2CCC3=C(C[C@H]4C3=CC(=O)[C@H]3C[C@@H](O)CC[C@@]34C)[C@H]2C)N(C)C1,PT_0466
C=C/C(C)=C/C[C@@H]1C(=C)CCC2[C@@](C)(C(=O)O)CCC[C@]21C,PT_0468
CC(C)[C@]12O[C@H]1[C@@H]1O[C@]13[C@]1(O[C@H]1C[C@H]1C4=C(CC[C@@]13C)C(=O)OC4)[C@@H]2O,PT_0469
C/C=C(/C)C(=O)O[C@H]1[C@@H](OC(C)=O)c2c(ccc3ccc(=O)oc23)OC1(C)C,PT_0470
C/C=C(/C)C(=O)O[C@H](COc1c2ccoc2cc2oc(=O)ccc12)C(C)(C)O,PT_0471
COc1cc(O)cc(O)c1C(=O)/C=C/c1ccccc1,PT_0473
COc1cc(O)cc2c1C(=O)C[C@@H](c1ccccc1)O2,PT_0474
CC1(C)C=Cc2c(ccc3c2O[C@@H](O)[C@@H]2c4ccc(O)cc4O[C@H]32)O1,PT_0475
O=C(/C=C/c1ccc(O)c2c1C(C(=O)OC(Cc1ccc(O)c(O)c1)C(=O)[O-])C(c1ccc(O)c(O)c1)O2)OC(Cc1ccc(O)c(O)c1)C(=O)[O-].[Mg+2],PT_0476
C=CCCC[C@@H](C)C1CCC2C3CCC4C[C@H](OS(=O)(=O)O)[C@@H](OS(=O)(=O)O)C[C@]4(C)C3CC[C@@]21C,PT_0477
CC1(C)C=C2C3CC[C@@H]4[C@@]5(C)CCC(=O)C(C)(C)[C@@H]5CC[C@@]4(C)[C@]3(C)CC[C@@]2(C(=O)O)CC1,PT_0478
C=C(C)[C@@H]1CC[C@]2(C)CC[C@]3(C)[C@H](CC[C@@H]4[C@@]5(C)CC[C@H](OC(C)=O)C(C)(C)[C@@H]5CC[C@]43C)[C@@H]12,PT_0480
C[C@@H]1O[C@@H](O[C@H]2C(=O)c3c(O)cc(O)cc3O[C@H]2c2ccc(O)c(O)c2)[C@H](O)[C@H](O)[C@H]1O,PT_0482
C/C(=C\CNc1ncnc2nc[nH]c12)CO,PT_0484
CC1(C)C=Cc2c(ccc3ccc(=O)oc23)O1,PT_0485
c1cc2c(cc1[C@H]1OC[C@H]3[C@@H]1CO[C@@H]3c1ccc3c(c1)OCO3)OCO2,PT_0486
CC(C)[C@H](C)CC[C@@H](C)[C@H]1CC[C@H]2[C@@H]3CC=C4C[C@@H](O)CC[C@]4(C)[C@H]3CC[C@]12C,PT_0487
Cc1cc(O)c2c(c1)C(=O)c1cc(O)cc(O)c1C2=O,PT_0488
CCCCCCCCCCCCCCCCCCCCCCCCCCCC(=O)O,PT_0489
NC(=O)[S-],PT_0490
COC(=O)c1ccc(O)cc1,PT_0491
COc1c(O)ccc2c1-c1c3c(cc4c1[C@H](C2)NCC4)OCO3,PT_0492
c1cc2c(c3c1CC1NCCc4cc5c(c-3c41)OCO5)OCO2,PT_0493
COC(=O)N1c2c(OC)cccc2[C@@]23CCN4CC=C[C@]5(CC[C@]12[C@](O)(C(=O)OC)[C@@H]5O)[C@H]43,PT_0494
COc1c2ccccc2nc2occc12,PT_0496
C=C(C)C(Cc1c(OC)ccc(C(=O)/C=C/c2ccc(O)cc2)c1O)OO,PT_0497
COc1ccc(C(=O)/C=C/c2ccc(O)cc2)c(O)c1C/C=C(\C)CCC=C(C)C,PT_0498
CCOC(=O)C1=C(C)NC(C)=C(C(=O)OCC)C1c1ccccc1/C=C/C(=O)OC(C)(C)C,SD_001
CCOC(=O)C1=C(C)NC(C)=C(C(=O)OCC)C1c1ccccc1/C=C/C(=O)NC(C)(C)C,SD_002
CCOC(=O)C1=C(C)NC(C)=C(C(=O)OCC)C1c1ccccc1/C=C/C(=O)NCC(C)C,SD_003
CCOC(=O)C1=C(C)NC(C)=C(C(=O)OCC)C1c1ccccc1/C=C/C(=O)N(CC)CC,SD_004
CCCCN(C)C(=O)/C=C/c1ccccc1C1C(C(=O)OCC)=C(C)NC(C)=C1C(=O)OCC,SD_005
CCOC(=O)C1=C(C)NC(C)=C(C(=O)OCC)C1c1ccccc1/C=C/C(=O)N(C)C(C)(C)C,SD_006
CCCCCN(CCCCC)C(=O)/C=C/c1ccccc1C1C(C(=O)OCC)=C(C)NC(C)=C1C(=O)OCC,SD_007
CCCCc1nc(Cl)c(C(=O)N[C@@H](Cc2ccccc2)C(=O)OC)n1C,SD_008
CCCCc1nc(Cl)c(C(=O)N[C@@H](Cc2cc3ccccc3[nH]2)C(=O)OC)n1C,SD_009
CCCCc1nc(Cl)c(C(=O)N[C@H](C(=O)O)[C@@H](C)CC)n1C,SD_010
CCCCc1nc(Cl)c(C(=O)N[C@@H](CCSC)C(=O)O)n1C,SD_011
CCCCc1nc(Cl)c(C(=O)N[C@@H](Cc2ccccc2)C(=O)O)n1C,SD_012
CCOC(=O)[C@H](CCc1ccccc1)N[C@@H](C)C(=O)N1Cc2ccccc2C[C@H]1C(=O)O,SD_013
C[C@H](N[C@@H](CCc1ccccc1)C(=O)O)C(=O)N1Cc2ccccc2C[C@H]1C(=O)O,SD_014
CCCOC(=O)[C@H](CCc1ccccc1)N[C@@H](C)C(=O)N1N=C(C(C)(C)C)S[C@H]1C(=O)O,SD_015
C[C@H](N[C@@H](CCc1ccccc1)C(=O)O)C(=O)N1N=C(C(C)(C)C)S[C@H]1C(=O)O,SD_016
CNC(=S)C1=CC(C)(C)Oc2ccc([N+](=O)[O-])cc21,SD_017
CNC(=O)C1=CC(C)(C)Oc2ccc([N+](=O)[O-])cc21,SD_018
CC1(C)C=C(C(=S)NCCC#N)c2cc([N+](=O)[O-])ccc2O1,SD_019
CC1(C)C=C(C(=O)NCCC#N)c2cc([N+](=O)[O-])ccc2O1.O,SD_020
CNC(=S)C1=CC(C)(CF)Oc2ccc([N+](=O)[O-])cc21,SD_021
CNC(=O)C1=CC(C)(CF)Oc2ccc([N+](=O)[O-])cc21,SD_022
CC1(CF)C=C(C(=S)NCCC#N)c2cc([N+](=O)[O-])ccc2O1,SD_023
CC1(CF)C=C(C(=O)NCCC#N)c2cc([N+](=O)[O-])ccc2O1,SD_024
CNC(=S)C1=CC(CF)(CF)Oc2ccc([N+](=O)[O-])cc21,SD_025
CNC(=O)C1=CC(CF)(CF)Oc2ccc([N+](=O)[O-])cc21,SD_026
N#CCCNC(=S)C1=CC(CF)(CF)Oc2ccc([N+](=O)[O-])cc21,SD_027
N#CCCNC(=O)C1=CC(CF)(CF)Oc2ccc([N+](=O)[O-])cc21,SD_028
CNC(=S)C1=CC(C)(C(F)(F)F)Oc2ccc([N+](=O)[O-])cc21,SD_029
CNC(=O)C1=CC(C)(C(F)(F)F)Oc2ccc([N+](=O)[O-])cc21,SD_030
CC1(C(F)(F)F)C=C(C(=S)NCCC#N)c2cc([N+](=O)[O-])ccc2O1,SD_031
CC1(C(F)(F)F)C=C(C(=O)NCCC#N)c2cc([N+](=O)[O-])ccc2O1,SD_032
CNC(=S)C1=CC(C(F)(F)F)(C(F)(F)F)Oc2ccc([N+](=O)[O-])cc21,SD_033
CNC(=O)C1=CC(C(F)(F)F)(C(F)(F)F)Oc2ccc([N+](=O)[O-])cc21,SD_034
N#CCCNC(=S)C1=CC(C(F)(F)F)(C(F)(F)F)Oc2ccc([N+](=O)[O-])cc21,SD_035
N#CCCNC(=O)C1=CC(C(F)(F)F)(C(F)(F)F)Oc2ccc([N+](=O)[O-])cc21,SD_036
N#Cc1ccc2c(c1)[C@@H](N1CCCC1)CCO2,SD_037
CC(N/C(=N\C#N)Nc1ccncc1)C(C)(C)C,SD_038
CNC(=S)[C@]1(c2cccnc2)CCCCS1=O,SD_039
CCc1nc2ccc(C3Nc4c(C)cccc4O3)cc2n1Cc1cccc2c1CCN2c1ccccc1C(=O)O,SD_040
CCCc1nc2ccc(C3Nc4c(C)cccc4O3)cc2n1Cc1cccc2c1CCN2c1ccccc1C(=O)O,SD_041
CCCCc1nc2ccc(C3Nc4c(C)cccc4O3)cc2n1Cc1cccc2c1CCN2c1ccccc1C(=O)O,SD_042
CCc1nc2ccc(C3Nc4cccc(C)c4O3)cc2n1Cc1cccc2c1CCN2c1ccccc1C(=O)O,SD_043
CCCc1cc2ccc(C3Nc4cccc(C)c4O3)cc2n1Cc1cccc2c1CCN2c1ccccc1C(=O)O,SD_044
CCCCc1cc2ccc(C3Nc4cccc(C)c4O3)cc2n1Cc1cccc2c1CCN2c1ccccc1C(=O)O,SD_045
CCc1cc2ccc(C3Nc4c(C)cccc4O3)cc2n1Cc1cccc2c1CCN2c1ccccc1C(=O)O,SD_046
CCCc1cc2ccc(C3Nc4c(C)cccc4O3)cc2n1Cc1cccc2c1CCN2c1ccccc1C(=O)O,SD_047
CCCCc1cc2ccc(C3Nc4c(C)cccc4O3)cc2n1Cc1cccc2c1CCN2c1ccccc1C(=O)O,SD_048
CCc1cc2ccc(C3Nc4cccc(C)c4O3)cc2n1Cc1cccc2c1CCN2c1ccccc1C(=O)O,SD_049
CCCCc1nc(Cl)c(CO)n1Cc1ccc(-c2ccccc2-c2nnn[nH]2)cc1,SD_052
O=c1c2ccccc2nc2n(Cc3ccccc3)cnn12,SD_053
Cc1nn2c(=O)c3ccccc3nc2n1Cc1ccccc1,SD_054
CCCc1nn2c(=O)c3ccccc3nc2n1Cc1ccccc1,SD_055
O=c1c2ccccc2nc2n(Cc3ccccc3)c(CCl)nn12,SD_056
CN1CC[C@]23c4c5ccc(OCc6nn7c(=O)c8ccccc8nc7n6Cc6ccccc6)c4O[C@H]2[C@@H](O)C=C[C@H]3[C@H]1C5,SD_057
O=c1c2ccccc2nc2n(Cc3ccccc3)c(CN3CCCCC3)nn12,SD_058
O=c1c2ccccc2nc2n(Cc3ccccc3)c(-c3ccccc3)nn12,SD_059
Cc1ccc(-c2nn3c(=O)c4ccccc4nc3n2Cc2ccccc2)cc1,SD_060
COc1ccc(-c2nn3c(=O)c4ccccc4nc3n2Cc2ccccc2)cc1,SD_061
CCOc1ccc(-c2nn3c(=O)c4ccccc4nc3n2Cc2ccccc2)cc1,SD_062
COc1cc2nc(N3CCN(C(=O)c4ccco4)CC3)nc(N)c2cc1OC,SD_063
COc1ccc(CC2C(=O)CCN2C(=O)C(C)CS)cc1,SD_064
COc1ccc(CC2C(=NO)CCN2C(=O)C(C)CS)cc1,SD_065
COc1ccc(CC2C(=NCCO)CCN2C(=O)C(C)CS)cc1,SD_066
CCOC(=O)C(C)N=C1CCN(C(=O)C(C)CS)C1Cc1ccc(OC)cc1,SD_067
FC(F)(F)c1ccc2[nH]c(-c3ccccc3)nc2c1,SD_069
COc1ccccc1-c1nc2cc(C(F)(F)F)ccc2[nH]1,SD_070
CCOc1ccccc1-c1nc2cc(C(F)(F)F)ccc2[nH]1,SD_071
O=[N+]([O-])c1ccccc1-c1nc2cc(C(F)(F)F)ccc2[nH]1,SD_072
Oc1ccc(-c2nc3cc(C(F)(F)F)ccc3[nH]2)cc1,SD_073
CCCOc1ccc(-c2nc3cc(C(F)(F)F)ccc3[nH]2)cc1,SD_074
CN(C)c1ccc(-c2nc3cc(C(F)(F)F)ccc3[nH]2)cc1,SD_075
COc1cc(-c2nc3cc(C(F)(F)F)ccc3[nH]2)ccc1O,SD_076
FC(F)(F)c1ccc2[nH]c(-c3ccc4c(c3)OCO4)nc2c1,SD_077
O=[N+]([O-])c1ccc2[nH]c(-c3ccccc3)nc2c1,SD_078
COc1ccccc1-c1nc2cc([N+](=O)[O-])ccc2[nH]1,SD_079
CCOc1ccccc1-c1nc2cc([N+](=O)[O-])ccc2[nH]1,SD_080
COc1cc(-c2nc3cc([N+](=O)[O-])ccc3[nH]2)ccc1O,SD_081
COc1ccc(-c2nc3cc([N+](=O)[O-])ccc3[nH]2)cc1OC,SD_082
COc1ccc(-c2nc3cc([N+](=O)[O-])ccc3[nH]2)c(OC)c1OC,SD_083
CCCCC(=O)N(Cc1ccc(-c2ccccc2-c2noc(=O)[nH]2)cc1)[C@@H](CCC)C(=O)O,SD_084
CCCC(=O)N(Cc1ccc(-c2ccccc2-c2noc(=O)[nH]2)cc1)[C@@H](CC)C(=O)O,SD_085
CCC[C@@H](C(=O)O)N(Cc1ccc(-c2ccccc2-c2noc(=O)[nH]2)cc1)C(=O)CC,SD_086
CCCCC(=O)N(Cc1ccc(-c2ccccc2-c2noc(=O)[nH]2)cc1)[C@@H](CCCC)C(=O)O,SD_087
CCCC[C@@H](C(=O)O)N(Cc1ccc(-c2ccccc2-c2noc(=O)[nH]2)cc1)C(=O)CCC,SD_088
CCCC[C@@H](C(=O)O)N(Cc1ccc(-c2ccccc2-c2noc(=O)[nH]2)cc1)C(=O)Cc1ccccc1,SD_089
CCC[C@@H](C(=O)O)N(Cc1ccc(-c2ccccc2-c2noc(=O)[nH]2)cc1)C(=O)Cc1ccccc1,SD_090
CCCC(=O)N(Cc1ccc(-c2cc(F)ccc2-c2noc(=O)[nH]2)cc1)[C@@H](CCC)C(=O)O,SD_091
CCCCC(=O)N(Cc1ccc(-c2ccccc2-c2nnn[nH]2)cc1)[C@H](C(=O)O)C(C)C,SD_092
NCCCC[C@H](N[C@@H](CCc1ccccc1)C(=O)O)C(=O)N1CCC[C@H]1C(=O)O,SD_094
CCOC(=O)[C@H](CCc1ccccc1)N[C@@H](C)C(=O)N1[C@H](C(=O)O)C[C@@H]2CCC[C@@H]21,SD_095
CCOC(=O)[C@H](CCc1ccccc1)N[C@H]1CCc2ccccc2N(CC(=O)O)C1=O,SD_096
O=C1[C@@H]2C[C@@H](O)CN2C(=O)c2ccccc2N1Cc1cccc(Br)c1,SD_097
O=C1[C@@H]2C[C@@H](O)CN2C(=O)c2ccccc2N1Cc1ccc(Br)cc1,SD_098
COc1cc(CN2C(=O)[C@@H]3C[C@@H](O)CN3C(=O)c3ccccc32)cc(OC)c1OC,SD_099
O=C1[C@@H]2C[C@@H](O)CN2C(=O)c2ccccc2N1Cc1cc(Br)cs1,SD_100
CCc1nc2cc([N+](=O)[O-])ccc2n1Cc1cccc2c1ccn2-c1ccccc1C(=O)O,SD_108
CCCc1nc2cc([N+](=O)[O-])ccc2n1Cc1cccc2c1ccn2-c1ccccc1C(=O)O,SD_109
CCCCc1nc2cc([N+](=O)[O-])ccc2n1Cc1cccc2c1ccn2-c1ccccc1C(=O)O,SD_110
CCCCCc1nc2cc([N+](=O)[O-])ccc2n1Cc1cccc2c1ccn2-c1ccccc1C(=O)O,SD_111
CCCc1nc2cc([N+](=O)[O-])ccc2n1Cc1ccc2c(ccn2-c2ccccc2C(=O)O)c1,SD_112
CCCCc1nc2cc([N+](=O)[O-])ccc2n1Cc1ccc2c(ccn2-c2ccccc2C(=O)O)c1,SD_113
CNCC(O)c1cccc(O)c1,SD_115
COc1cc2nc(N3CCN(C(=O)C4CCCO4)CC3)nc(N)c2cc1OC,SD_116
Cl.O=C1CCCN1CCCCN1CCN(C(c2ccc(F)cc2)c2ccc(F)cc2)CC1,SD_117
Cl.O=C1CCCN1CCCCN1CCN(c2ccccc2Cl)CC1,SD_118
Cc1ccccc1N1CCN(CCCCN2CCCC2=O)CC1.Cl,SD_121
Cl.O=C1CCCN1CCCCN1CCN(c2ccccc2O)CC1,SD_123
Cl.O=C1CCCN1CCCCN1CCN(c2ccc(F)cc2F)CC1,SD_124
Cl.O=C1CCCN1CCCCN1CCN(C(c2ccccc2)c2ccccc2)CC1,SD_126
COc1cc2nc(CN3CCN(c4ccccc4C#N)CC3)nc(C)c2cc1OC,SD_128
COc1cc2ncn(Cc3ccc(Oc4ccccc4)c(OC)c3)c(=O)c2cc1OC,SD_129
COc1cc2ncn(Cc3ccc(Oc4ccc(F)cc4)c(OC)c3)c(=O)c2cc1OC,SD_130
CCCCc1nc(Cl)c(COC(=O)CCc2ccc(O)c(O)c2)n1Cc1ccc(-c2ccccc2-c2nnn[nH]2)cc1,SD_131
CCCCc1ncc(COC(=O)CCc2ccc(O)c(O)c2)n1Cc1ccc(-c2ccccc2-c2nnn[nH]2)cc1,SD_132
CCCc1nc2c(C)cc(C(=O)NC[C@H](C)c3ccccc3)cc2n1Cc1ccc(-c2cccc(-c3nnn[nH]3)c2)cc1,SD_133
CCCc1nc2c(C)cc(C(=O)NCc3ccccc3)cc2n1Cc1cccc2c1ccn2-c1ccccc1C(=O)O,SD_134
CCCc1nc2c(C)cc(C(=O)NCCc3ccccc3)cc2n1Cc1ccc2c(ccn2-c2ccccc2C(=O)O)c1,SD_135
Cc1nc(C)c2c(n1)N(Cc1ccc(-c3ccccc3-c3nnn[nH]3)cc1)C(=O)CC2,SD_136
Cc1nc2c(c(C(F)(F)F)n1)CCC(=O)N2Cc1ccc(-c2ccccc2-c2nnn[nH]2)cc1,SD_137
Cc1nc2c(c(C(F)(F)F)n1)CC(C)C(=O)N2Cc1ccc(-c2ccccc2-c2nnn[nH]2)cc1,SD_138
Cc1nc(C)c2c(n1)N(Cc1ccc(-c3ccccc3-c3nnn[nH]3)cc1)C(=O)C(C)(C)C2,SD_139
CCc1nc(C)nc2c1CCC(=O)N2Cc1ccc(-c2ccccc2-c2nnn[nH]2)cc1,SD_140
Cc1nc(C(C)C)c2c(n1)N(Cc1ccc(-c3ccccc3-c3nnn[nH]3)cc1)C(=O)CC2,SD_141
CCCc1nc(C)nc2c1CCC(=O)N2Cc1ccc(-c2ccccc2-c2nnn[nH]2)cc1,SD_142
CCc1nc(C)c2c(n1)N(Cc1ccc(-c3ccccc3-c3nnn[nH]3)cc1)C(=O)CC2,SD_143
Cc1nc(C(C)C)nc2c1CCC(=O)N2Cc1ccc(-c2ccccc2-c2nnn[nH]2)cc1,SD_144
CCCc1nc(C)c2c(n1)N(Cc1ccc(-c3ccccc3-c3nnn[nH]3)cc1)C(=O)CC2,SD_145
Cc1nc(CO)c2c(n1)N(Cc1ccc(-c3ccccc3-c3nnn[nH]3)cc1)C(=O)CC2,SD_146
Cc1nc(C=O)c2c(n1)N(Cc1ccc(-c3ccccc3-c3nnn[nH]3)cc1)C(=O)CC2,SD_147
Cc1nc(CO)nc2c1CCC(=O)N2Cc1ccc(-c2ccccc2-c2nnn[nH]2)cc1,SD_148
Cc1nc(C)c2c(n1)N(Cc1ccc(-c3ccccc3-c3nnn[nH]3)cc1)CCC2,SD_149
Cc1nc(C)c2c(n1)N(Cc1ccc(-c3ccccc3C(=O)O[K])cc1)C(=O)CC2.O,SD_150
Cc1nc(C)c2c(n1)N(Cc1ccc(-c3ccccc3-c3nnn[nH]3)nc1)C(=O)CC2,SD_152
Cc1nc(C)c2c(n1)N(Cc1ccc(-c3ccccc3-c3nnn[nH]3)cn1)C(=O)CC2,SD_154
C[C@H](NC(CCc1ccccc1)C(=O)O)C(=O)N1C(=O)NC[C@H]1C(=O)O,SD_155
CCCCCCCCC(N[C@H](C)C(=O)N1C(=O)N(C)C[C@H]1C(=O)O)C(=O)O,SD_156
CCCCCCCCC(N[C@@H](C)C(=O)N1C(=O)N(C)C[C@H]1C(=O)O)C(=O)O,SD_157
CCCCCCCCC(N[C@@H](CC)C(=O)N1C(=O)N(C)C[C@H]1C(=O)O)C(=O)O,SD_158
C[C@H](NC(CCc1ccccc1)C(=O)O)C(=O)N1C(=O)N(C)C[C@H]1C(=O)O,SD_159
CCCCN1C[C@@H](C(=O)O)N(C(=O)[C@H](C)NC(CCc2ccccc2)C(=O)O)C1=O,SD_160
CC(C)CC(N[C@@H](C)C(=O)N1C(=O)N(Cc2ccccc2)C[C@H]1C(=O)O)C(=O)O,SD_161
CC(C)CCC(N[C@@H](C)C(=O)N1C(=O)N(Cc2ccccc2)C[C@H]1C(=O)O)C(=O)O,SD_162
CCCCCCCCC(N[C@@H](C)C(=O)N1C(=O)N(Cc2ccccc2)C[C@H]1C(=O)O)C(=O)O,SD_163
CCCCCCCCC(N[C@@H](CC)C(=O)N1C(=O)N(Cc2ccccc2)C[C@H]1C(=O)O)C(=O)O,SD_164
C[C@H](NC(Cc1ccccc1)C(=O)O)C(=O)N1C(=O)N(Cc2ccccc2)C[C@H]1C(=O)O,SD_165
C[C@@H](NC(CCc1ccccc1)C(=O)O)C(=O)N1C(=O)N(Cc2ccccc2)C[C@H]1C(=O)O,SD_166
C[C@H](NC(CCc1ccccc1)C(=O)O)C(=O)N1C(=O)N(Cc2ccccc2)C[C@H]1C(=O)O,SD_167
CC[C@H](NC(CCc1ccccc1)C(=O)O)C(=O)N1C(=O)N(Cc2ccccc2)C[C@H]1C(=O)O,SD_168
C[C@H](N[C@@H](CCc1ccccc1)C(=O)O)C(=O)N1CCC[C@H]1C(=O)O,SD_169
CCCCCCCCC(N[C@@H](C)C(=O)N1C(=O)N(C)C[C@H]1C(=O)O)C(=O)OCC,SD_170
CCOC(=O)C(CCc1ccccc1)N[C@@H](C)C(=O)N1C(=O)N(C)C[C@H]1C(=O)O,SD_171
CCOC(=O)C(CCc1ccccc1)N[C@H](C)C(=O)N1C(=O)N(C)C[C@H]1C(=O)O,SD_172
C.CCCCCCCCC(N[C@@H](C)C(=O)N1C(=O)N(Cc2ccccc2)C[C@H]1C(=O)O)C(=O)OCC,SD_173
NNc1ccc(-c2ccccc2)nn1,SD_175
NNc1ccc(-c2ccc(Cl)cc2)nn1,SD_176
COc1ccccc1-c1ccc(NN)nn1,SD_177
COc1ccc(-c2ccc(NN)nn2)cc1,SD_178
c1ccc(-c2ccc(-n3ccnc3)nn2)cc1,SD_179
Clc1ccc(-c2ccc(-n3ccnc3)nn2)cc1,SD_180
COc1ccccc1-c1ccc(-n2ccnc2)nn1,SD_181
COc1ccc(-c2ccc(-n3ccnc3)nn2)cc1,SD_182
c1cnnc(-c2ccccc2N2CCCC2)c1,SD_183
Clc1ccc(-c2ccc(N3CCCC3)nn2)cc1,SD_184
COc1ccccc1-c1ccc(N2CCCC2)nn1,SD_185
Cc1cc(C)n(-c2ccc(-c3ccccc3)nn2)n1,SD_186
Cc1cc(C)n(-c2ccc(-c3ccc(Cl)cc3)nn2)n1,SD_187
COc1ccccc1-c1ccc(-n2nc(C)cc2C)nn1,SD_188
COc1ccc(-c2ccc(-n3nc(C)cc3C)nn2)cc1,SD_189
N#Cc1cnn(-c2ccc(-c3ccccc3)nn2)c1N,SD_190
N#Cc1cnn(-c2ccc(-c3ccc(Cl)cc3)nn2)c1N,SD_191
COc1ccccc1-c1ccc(-n2ncc(C#N)c2N)nn1,SD_192
COc1ccc(-c2ccc(-n3ncc(C#N)c3N)nn2)cc1,SD_193
CCOC(=O)c1cnn(-c2ccc(-c3ccccc3)nn2)c1N,SD_194
CCOC(=O)c1cnn(-c2ccc(-c3ccc(Cl)cc3)nn2)c1N,SD_195
CCOC(=O)c1cnn(-c2ccc(-c3ccccc3OC)nn2)c1N,SD_196
CCOC(=O)c1cnn(-c2ccc(-c3ccc(OC)cc3)nn2)c1N,SD_197
O=C(NNc1ccc(-c2ccc(Cl)cc2)nn1)NC1CCCCC1,SD_198
COc1ccccc1-c1ccc(NNC(=O)NC2CCCCC2)nn1,SD_199
O=C(NNc1ccc(-c2ccc(Cl)cc2)nn1)Nc1ccccc1,SD_200
FC(F)(F)c1ccc(/C=N/Nc2ccc(-c3ccc(Cl)cc3)nn2)cc1,SD_201
COc1ccc(-c2ccc(N/N=C/c3ccc(C(F)(F)F)cc3)nn2)cc1,SD_202
COc1ccc(/C=N/Nc2ccc(-c3ccc(Cl)cc3)nn2)cc1,SD_203
COc1ccc(/C=N/Nc2ccc(-c3ccc(OC)cc3)nn2)cc1,SD_204
COc1ccc(/C=N/Nc2ccc(-c3ccc(Cl)cc3)nn2)c(OC)c1,SD_205
COc1ccc(/C=N/Nc2ccc(-c3ccccc3OC)nn2)c(OC)c1,SD_206
COc1cc(/C=N/Nc2ccc(-c3ccc(Cl)cc3)nn2)cc(OC)c1OC,SD_207
COc1ccccc1-c1ccc(N/N=C/c2cc(OC)c(OC)c(OC)c2)nn1,SD_208
CCOC(=O)[C@H](CCc1ccccc1)N[C@@H](C)C(=O)N1CC2(C[C@H]1C(=O)O)SCCS2,SD_209
C[C@H](N[C@@H](CCc1ccccc1)C(=O)O)C(=O)N1CC2(C[C@H]1C(=O)O)SCCS2,SD_211
C[C@H](N[C@H](CCc1ccccc1)C(=O)O)C(=O)N1CC2(C[C@H]1C(=O)O)SCCS2,SD_212
NCCC[C@H](N[C@@H](CCc1ccccc1)C(=O)O)C(=O)N1CC2(C[C@H]1C(=O)O)SCCS2,SD_213
CCOC(=O)[C@H](CCc1ccccc1)NCC(=O)N1CC2(C[C@H]1C(=O)O)SCCS2,SD_214
CCOC(=O)[C@H](CCc1ccccc1)N[C@@H](C)C(=O)N1CCC[C@H]1C(=O)O,SD_215
CCOC(=O)C(CCc1ccccc1)OC(C)C(=O)N1CCC[C@H]1C(=O)O,SD_219
CCOC(=O)C(CCc1ccccc1)OC(C)C(=O)N1CC2CCCCC2[C@H]1C(=O)O,SD_220
CCOC(=O)C(CCc1ccccc1)OC(C)C(=O)N1CC2CCCCC2C[C@H]1C(=O)O,SD_221
CCOC(=O)C(CCc1ccccc1)SC(C)C(=O)N1CCC[C@H]1C(=O)O,SD_222
CCOC(=O)C(CCc1ccccc1)SC(C)C(=O)N1CSC[C@H]1C(=O)O,SD_223
CCOC(=O)C(CCc1ccccc1)SC(C)C(=O)N1CC2CCCCC2[C@H]1C(=O)O,SD_224
CCOC(=O)C(CCc1ccccc1)SC(C)C(=O)N1Cc2ccccc2C[C@H]1C(=O)O,SD_225
CC(OC(CCc1ccccc1)C(=O)O)C(=O)N1CCC[C@H]1C(=O)O,SD_226
CC(OC(CCc1ccccc1)C(=O)O)C(=O)N1Cc2ccccc2C[C@H]1C(=O)O,SD_227
CC(SC(CCc1ccccc1)C(=O)O)C(=O)N1CCC[C@H]1C(=O)O,SD_228
CC(SC(CCc1ccccc1)C(=O)O)C(=O)N1CC2CCCCC2[C@H]1C(=O)O,SD_229
CC(SC(CCc1ccccc1)C(=O)O)C(=O)NC1(C(=O)O)CCCC1,SD_230
CC(S[C@@H](CCc1ccccc1)C(=O)O)C(=O)NC1(C=O)CCC(c2ccccc2)CC1,SD_231
CCOCC(CCc1ccccc1)SOC(C)C(=O)N1C2CCCCC2C[C@H]1C(=O)O,SD_232
CCOCC(CCc1ccccc1)S(=O)OC(C)C(=O)N1CCC[C@H]1C(=O)O,SD_233
CCOC(=O)C(CCc1ccccc1)S(=O)(=O)C(C)C(=O)N1CCC[C@H]1C(=O)O,SD_234
CCOC(=O)C(CCc1ccccc1)NC(C)C(=O)N1C(C(=O)O)c2ccccc2C[C@H]1C(=O)O,SD_235
CC(NC(CCc1ccccc1)C(=O)O)C(=O)N1C(C(=O)O)c2ccccc2C[C@H]1C(=O)O,SD_236
CCOC(=O)C(CCc1ccccc1)NC(C)C(=O)N1CC2CCCCC2[C@H]1C(=O)O,SD_237
CC(NC(CCc1ccccc1)C(=O)O)C(=O)N1CC2CCCCC2[C@H]1C(=O)O,SD_238
NCCCC[C@H](N[C@@H]1CCc2ccccc2N(CC(=O)O)C1=O)C(=O)O,SD_242
CCOC(=O)[C@H](CCCCN)N[C@@H]1CCc2ccccc2N(CC(=O)O)C1=O,SD_243
O=C(O)CN1C(=O)[C@H](N[C@@H](CCCCNC(=O)OCc2ccccc2)C(=O)O)CCc2ccccc21,SD_244
CCOC(=O)[C@H](CCCCNC(=O)OCc1ccccc1)N[C@@H]1CCc2ccccc2N(CC(=O)O)C1=O,SD_245
CC(C)(C)OC(=O)NCCCC[C@H](N[C@@H]1CCc2ccccc2N(CC(=O)O)C1=O)C(=O)O,SD_246
CCOC(=O)[C@H](CCCCNCOc1ccccc1)N[C@@H]1CCc2ccccc2N(CC(=O)O)C1=O,SD_247
O=C(O)CN1C(=O)[C@H](N[C@@H](COCc2ccccc2)C(=O)O)CCc2ccccc21,SD_248
CCOC(=O)[C@H](COCc1ccccc1)N[C@@H]1CCc2ccccc2N(CC(=O)O)C1=O,SD_249
O=C(O)CN1C(=O)[C@H](N[C@@H](CSCc2ccccc2)C(=O)O)CCc2ccccc21,SD_250
CCOC(=O)[C@H](CSCc1ccccc1)N[C@@H]1CCc2ccccc2N(CC(=O)O)C1=O,SD_251
O=C(O)CN1C(=O)[C@H](N[C@@H](CSCCc2ccccc2)C(=O)O)CCc2ccccc21,SD_252
O=C(O)CN1C(=O)[C@H](N[C@@H](CSc2ccccc2)C(=O)O)CCc2ccccc21,SD_253
CCOC(=O)[C@H](CSc1ccccc1)N[C@@H]1CCc2ccccc2N(CC(=O)O)C1=O,SD_254
O=C(O)CN1C(=O)[C@H](N[C@H](Cc2ccccc2)C(=O)O)CCc2ccccc21,SD_255
CCOC(=O)[C@H](Cc1ccccc1)N[C@H]1CCc2ccccc2N(CC(=O)O)C1=O,SD_256
O=C(O)CN1C(=O)[C@H](N[C@@H](CC2=c3ccccc3=NC2)C(=O)O)CCc2ccccc21,SD_257
CCOC(=O)[C@@H](CC1=c2ccccc2=NC1)N[C@@H]1CCc2ccccc2N(CC(=O)O)C1=O,SD_258
CC(C)C[C@H](N[C@@H]1CCc2ccccc2N(CC(=O)O)C1=O)C(=O)O,SD_259
COC(=O)[C@@H](CC(C)C)N[C@H]1CCc2ccccc2N(CC(=O)O)C1=O,SD_260
CCCC[C@H](N[C@@H]1CCc2ccccc2N(CC(=O)O)C1=O)C(=O)O,SD_261
CCCC[C@@H](N[C@@H]1CCc2ccccc2N(CC(=O)O)C1=O)C(=O)OCC,SD_262
CSCC[C@H](N[C@@H]1CCc2ccccc2N(CC(=O)O)C1=O)C(=O)O,SD_263
CCOC(=O)[C@@H](CCSC)N[C@@H]1CCc2ccccc2N(CC(=O)O)C1=O,SD_264
CCC[C@H](N[C@@H]1CCc2ccccc2N(CC(=O)O)C1=O)C(=O)O,SD_265
CC(CS)C(=O)NCC(=O)O,SD_267
CC(CS)C(=O)N(C)CC(=O)O,SD_268
CCN(CC(=O)O)C(=O)C(C)CS,SD_269
CC(CS)C(=O)N(CC(=O)O)C(C)C,SD_270
C.CC(=O)SCCC(=O)N(CC(=O)O)C(C)C,SD_271
CC(CS)C(=O)N(CC(=O)O)C1CC1,SD_272
CC(=O)SCC(C)C(=O)N(CC(=O)O)C1CC1,SD_273
CC(C(=O)O)N(C(=O)CCS)C1CC1,SD_274
CC(=O)SCCC(=O)N(C1CC1)C(C)C(=O)O,SD_275
CC(CS)C(=O)N(CC(=O)O)C1CCC1,SD_276
CC(=O)SCC(C)C(=O)N(CC(=O)O)C1CCC1,SD_277
CC(CS)C(=O)N(CC(=O)O)C1CCCC1,SD_278
CC(=O)SCC(C)C(=O)N(CC(=O)O)C1CCCC1,SD_280
CC(CS)C(=O)N(CC(=O)O)C1CCCCC1,SD_281
CC(=O)SCC(C)C(=O)N(CC(=O)O)C1CCCCC1,SD_282
CC(CS)C(=O)N(CC(=O)O)C1CCCCCC1,SD_283
CC(=O)SCC(C)C(=O)N(CC(=O)O)C1CCCCCC1,SD_284
CC(CS)C(=O)N(CC(=O)O)[C@@H]1C[C@H]2CC[C@@H]1C2,SD_285
CC(=O)SCC(C)C(=O)N(CC(=O)O)C1CC2CC23CCC13,SD_287
CC(CS)C(=O)N(CC[C@@H]1CC2CC(C1C)C2(C)C)CC(=O)O,SD_288
CC(=O)SCC(C)C(=O)N(CCC1CC2CC(C1)C2(C)C)CC(=O)O,SD_289
CC(CS)C(=O)N(CC(=O)O)C[C@H]1CC2CC(C1C)C2(C)C,SD_290
CC(=O)SCC(C)C(=O)N(CC(=O)O)C[C@H]1CC2CC(C1C)C2(C)C,SD_291
CC(=O)SCC(C)C(=O)N(CC(=O)O)[C@@H]1CCC2CC1C2(C)C,SD_292
CC(CS)C(=O)N(CC(=O)O)C1Cc2ccccc2C1,SD_293
CC(=O)SCC(C)C(=O)N(CC(=O)O)C1Cc2ccccc2C1,SD_294
COCCN(CC(=O)O)C(=O)C(C)CS,SD_295
CSCCCN(CC(=O)O)C(=O)C(C)CS,SD_296
CSCCCN(CC(=O)O)C(=O)C(C)CSC(C)=O,SD_297
CC(CS)C(=O)N(CCC1CCCO1)CC(=O)O,SD_298
CC(=O)SCC(C)C(=O)N(CCC1CCCO1)CC(=O)O,SD_299
CC(CS)C(=O)N(CCc1ccco1)CC(=O)O,SD_300
CC(CS)C(=O)N(CCc1cccs1)CC(=O)O,SD_302
CC(=O)SCC(C)C(=O)N(CCc1cccs1)CC(=O)O,SD_303
CC(CS)C(=O)N(CC(=O)O)C1CCS(=O)(=O)C1,SD_304
CC(=O)SCC(C)C(=O)N(CC(=O)O)C1CCS(=O)(=O)C1,SD_305
CCN1CCCC1CN(CC(=O)O)C(=O)C(C)CS,SD_306
C=CCN(CC(=O)O)C(=O)C(C)CS,SD_307
C=CCN(CC(=O)O)C(=O)C(C)CSC(C)=O,SD_308
CC(CS)C(=O)N(CC(=O)O)c1ccccc1,SD_309
CC(=O)SCC(C)C(=O)N(CC(=O)O)c1ccccc1,SD_310
CC(=O)SCC(C)C(=O)N(CC(=O)O)c1ccccc1C,SD_312
C=C(C(C)CS)N(CC([O])=O)c1cccc(C)c1,SD_313
CC(=O)SCC(C)C(=O)N(CC(=O)O)c1cccc(C)c1,SD_314
C=C(C(C)CS)N(CC([O])=O)c1ccc(C)cc1,SD_315
CC(=O)SCC(C)C(=O)N(CC(=O)O)c1ccc(C)cc1,SD_316
C=C(C(C)CS)N(CC([O])=O)c1cc(C)cc(C)c1,SD_317
CC(=O)SCC(C)C(=O)N(CC(=O)O)c1cc(C)cc(C)c1,SD_318
C=C(C(C)CS)N(CC([O])=O)c1ccc2c(c1)CCC2,SD_319
CC(=O)SCC(C)C(=O)N(CC(=O)O)c1ccc2c(c1)CCC2,SD_320
COc1cccc(N(CC(=O)O)C(=O)C(C)CSC(C)=O)c1,SD_321
CSc1cccc(N(CC(=O)O)C(=O)C(C)CSC(C)=O)c1,SD_322
CC(=O)SCC(C)C(=O)N(CC(=O)O)c1cccc(F)c1,SD_323
C=C(C(C)CS)N(CC([O])=O)c1ccc(F)cc1,SD_324
CC(=O)SCC(C)C(=O)N(CC(=O)O)c1ccc(F)cc1,SD_325
C=C(C(C)CS)N(CC([O])=O)c1ccc(CCCC)cc1,SD_326
CCCCc1ccc(N(CC(=O)O)C(=O)C(C)CSC(C)=O)cc1,SD_327
CC.CC(=O)SCC(C)C(=O)N(CC(=O)O)c1ccc(C(C)C)cc1,SD_328
CC(CSC(=O)CC(C)(C)C)C(=O)N(CC(=O)O)C1CCCC1,SD_329
CC(CSC(=O)C(C)(C)C)C(=O)N(CC(=O)O)C1CCCC1,SD_330
C[C@@H](CSC(=O)C(C)(C)C)C(=O)N(CC(=O)O)C1CCCC1,SD_331
C[C@H](CSC(=O)C(C)(C)C)C(=O)N(CC(=O)O)C1CCCC1,SD_332
CC(S)C(=O)NCC(=O)O,SD_335
CCc1nc2c(C)cc(C)nc2n1Cc1ccc(-c2ccccc2-c2nn[nH]n2)cc1,SD_336
CCCc1nc2c(C)cc(C)nc2n1Cc1ccc(-c2ccccc2-c2nn[nH]n2)cc1,SD_337
CCCCCn1c(=O)c2cccnc2n1Cc1ccc(-c2ccccc2-c2nn[nH]n2)cc1,SD_338
CC(C)Cn1c(=O)c2cccnc2n1Cc1ccc(-c2ccccc2-c2nn[nH]n2)cc1,SD_339
CCCCn1c(=O)c2cccnc2n1Cc1ccc(-c2ccccc2-c2nn[nH]n2)cc1,SD_340
CC(C)CCn1c(=O)c2cccnc2n1Cc1ccc(-c2ccccc2-c2nn[nH]n2)cc1,SD_341
O=c1c2cccnc2n(Cc2ccc(-c3ccccc3-c3nn[nH]n3)cc2)n1Cc1ccccc1,SD_343
CCn1c(=O)c2ccc(C)nc2n1Cc1ccc(-c2ccccc2-c2nn[nH]n2)cc1,SD_344
CCCn1c(=O)c2ccc(C)nc2n1Cc1ccc(-c2ccccc2-c2nn[nH]n2)cc1,SD_345
CCCCn1c(=O)c2ccc(C)nc2n1Cc1ccc(-c2ccccc2-c2nn[nH]n2)cc1,SD_346
CCCCn1c(=O)c2ccc(Cl)nc2n1Cc1ccc(-c2ccccc2-c2nn[nH]n2)cc1,SD_347
CCCCn1c(=O)c2cc(F)c(Cl)nc2n1Cc1ccc(-c2ccccc2-c2nn[nH]n2)cc1,SD_348
CCCCn1c(=O)c2cc(F)cnc2n1Cc1ccc(-c2ccccc2-c2nn[nH]n2)cc1,SD_350
CCCCn1c(=O)c2ccc(OC)nc2n1Cc1ccc(-c2ccccc2-c2nn[nH]n2)cc1,SD_351
CCCCn1c(=O)c2ccc(NC)nc2n1Cc1ccc(-c2ccccc2-c2nn[nH]n2)cc1,SD_352
CCCCn1c(=O)c2ccc(C3CNCCS3)nc2n1Cc1ccc(-c2ccccc2-c2nn[nH]n2)cc1,SD_353
C.CCCN1C(=O)c2cccnc2C1Cc1ccc(-c2ccccc2-c2nn[nH]n2)cc1,SD_354
CCCCn1c2ncccc2c(=O)n1Cc1ccc(-c2ccccc2-c2nn[nH]n2)cc1,SD_355
CCCCn1c2nc(C)ccc2c(=O)n1Cc1ccc(-c2ccccc2-c2nn[nH]n2)cc1,SD_356
CCCCn1c2nc(Cl)ccc2c(=O)n1Cc1ccc(-c2ccccc2-c2nn[nH]n2)cc1,SD_357
O=C1c2cccnc2CN1Cc1ccc(-c2ccccc2-c2nn[nH]n2)cc1,SD_358
CCC1c2ncccc2C(=O)N1Cc1ccc(-c2ccccc2-c2nn[nH]n2)cc1,SD_359
CCCC1c2ncccc2C(=O)N1Cc1ccc(-c2ccccc2-c2nn[nH]n2)cc1,SD_360
CCCCC1c2ncccc2C(=O)N1Cc1ccc(-c2ccccc2-c2nn[nH]n2)cc1,SD_361
C=[N].CCCC.CCCCn1c(=O)c2cccnc2n1Cc1ccc(-c2ccccc2-c2nn[nH]n2)cc1,SD_362
CCCn1nc(OCc2ccc(-c3ccccc3-c3nn[nH]n3)cc2)c2cccnc21,SD_363
CCCCn1nc(OCc2ccc(-c3ccccc3-c3nn[nH]n3)cc2)c2cccnc21,SD_364
CCCCn1nc(OCc2ccc(-c3ccccc3-c3nn[nH]n3)cc2)c2ccccc2c1=O,SD_365
CCC(C)C(NC(=O)C(Cc1ccc(O)cc1)NC(=O)C(NC(=O)C(CCCNC(=N)N)NC(=O)C(N)CC(=O)O)C(C)C)C(=O)NC(Cc1c[nH]cn1)C(=O)N1CCCC1C(=O)NC(Cc1ccccc1)C(=O)O,SD_366
CCCCC(=O)N(Cc1ccc(-c2ccccc2-c2nnn[nH]2)cc1)[C@@H](CC(C)C)C(=O)OC,SD_370
CCCCC(=O)N(CC(=O)O)Cc1ccc(-c2ccccc2-c2nnn[nH]2)cc1,SD_371
CCCCC(=O)N(Cc1ccc(-c2ccccc2-c2nnn[nH]2)cc1)C(Cc1ccc(F)cc1)C(=O)O,SD_372
CCCCC(=O)N(Cc1ccc(-c2ccccc2-c2nnn[nH]2)cc1)[C@@H](C)C(=O)O,SD_373
CCCCC(=O)N(Cc1ccc(-c2ccccc2-c2nnn[nH]2)cc1)C(Cc1ccccc1)C(=O)O,SD_378
CCCCC(=O)N(Cc1ccc(-c2ccccc2-c2nnn[nH]2)cc1)C(CC(C)C)C(N)=O,SD_379
CCCCC(=O)N(Cc1ccc(-c2ccccc2-c2nnn[nH]2)cc1)C(CO)CC(C)C,SD_380
O=C(CO[N+](=O)[O-])NNC(=O)c1ccc(NCC(O)CN2C(=O)/C(=C\c3ccccc3)S/C2=N/c2ccccc2)cc1,SD_381
O=C(CO[N+](=O)[O-])NNC(=O)c1ccc(NCC(O)CN2C(=O)/C(=C\c3ccc(O)cc3)S/C2=N/c2ccccc2)cc1,SD_382
O=C(CO[N+](=O)[O-])NNC(=O)c1ccc(NCC(O)CN2C(=O)/C(=C/c3ccccc3O)S/C2=N/c2ccccc2)cc1,SD_383
COc1cc(/C=C2/S/C(=N/c3ccccc3)N(CC(O)CNc3ccc(C(=O)NNC(=O)CO[N+](=O)[O-])cc3)C2=O)cc(OC)c1OC,SD_384
CC1=C(C(=O)OC(C)C)C(c2cccc([N+](=O)[O-])c2)N(C(=O)N(C)C)C(=O)N1,SD_385
CNC(=O)N1C(=O)NC(C)=C(C(=O)OC(C)C)C1c1cccc([N+](=O)[O-])c1,SD_386
CC1=C(C(=O)OC(C)C)C(c2cccc([N+](=O)[O-])c2)N(C(N)=O)C(=O)N1,SD_387
CC1=C(C(=O)OC(C)C)C(c2cccc([N+](=O)[O-])c2)NC(=O)N1,SD_388
CCOC(=O)C1=C(C)NC(=O)N(C(N)=O)C1c1cccc([N+](=O)[O-])c1,SD_389
COC(=O)C1=C(C)NC(=O)N(C(N)=O)C1c1cccc([N+](=O)[O-])c1,SD_390
CCNC(=O)N1C(=O)NC(C)=C(C(=O)OC(C)C)C1c1cccc([N+](=O)[O-])c1,SD_391
CC1=C(C(=O)OC(C)C)C(c2cccc([N+](=O)[O-])c2)N(C(=O)NC(C)C)C(=O)N1,SD_392
CC1=C(C(=O)OC(C)C)C(c2cccc([N+](=O)[O-])c2)N(C(=O)NCc2ccccc2)C(=O)N1,SD_393
CC1=C(C(=O)OC(C)C)C(c2cccc([N+](=O)[O-])c2)N(CCN(C)Cc2ccccc2)C(=O)N1,SD_394
CC1=C(C(=O)OC(C)C)C(c2ccccc2[N+](=O)[O-])N(C(N)=O)C(=O)N1,SD_395
CC1=C(C(=O)OC(C)C)C(c2cccc(C(F)(F)F)c2)N(C(N)=O)C(=O)N1,SD_396
CC1=C(C(=O)OC(C)C)C(c2ccccc2C(F)(F)F)N(C(N)=O)C(=O)N1,SD_397
CC1=C(C(=O)OC(C)C)C(c2cccc(Cl)c2)N(C(N)=O)C(=O)N1,SD_398
CC1=C(C(=O)OC(C)C)C(c2ccccc2Cl)N(C(N)=O)C(=O)N1,SD_399
CC1=C(C(=O)OC(C)C)C(c2cccc(Br)c2)N(C(N)=O)C(=O)N1,SD_400
CC1=C(C(=O)OC(C)C)C(c2ccccc2Br)N(C(N)=O)C(=O)N1,SD_401
CC1=C(C(=O)OC(C)C)C(c2c(Cl)cccc2Cl)N(C(N)=O)C(=O)N1,SD_402
CC1=C(C(=O)OC(C)C)C(c2cccc(Cl)c2Cl)N(C(N)=O)C(=O)N1,SD_403
CC1=C(C(=O)OC(C)C)C(c2cccc(-c3conn3)c2-c2conn2)N(C(N)=O)C(=O)N1,SD_404
CC1=C(C(=O)OC(C)C)[C@@H](c2cccc([N+](=O)[O-])c2)N(C(N)=O)C(=O)N1,SD_405
CC1=C(C(=O)OC(C)C)[C@H](c2cccc([N+](=O)[O-])c2)N(C(N)=O)C(=O)N1,SD_406
COC(=O)C1=C(C)NC(C)=C(C(=O)OC)C1c1ccccc1[N+](=O)[O-],SD_407
CCOC(=O)C1=C(COCCN)NC(C)=C(C(=O)OC)C1c1ccccc1Cl,SD_408
COc1ccc(OC)c2c1C[C@H](NCCc1ccccc1)[C@@H](O)C2,SD_409
COc1ccc(OC)c2c1C[C@H](NCCCc1ccccc1)[C@@H](O)C2.Cl,SD_410
COc1ccc(OC)c2c1C[C@H](NCCCCc1ccccc1)[C@@H](O)C2.Cl,SD_411
COc1ccc(OC)c2c1C[C@H](NCCCc1c[nH]c3ccccc13)[C@@H](O)C2.Cl,SD_412
COc1ccc(OC)c2c1C[C@H](NCCCc1nc3ccccc3s1)[C@@H](O)C2.Cl,SD_413
COc1ccc(OC)c2c1C[C@H](NCC(c1ccccc1)c1ccccc1)[C@@H](O)C2.Cl,SD_414
COc1ccc(OC)c2c1C[C@H](NCCC(c1ccccc1)c1ccccc1)[C@@H](O)C2.Cl,SD_415
C=C/C(=C\C)C(CCCN[C@H]1Cc2c(OC)ccc(OC)c2C[C@@H]1O)c1ccccc1.Cl,SD_416
COc1ccc(OC)c2c1C[C@H](NCCCCC(c1ccccc1)c1ccccc1)[C@@H](O)C2.Cl,SD_417
COc1ccc(OC)c2c1C[C@H](NCCC(C1CCCCC1)C1CCCCC1)[C@@H](O)C2.Cl,SD_418
COc1ccc(CCN(C)CCCC(C#N)(c2ccc(OC)c(OC)c2)C(C)C)cc1OC,SD_419
CCCc1nc2c(C)cc(C(=O)NCc3ccccc3)cc2n1Cc1ccc(-c2ccccc2C(=O)O)cc1,SD_420
CCCc1nc2c(C)cc(C(=O)NCc3ccccc3OC)cc2n1Cc1ccc(-c2ccccc2C(=O)O)cc1,SD_421
CCCc1nc2c(C)cc(C(=O)NCc3cccc(OC)c3)cc2n1Cc1ccc(-c2ccccc2C(=O)O)cc1,SD_422
CCCc1nc2c(C)cc(C(=O)NCc3ccc(OC)cc3)cc2n1Cc1ccc(-c2ccccc2C(=O)O)cc1,SD_423
CCCc1nc2c(C)cc(C(=O)NCc3ccc(OC)c(OC)c3)cc2n1Cc1ccc(-c2ccccc2C(=O)O)cc1,SD_424
CCCc1nc2c(C)cc(C(=O)NCCc3cccc(OC)c3)cc2n1Cc1ccc(-c2ccccc2C(=O)O)cc1,SD_425
CCCc1nc2c(C)cc(C(=O)NCCc3ccc(OC)cc3)cc2n1Cc1ccc(-c2ccccc2C(=O)O)cc1,SD_426
CCCc1nc2c(C)cc(C(=O)NCCc3ccc(OC)c(OC)c3)cc2n1Cc1ccc(-c2ccccc2C(=O)O)cc1,SD_427
CCCc1nc2c(C)cc(C(=O)NCCc3cc(OC)ccc3OC)cc2n1Cc1ccc(-c2ccccc2C(=O)O)cc1,SD_428
CCCc1nc2c(C)cc(C(=O)NCCc3ccccc3F)cc2n1Cc1ccc(-c2ccccc2C(=O)O)cc1,SD_429
CCCc1nc2c(C)cc(C(=O)NCCc3ccc(F)cc3)cc2n1Cc1ccc(-c2ccccc2C(=O)O)cc1,SD_430
CCCc1nc2c(C)cc(-c3nc4ccccc4n3C)cc2n1Cc1ccc(-c2ccccc2C(=O)O)cc1,SD_432
CCc1nc2c(C)cc(C)nc2n1[C@H]1CCc2cc(-c3ccccc3-c3nnn[nH]3)ccc21,SD_434
CCc1nc2c(C)cc(C)nc2n1[C@@H]1CCc2cc(-c3ccccc3-c3nnn[nH]3)ccc21,SD_436
CCCc1nc2c(C)cc(C)nc2n1[C@H]1CCc2cc(-c3ccccc3-c3nnn[nH]3)ccc21,SD_437
CCCCc1nc2c(C)cc(C)nc2n1[C@@H]1CCc2cc(-c3ccccc3-c3nnn[nH]3)ccc21,SD_438
Cc1cc(C)c2nc(C(C)C)n([C@@H]3CCc4cc(-c5ccccc5-c5nnn[nH]5)ccc43)c2n1,SD_439
Cc1cc(C)c2nc(C3CC3)n(C3CCc4cc(-c5ccccc5-c5nnn[nH]5)ccc43)c2n1,SD_440
CCc1nc2c(C)c(C)c(C)nc2n1C1CCc2cc(-c3ccccc3-c3nnn[nH]3)ccc21,SD_441
CCc1c(C)nc2c(nc(CC)n2C2CCc3cc(-c4ccccc4-c4nnn[nH]4)ccc32)c1C,SD_442
CCc1cc(C)c2nc(CC)n(C3CCc4cc(-c5ccccc5-c5nnn[nH]5)ccc43)c2n1,SD_443
CCc1cc(C)c2nc(C(C)C)n(C3CCc4cc(-c5ccccc5-c5nnn[nH]5)ccc43)c2n1,SD_444
CCc1nc2c(C)cc(CC(C)C)nc2n1C1CCc2cc(-c3ccccc3-c3nnn[nH]3)ccc21,SD_445
Cc1cc(CC(C)C)nc2c1nc(C(C)C)n2C1CCc2cc(-c3ccccc3-c3nnn[nH]3)ccc21,SD_446
CCc1nc2c(CC(C)C)cc(C)nc2n1C1CCc2cc(-c3ccccc3-c3nnn[nH]3)ccc21,SD_447
CCc1nc2c(C)cc(Cc3ccccc3)nc2n1C1CCc2cc(-c3ccccc3-c3nnn[nH]3)ccc21,SD_448
CCc1nc2c(C)cc(CC(C)C)nc2n1[C@@H]1CCc2cc(-c3ccccc3C(=O)O)ccc21,SD_449
CCc1nc2c(C)cc(C)nc2n1Cc1ccc(-c2ccccc2-c2nnn[nH]2)cc1,SD_450
CCCNC(=O)c1cc(C)c2nc(CCC)n(Cc3ccc(-c4ccccc4C(=O)O)cc3)c2c1,SD_451
CCCCNC(=O)c1cc(C)c2nc(CCC)n(Cc3ccc(-c4ccccc4C(=O)O)cc3)c2c1,SD_452
CCCc1nc2c(C)cc(C(=O)NN3CCOCC3)cc2n1Cc1ccc(-c2ccccc2C(=O)O)cc1,SD_453
CCCc1nc2c(C)cc(C(=O)N3CCCCC3)cc2n1Cc1ccc(-c2ccccc2C(=O)O)cc1,SD_454
CCCc1nc2c(C)cc(C(=O)Nc3ccc(C)cc3)cc2n1Cc1ccc(-c2ccccc2C(=O)O)cc1,SD_455
CCCc1nc2c(C)cc(C(=O)NCCc3ccccc3)cc2n1Cc1ccc(-c2ccccc2C(=O)O)cc1,SD_456
CCCc1nc2c(C)cc(C(=O)NCCN3CCOCC3)cc2n1Cc1ccc(-c2ccccc2C(=O)O)cc1,SD_457
CCCc1nc2c(C)cc(C(=O)NCCCc3ccccc3)cc2n1Cc1ccc(-c2ccccc2C(=O)O)cc1,SD_458
CCCc1nc2c(C)cc(C(=O)NCCCN3CCOCC3)cc2n1Cc1ccc(-c2ccccc2C(=O)O)cc1,SD_459
CCCc1nc2c(C)cc(NC(C)=O)cc2n1Cc1ccc(-c2ccccc2C(=O)O)cc1,SD_460
CCCc1nc2c(C)cc(NC(=O)CC)cc2n1Cc1ccc(-c2ccccc2C(=O)O)cc1,SD_461
CCCC(=O)Nc1cc(C)c2nc(CCC)n(Cc3ccc(-c4ccccc4C(=O)O)cc3)c2c1,SD_462
CCCc1nc2c(C)cc(NC(=O)c3ccccc3)cc2n1Cc1ccc(-c2ccccc2C(=O)O)cc1,SD_463
CCCc1nc2c(C)cc(NC(=O)c3ccc(C)cc3)cc2n1Cc1ccc(-c2ccccc2C(=O)O)cc1,SD_464
CCCc1nc2c(C)cc(NC(=O)CCc3ccccc3)cc2n1Cc1ccc(-c2ccccc2C(=O)O)cc1,SD_466
