id,canonical_smiles,inchikey,category
PT_0001,OCC1OC(Oc2cc3c(O)cc(O)cc3[o+]c2-c2ccc(O)c(O)c2)C(OC2OCC(O)C(O)C2O)C(O)C1O.[Cl-],BWHXEGJOYVNGQH-UHFFFAOYSA-N,natural
PT_0002,OC[C@H]1O[C@@H](Oc2cc3c(O)cc(O)cc3[o+]c2-c2cc(O)c(O)c(O)c2)[C@H](O[C@@H]2OC[C@@H](O)[C@H](O)[C@H]2O)[C@@H](O)[C@@H]1O,TWYYVOVDSNRIJM-AFAGGVQESA-O,natural
PT_0003,C=CCSS/C=C/C[S+]([O-])CC=C,IXELFRRANAOWSF-FNORWQNLSA-N,natural
PT_0004,C=CCSC[C@H](N)C(=O)O,ZFAHNWWNDFHPOH-YFKPBYRVSA-N,natural
PT_0005,C=CCSSCC=C,PFRGXCVKLLPLIP-UHFFFAOYSA-N,natural
PT_0006,COS([O-])=S,GJOWXPLEXFMBHS-UHFFFAOYSA-M,natural
PT_0008,C=CC(C)(O)CCC=C(C)C,CDOSHBSSFJOMGT-UHFFFAOYSA-N,natural
PT_0009,CC(=O)OC/C=C(\C)CCC=C(C)C,HIGQPQRQIQDZMP-DHZHZOJOSA-N,natural
PT_0010,CC1=CCC(C(C)C)=CC1,YKFLAYDHMOASIY-UHFFFAOYSA-N,natural
PT_0011,OCC1OC(Oc2cc3c(O)cc(O)cc3[o+]c2-c2cc(O)c(O)c(O)c2)C(OC2OCC(O)C(O)C2O)C(O)C1O,TWYYVOVDSNRIJM-UHFFFAOYSA-O,natural
PT_0012,OC[C@H]1O[C@@H](Oc2cc3c(O)cc(O)cc3[o+]c2-c2ccc(O)c(O)c2)[C@H](O[C@@H]2OC[C@@H](O)[C@H](O)[C@H]2O)[C@@H](O)[C@@H]1O.[Cl-],BWHXEGJOYVNGQH-XOBUMVIESA-N,natural
PT_0013,OCC1OC(Oc2cc3c(O)cc(O)cc3[o+]c2-c2ccc(O)c(O)c2)C(O)C(O)C1O.[Cl-],YTMNONATNXDQJF-UHFFFAOYSA-N,natural
PT_0014,O=c1cc(-c2ccc(O)cc2)oc2cc(O)cc(O)c12,KZNIFHPLKGYRTM-UHFFFAOYSA-N,natural
PT_0015,O=c1cc(-c2ccc(O)c(O)c2)oc2cc(O)cc(O)c12,IQPNAANSBPBGFQ-UHFFFAOYSA-N,natural
PT_0016,O=c1cc(-c2ccc(O)c(O)c2)oc2cc(O[C@@H]3O[C@H](CO)[C@@H](O)[C@H](O)[C@H]3O)cc(O)c12,PEFNSGRTCBGNAN-QNDFHXLGSA-N,natural
PT_0017,O=C(O)[C@H]1O[C@@H](Oc2c(-c3ccc(O)c(O)c3)oc3cc(O)cc(O)c3c2=O)[C@H](O)[C@@H](O)[C@@H]1O,DUBCCGAQYVUYEU-ZUGPOPFOSA-N,natural
PT_0018,O=C(O[C@@H]1O[C@@H](Oc2c(-c3ccc(O)c(O)c3)oc3cc(O)cc(O)c3c2=O)[C@@H](O)[C@H](O)[C@@H]1O)c1cc(O)c(O)c(O)c1,QVIBLBOXANTNKJ-JKTXWULPSA-N,natural
PT_0019,C[C@@H]1O[C@@H](Oc2c(-c3ccc(O)c(O)c3)oc3cc(O)cc(O)c3c2=O)[C@H](O[C@@H]2O[C@H](COC(=O)/C=C/c3ccc(O)c(O)c3)[C@@H](O)[C@H](O)[C@H]2O)[C@H](O)[C@H]1O,YFERBGPVRSLDSL-GVZNLTFMSA-N,natural
PT_0020,C[C@@H]1O[C@@H](Oc2c(-c3ccc(O)c(O)c3)oc3cc(O)cc(O)c3c2=O)[C@H](O[C@@H]2O[C@H](COC(=O)/C=C/c3ccc(O)cc3)[C@@H](O)[C@H](O)[C@H]2O)[C@H](O)[C@H]1O,LSMKTLJKBSXMMR-WLKGHKDFSA-N,natural
PT_0021,O=c1c(O[C@@H]2O[C@H](CO)[C@@H](O)[C@H](O)[C@H]2O)c(-c2ccc(O)c(O)c2)oc2cc(O)cc(O)c12,OVSQVDMCBVZWGM-QSOFNFLRSA-N,natural
PT_0023,O=c1c(O[C@H]2OC[C@@H](O)[C@@H](O)[C@@H]2O)c(-c2ccc(O)c(O)c2)oc2cc(O)cc(O)c12,PZZRDJXEMZMZFD-KRLKJCFRSA-N,natural
PT_0024,O=c1c(OC2OC[C@@H](O)[C@@H](O)[C@@H]2O)c(-c2ccc(O)cc2)oc2cc(O)cc(O)c12,RNVUDWOQYYWXBJ-NNEMTEQFSA-N,natural
PT_0025,O=C(/C=C/c1ccc(O)c(O)c1)c1ccc(O)cc1O,AYMYWHCQALZEGT-ORCRQEGFSA-N,natural
PT_0026,O=c1c(-c2ccc(O)cc2)coc2cc(O)cc(O)c12,TZBJGXHYKVUXJN-UHFFFAOYSA-N,natural
PT_0027,C[C@H]1[C@H](C)CC[C@]2(C(=O)O)CC[C@]3(C)C(=CC[C@@H]4[C@@]5(C)CC[C@H](O)C(C)(C)[C@@H]5CC[C@]43C)[C@H]12,WCGUUGGRBIKTOS-GPOJBZKASA-N,natural
PT_0028,N[C@@H](Cc1ccc(O)c(O)c1)C(=O)O,WTDRDQBEARUVNC-LURJTMIESA-N,natural
PT_0029,C[C@@H]1O[C@@H](OC[C@H]2O[C@@H](Oc3c(-c4ccc(O)c(O)c4)oc4cc(O)cc(O)c4c3=O)[C@H](O)[C@@H](O)[C@@H]2O)[C@H](O)[C@H](O)[C@H]1O,IKGXIBQEEMLURG-NVPNHPEKSA-N,natural
PT_0030,COc1c(C(C)=O)cc2c(c1OC)OC(C)(C)C=C2,AVQQLPJWGXTKFZ-UHFFFAOYSA-N,natural
PT_0031,COc1ccc(-c2cc(=O)c3c(O)cc(O[C@@H]4O[C@H](CO)[C@@H](O)[C@H](O)[C@H]4O)cc3o2)cc1,NLZCOTZRUWYPTP-MIUGBVLSSA-N,natural
PT_0035,O=c1c(OC2O[C@H](CO)[C@@H](O)[C@@H]2O)c(-c2ccc(O)cc2)oc2cc(O)cc(O)c12,POQICXMTUPVZMX-SGPCGWDZSA-N,natural
PT_0036,O=c1c(O[C@@H]2O[C@H](CO)[C@H](O)[C@H](O)[C@H]2O)c(-c2ccc(O)cc2)oc2cc(O)cc(O)c12,JPUKWEQWGBDDQB-DTGCRPNFSA-N,natural
PT_0037,O=c1c(OC2O[C@H](CO)[C@@H](O)[C@@H]2O)c(-c2ccc(O)c(O)c2)oc2cc(O)cc(O)c12,BDCDNTVZSILEOY-SGPCGWDZSA-N,natural
PT_0038,O=c1cc(-c2ccc(O)c(O)c2)oc2cc(O[C@@H]3O[C@H](CO[C@@H]4O[C@H](CO)[C@@H](O)[C@H](O)[C@H]4O)[C@@H](O)[C@H](O)[C@H]3O)cc(O)c12,LDTDRTSKWGQBAA-IPOZFMEPSA-N,natural
PT_0040,COc1ccc2ccc(=O)oc2c1CC=C(C)C,MBRLOUHOWLUMFF-UHFFFAOYSA-N,natural
PT_0044,CN1CCc2cc3c(c4c2[C@H]1Cc1ccccc1-4)OCO3,JCTYWRARKVGOBK-CQSZACIVSA-N,natural
PT_0045,C[C@H]1CC[C@@H]2N(C1)C[C@H]1[C@@H]3C[C@H]4[C@@H](CC(=O)[C@H]5C[C@@H](O)CC[C@@]54C)[C@@H]3CC[C@@H]1[C@]2(C)O,IQDIERHFZVCNRZ-YUYPDVIUSA-N,natural
PT_0047,CC1=C2C[C@H]3[C@@H](CC(=O)[C@H]4C[C@@H](O)CC[C@@]43C)[C@@H]2CC[C@]12O[C@@H]1C[C@H](C)CN[C@H]1[C@H]2C,KYELXPJVGNZIGC-GKFGJCLESA-N,natural
PT_0048,COc1cc2c3cc1Oc1c(OC)c(OC)cc4c1[C@@H](Cc1ccc(O)c(c1)Oc1ccc(cc1)C[C@@H]3N(C)CC2)N(C)CC4,DFOCUWZXJBAUSQ-URLMMPGGSA-N,natural
PT_0049,COc1cc2c3cc1Oc1c(OC)c(OC)cc4c1[C@H](Cc1ccc(cc1)Oc1cc(ccc1O)C[C@H]3N(C)CC2)N(C)CC4,HGNHIFJNOKGSKI-WDYNHAJCSA-N,natural
PT_0050,COc1ccc2cc1Oc1ccc(cc1)C[C@H]1c3cc(c(OC)cc3CCN1C)Oc1c(OC)c(OC)cc3c1[C@H](C2)N(C)CC3,WVTKBKWTSCPRNU-KYJUHHDHSA-N,natural
PT_0052,COc1cc2c(cc1O)[C@@H](Cc1ccc(OC)c(Oc3ccc(C[C@H]4c5cc(O)c(OC)cc5CCN4C)cc3)c1)N(C)CC2,ZKGBUDJODLZAHS-IOWSJCHKSA-N,natural
PT_0053,C=C1C(OC(=O)CC(c2ccccc2)N(C)C)CCC2(C)C(O)C(OC(C)=O)C3=C(C)C(=O)CC(O)(C(O)C12)C3(C)C,XMZFIBDTPOUHMW-UHFFFAOYSA-N,natural
PT_0055,C=CCC1=C[C@]2(OC)C(=CC1=O)O[C@H](c1ccc(OC)c(OC)c1)[C@H]2C,VDYACOATPFOZIO-HBUDHLSFSA-N,natural
PT_0056,O=c1c(O[C@@H]2O[C@H](CO)[C@@H](O)[C@H](O)[C@H]2O)c(-c2ccc(O)cc2)oc2cc(O)cc(O)c12,JPUKWEQWGBDDQB-QSOFNFLRSA-N,natural
PT_0057,O=C(O[C@H]1[C@H](Oc2c(-c3ccc(O)cc3)oc3cc(O)cc(O)c3c2=O)O[C@H](CO)[C@@H](O)[C@@H]1O)c1cc(O)c(O)c(O)c1,UWIQWJHBYRTKAL-KQOASZHBSA-N,natural
PT_0058,COc1c(O)c(CC=C(C)C)c2c(c1O)C(=O)[C@H](O)[C@@H](c1ccccc1O)O2,XZNFAYXFFDZGJD-AZUAARDMSA-N,natural
PT_0059,O=C(OC[C@H]1O[C@@H](OC(=O)c2cc(O)c(O)c(O)c2)[C@H](OC(=O)c2cc(O)c(O)c(O)c2)[C@@H](OC(=O)c2cc(O)c(O)c(O)c2)[C@@H]1O)c1cc(O)c(O)c(O)c1,RATQVALKDAUZBW-XPMKZLBQSA-N,natural
PT_0060,O=C(OC[C@H]1O[C@@H](OC(=O)c2cc(O)c(O)c(O)c2)[C@H](OC(=O)c2cc(O)c(O)c(O)c2)[C@@H](OC(=O)c2cc(O)c(O)c(O)c2)[C@@H]1OC(=O)c1cc(O)c(O)c(O)c1)c1cc(O)c(O)c(O)c1,QJYNZEYHSMRWBK-NIKIMHBISA-N,natural
PT_0061,C[C@@H]1O[C@@H](O[C@@H]2[C@@H](O)[C@H](OCCc3ccc(O)c(O)c3)O[C@H](CO)[C@H]2OC(=O)/C=C/c2ccc(O)c(O)c2)[C@H](O)[C@H](O)[C@H]1O,FBSKJMQYURKNSU-ZLSOWSIRSA-N,natural
PT_0062,O=C(/C=C/c1ccc(O)c(O)c1)O[C@@H]1CC(O)(C(=O)O)C[C@@H](OC(=O)/C=C/c2ccc(O)c(O)c2)C1O,KRZBCHWVBQOTNZ-RDJMKVHDSA-N,natural
PT_0063,O=C(/C=C/c1ccc(O)c(O)c1)O[C@H]1[C@H](O)C[C@](O)(C(=O)O)C[C@H]1OC(=O)/C=C/c1ccc(O)c(O)c1,UFCLZKMFXSILNL-RVXRWRFUSA-N,natural
PT_0064,O=C(/C=C/c1ccc(O)c(O)c1)O[C@@H]1[C@H](O)C[C@@](O)(C(=O)O)C[C@H]1OC(=O)/C=C/c1ccc(O)c(O)c1,UFCLZKMFXSILNL-PSEXTPKNSA-N,natural
PT_0066,O=C(/C=C/c1ccc(O)c2c1[C@H](C(=O)O[C@H](Cc1ccc(O)c(O)c1)C(=O)O)[C@@H](c1ccc(O)c(O)c1)O2)O[C@H](Cc1ccc(O)c(O)c1)C(=O)O,SNKFFCBZYFGCQN-VWUOOIFGSA-N,natural
PT_0068,O=C(O)[C@H](O)Cc1ccc(O)c(O)c1,PAFLSMZLRSPALU-MRVPVSSYSA-N,natural
PT_0069,C/C=C/c1ccc(O)c(OC)c1O,WCVVHTIFRXTMBF-ONEGZZNKSA-N,natural
PT_0071,COC1C[C@@]2(C)CC(=O)[C@@H]3C[C@]2(O[C@@H]2O[C@H](CO)[C@@H](O)[C@H](O)[C@H]2O)[C@@]13COC(=O)c1ccccc1,SDCMIWDDPOQVAS-BWDMLNMCSA-N,natural
PT_0072,CO[C@]12C[C@]3(C)O[C@H](O1)[C@]1(COC(=O)c4ccccc4)[C@@H]2C[C@]13O[C@@H]1O[C@H](CO)[C@@H](O)[C@H](O)[C@H]1O,HBUSZOJOEGAJCJ-PHWFTUJASA-N,natural
PT_0075,COc1c(-c2ccc(O)cc2)oc2cc(O)cc(O)c2c1=O,VJJZJBUCDWKPLC-UHFFFAOYSA-N,natural
PT_0077,COc1cc(O)c2c(=O)c3c(OC)c(O)ccc3oc2c1,WYOSCUWDVFHQFY-UHFFFAOYSA-N,natural
PT_0078,COc1cc(O)c2c(=O)c3c(O)c(O)ccc3oc2c1,BDBVOZGRVBXANN-UHFFFAOYSA-N,natural
PT_0081,O=C1OC[C@@H](O)[C@H]([C@@H]2OC(=O)c3cc(O)c(O)c(O)c3-c3c(O)c(O)c(O)c4c3C(=O)O[C@H]2[C@H]4O)OC(=O)c2cc(O)c(O)c(O)c2-c2c1cc(O)c(O)c2O,CHBITXAMNKHJCR-VGYCLGPVSA-N,natural
PT_0083,c1ccc2c(c1)C[C@H]1NCCc3cc4c(c-2c31)OCO4,VZTUKBKUWSHDFM-CYBMUJFWSA-N,natural
PT_0086,COc1ccc2cc1Oc1ccc(cc1)C[C@H]1c3cc(c(OC)cc3CCN1C)Oc1c(O)c(OC)cc3c1[C@H](C2)N(C)CC3,IIQSJHUEZBTSAT-VMPREFPWSA-N,natural
PT_0087,COc1cc2c(c(O)c1OC)C(=O)C[C@@H](c1cc(O)ccc1O)O2,LJTSNTOXRSAZNS-LBPRGKRZSA-N,natural
PT_0088,C=C(C)[C@@H]1C[C@H](O)[C@]2(C(=O)O[C@@H]3O[C@H](CO[C@@H]4O[C@H](CO)[C@@H](O[C@@H]5O[C@@H](C)[C@H](O)[C@@H](O)[C@H]5O)[C@H](O)[C@H]4O)[C@@H](O)[C@H](O)[C@H]3O)CC[C@]3(C)[C@H](C[C@H]4OC(=O)C[C@@H](O)[C@]5(C)[C@@H]4[C@@]3(C)CC[C@H]5C(=C)C)[C@@H]12,JRAXRVXXMWPYCA-SWOUHPEQSA-N,natural
PT_0089,C=C(C)[C@@H]1C[C@H](O)[C@]2(C(=O)O)CC[C@]3(C)[C@H](C[C@H]4OC(=O)C[C@@H](O)[C@]5(C)[C@@H]4[C@@]3(C)CC[C@H]5C(=C)C)[C@@H]12,ZLXPGZOSKBAEMR-NURNRRRVSA-N,natural
PT_0090,C=C(C)[C@@H]1CC[C@]2(C(=O)O[C@@H]3O[C@H](CO[C@@H]4O[C@H](CO)[C@@H](O[C@@H]5O[C@@H](C)[C@H](O)[C@@H](O)[C@H]5O)[C@H](O)[C@H]4O)[C@@H](O)[C@H](O)[C@H]3O)CC[C@]3(C)[C@H](C[C@H]4OC(=O)C[C@@H](O)[C@]5(C)[C@@H]4[C@@]3(C)CC[C@H]5C(=C)C)[C@@H]12,JVLBOZIUMGNKQW-JBPVHNHLSA-N,natural
PT_0091,C=C(C)[C@@H]1CC[C@]2(C(=O)O)CC[C@]3(C)C(C[C@H]4OC(=O)C[C@@H](O)[C@]5(C)C4[C@@]3(C)CC[C@H]5C(=C)C)C12,BYCBJBLIOKGBPB-BIYNXQDYSA-N,natural
PT_0092,CC1(C)CC[C@]2(C(=O)O)CC[C@]3(C)C(=CC[C@@H]4[C@@]5(C)CC[C@H](O[C@@H]6O[C@H](C(=O)O)[C@@H](O)[C@H](O)[C@H]6O)C(C)(C)[C@@H]5CC[C@]43C)[C@@H]2C1,IUCHKMAZAWJNBJ-RCYXVVTDSA-N,natural
PT_0093,O=C1C=CC[C@H](C[C@@H](O)CCc2ccc(O)cc2)O1,ILSJICRXKSNXIV-UONOGXRCSA-N,natural
PT_0094,C=CCSS(=O)CC=C,JDLKFOPOAOFWQN-UHFFFAOYSA-N,natural
PT_0095,C=CCSS(=O)OC,VDJGQEIUJRHMFO-UHFFFAOYSA-N,natural
PT_0096,O=C(O)c1ccc(O)c(O)c1,YQUVCSBJEUQKSH-UHFFFAOYSA-N,natural
PT_0097,COc1cc(C(=O)O)ccc1O,WKOLLVMJNQIZCI-UHFFFAOYSA-N,natural
PT_0098,O=C(O)c1ccc(O)cc1,FJKROLUGYXJWQN-UHFFFAOYSA-N,natural
PT_0099,COc1cc(/C=C/C(=O)O)ccc1O,KSEBMYQBYZTDHS-HWKANZROSA-N,natural
PT_0100,COc1cc(/C=C/C(=O)O)cc(OC)c1O,PCMORTLOPMLEFB-ONEGZZNKSA-N,natural
PT_0102,O=C(O)[C@H]1O[C@@H](Oc2c(-c3ccc(O)cc3)oc3cc(O)cc(O)c3c2=O)[C@H](O)[C@@H](O)[C@@H]1O,FNTJVYCFNVUBOL-ZUGPOPFOSA-N,natural
PT_0103,CC1=CC(=O)CC(C)(C)[C@@]1(O)/C=C/[C@@H](C)O[C@@H]1O[C@H](CO)[C@@H](O)[C@H](O)[C@H]1O,SWYRVCGNMNAFEK-MHXFFUGFSA-N,natural
PT_0104,COc1cc(C2c3cc(O)c(OC)cc3CC(COC3OC(CO)C(O)C(O)C3O)C2CO)ccc1O,BUQQDANPHQFSEK-UHFFFAOYSA-N,natural
PT_0105,COc1cc([C@H]2Oc3c(O)cc(CCCO)cc3[C@@H]2CO)ccc1O[C@@H]1O[C@@H](C)[C@H](O)[C@@H](O)[C@H]1O,PHHIEOZUONPPQY-ROQFLNLZSA-N,natural
PT_0106,COc1cc([C@@H]2Oc3c(OC)cc(CCCO)cc3[C@H]2CO)ccc1O[C@@H]1O[C@@H](C)[C@H](O)[C@@H](O)[C@H]1O,FYWCDZKQBWSMDD-YGYBHAICSA-N,natural
PT_0107,C[C@@H]1O[C@@H](OC[C@H]2O[C@@H](Oc3c(-c4ccc(O)cc4)oc4cc(O)cc(O)c4c3=O)[C@H](O)[C@@H](O)[C@@H]2O)[C@H](O)[C@H](O)[C@H]1O,RTATXGUCZHCSNG-QHWHWDPRSA-N,natural
PT_0108,CC(C)=CCOc1c2occc2cc2ccc(=O)oc12,OLOOJGVNMBJLLR-UHFFFAOYSA-N,natural
PT_0109,CC(C)=CC(=O)O[C@H]1Cc2cc3ccc(=O)oc3cc2OC1(C)C,CUKSFECWKQBVED-INIZCTEOSA-N,natural
PT_0110,CC(C)(O[C@@H]1O[C@H](CO)[C@@H](O)[C@H](O)[C@H]1O)[C@H]1Cc2cc3ccc(=O)oc3cc2O1,HXCGUCZXPFBNRD-DNLMCPORSA-N,natural
PT_0111,CCCCC1OC(=O)c2ccccc21,HJXMNVQARNZTEE-UHFFFAOYSA-N,natural
PT_0112,C[C@@]12C[C@@H](c3ccoc3)OC(=O)[C@@H]1CC[C@]1(C)[C@H]2[C@H]2C=C[C@]1(O)C(=O)O2,AALLCALQGXXWNA-QJNFORGASA-N,natural
PT_0113,Cc1cc(O)c2c(c1)C(=O)c1cccc(O)c1C2=O,LQGUBLBATBMXHT-UHFFFAOYSA-N,natural
PT_0114,COc1c(O)cc2c(c1O)C(=O)c1c(cc(C)c(O)c1OC)C2=O,RNXZPKOEJUFJON-UHFFFAOYSA-N,natural
PT_0115,Cc1cc2c(c(O)c1O)C(=O)c1c(O)cc(O)cc1C2=O,LAOFTEMTSXNIIM-UHFFFAOYSA-N,natural
PT_0116,COc1cc2c(c(OC)c1OC)C(=O)c1c(cc(C)c(O)c1OC)C2=O,ZMDXTRSTKHTSCE-UHFFFAOYSA-N,natural
PT_0117,CC[C@H](CC[C@@H](C)[C@H]1CC[C@H]2[C@@H]3CC=C4C[C@@H](O)CC[C@]4(C)[C@H]3CC[C@]12C)C(C)C,KZJWDPNRJALLNS-VJSFXXLFSA-N,natural
PT_0118,CC#CC#CC#Cc1ccccc1,ACKWHAMNCLDPRO-UHFFFAOYSA-N,natural
PT_0119,CCCCC/C=C\C/C=C\CCCCCCCC(=O)O,OYHQOLUKZRVURQ-HZJYTTRNSA-N,natural
PT_0120,COc1cc2c(O[C@@H]3OC[C@@H](OC)[C@H](OC)[C@H]3O)c3c(c(-c4ccc5c(c4)OCO5)c2cc1OC)C(=O)OC3,FCOQWUOWHWHTJP-DZXBDMBVSA-N,natural
PT_0121,COc1cc2c(O[C@@H]3O[C@H](CO)[C@@H](O)[C@H](O)[C@H]3O)c3c(c(-c4ccc5c(c4)OCO5)c2cc1OC)C(=O)OC3,BJGIWVGXMRUMNA-WBYCZGBQSA-N,natural
PT_0122,O=c1c(O[C@@H]2O[C@H](CO)[C@H](O)[C@H](O)[C@H]2O)c(-c2ccc(O)c(O)c2)oc2cc(O)cc(O)c12,OVSQVDMCBVZWGM-DTGCRPNFSA-N,natural
PT_0123,CC1OC(OC2C(OC(=O)C34CCC(C)(C)CC3C3=CCC5C6(C)CCC(OC7OC(C(=O)O)C(O)C(O)C7O)C(C)(C)C6CCC5(C)C3(C)CC4O)OCC(O)C2O)C(O)C(O)C1OC1OCC(O)C(OC2OCC(O)C(O)C2O)C1O,BYBNLTUPSXGVAV-UHFFFAOYSA-N,natural
PT_0124,C[C@H](NC(=O)CN)C(=O)N[C@@H](C)C(=O)NCC(=O)NCC(=O)N[C@@H](C)C(=O)N[C@@H](Cc1ccccc1)C(=O)O,MXFGZBCVGNNTPZ-JKQORVJESA-N,natural
PT_0125,OC[C@H]1OC(O)[C@@H](O)[C@@H](O)[C@@H]1O,WQZGKKKJIJFFOK-QTVWNMPRSA-N,natural
PT_0126,OC[C@H]1OC(O)[C@H](O)[C@@H](O)[C@@H]1O,WQZGKKKJIJFFOK-GASJEMHNSA-N,natural
PT_0127,OC[C@H]1OC(O)[C@H](O)[C@@H](O)[C@H]1O,WQZGKKKJIJFFOK-SVZMEOIVSA-N,natural
PT_0128,CC12CCC(CC1=O)C2(C)C,DSSYKIVIOFKYAU-UHFFFAOYSA-N,natural
PT_0129,C=C1C2CCC(C2)C1(C)C,CRPUJAZIXJMDBK-UHFFFAOYSA-N,natural
PT_0130,C=C(C)C1CC=C(C)C(=O)C1,ULDHMXUKGWMISQ-UHFFFAOYSA-N,natural
PT_0131,CC12CCC(CC1)C(C)(C)O2,WEEGYLXZBRQIMU-UHFFFAOYSA-N,natural
PT_0132,Cc1ccc(C(C)C)cc1,HFPZCAJZSCWRBC-UHFFFAOYSA-N,natural
PT_0133,COc1c2ccoc2cc2cc(C)oc(=O)c12,BUZQIMYNOWPYHH-UHFFFAOYSA-N,natural
PT_0134,C=C(C)C1CC=C(C)CC1,XMGQYMWWDOXHJM-UHFFFAOYSA-N,natural
PT_0135,C=CC(=C)CCC=C(C)C,UAHWPYUMFXYFJY-UHFFFAOYSA-N,natural
PT_0136,CCCCCCCCCCCCCC(=O)O,TUNFSRHWOTWDNC-UHFFFAOYSA-N,natural
PT_0137,CCCCCCCC/C=C\CCCCCCCC(=O)O,ZQPPMHVWECSIRJ-KTKRTIGZSA-N,natural
PT_0138,CCCCCCCCCCCCCCCC(=O)O,IPCSVZSSVZVIGE-UHFFFAOYSA-N,natural
PT_0139,CC1=CCC(C(C)C)C=C1,OGLDWXZKYODSOB-UHFFFAOYSA-N,natural
PT_0140,C=C1C=CC(C(C)C)CC1,LFJQCDVYDGGFCH-UHFFFAOYSA-N,natural
PT_0141,CC1=CC=C(C(C)C)CC1,YHQGMYUVUMAZJR-UHFFFAOYSA-N,natural
PT_0142,CC(/C=C/C=C(\C)C(=O)O[C@@H]1O[C@H](CO[C@@H]2O[C@H](CO)[C@@H](O)[C@H](O)[C@H]2O)[C@@H](O)[C@H](O)[C@H]1O)=C\C=C\C=C(C)\C=C\C=C(/C)C(=O)O[C@@H]1O[C@H](CO[C@@H]2O[C@H](CO)[C@@H](O)[C@H](O)[C@H]2O)[C@@H](O)[C@H](O)[C@H]1O,SEBIKDIMAPSUBY-RTJKDTQDSA-N,natural
PT_0143,CC(/C=C/C=C(\C)C(=O)O)=C\C=C\C=C(C)\C=C\C=C(/C)C(=O)O,PANKHBYNKQNAHN-MQQNZMFNSA-N,natural
PT_0144,CC1=C(C=O)C(C)(C)CC=C1,SGAWOGXMMPSZPB-UHFFFAOYSA-N,natural
PT_0145,COc1ccc(-c2cc(=O)c3c(O)cc(O[C@@H]4O[C@H](CO[C@@H]5O[C@@H](C)[C@H](O)[C@@H](O)[C@H]5O)[C@@H](O)[C@H](O)[C@H]4O)cc3o2)cc1,YFVGIJBUXMQFOF-PJOVQGMDSA-N,natural
PT_0146,COc1c(O)cc(O)c2c(=O)cc(-c3ccccc3)oc12,XLTFNNCXVBYBSX-UHFFFAOYSA-N,natural
PT_0147,CC1(C)CC[C@]2(C)CC[C@]3(C)C(=CC[C@@H]4[C@@]5(C)CC[C@H](O)C(C)(C)[C@@H]5CC[C@]43C)[C@@H]2C1,JFSHUTJDVKUMTJ-QHPUVITPSA-N,natural
PT_0148,C=C(C)[C@@H]1CC[C@]2(C)CC[C@]3(C)[C@H](CC[C@@H]4[C@@]5(C)CC[C@H](O)C(C)(C)[C@@H]5CC[C@]43C)[C@@H]12,MQYXUWHLBZFQQO-QGTGJCAVSA-N,natural
PT_0149,CC1(C)CC[C@]2(C)CC[C@]3(C)C(=CC[C@@H]4[C@@]5(C)CC[C@@H](OC(=O)C=Cc6ccccc6)C(C)(C)[C@@H]5CC[C@]43C)[C@@H]2C1,YRLMHPNEDFFBTK-HJDFEDDDSA-N,natural
PT_0150,COc1c2ccoc2cc2oc(=O)ccc12,BGEBZHIAGXMEMV-UHFFFAOYSA-N,natural
PT_0151,CC(C)=CCC/C=C(\C)CCC=C(C)C,SATOEJVASOISEY-RVDMUPIBSA-N,natural
PT_0152,C=C[C@]1(C)CC[C@@H](C(=C)C)C[C@H]1C(=C)C,OPFTUNCRGUEPRZ-QLFBSQMISA-N,natural
PT_0153,CC[C@H](/C=C/[C@@H](C)[C@H]1CC[C@H]2[C@@H]3CC=C4C[C@@H](O)CC[C@]4(C)[C@H]3CC[C@]12C)C(C)C,HCXVJBMSMIARIN-PHZDYDNGSA-N,natural
PT_0154,C=C(C)[C@@H]1CC[C@]2(C)CC[C@]3(C)[C@H](CC[C@@H]4[C@@]5(C)CCC(=O)C(C)(C)[C@@H]5CC[C@]43C)[C@@H]12,GRBHNQFQFHLCHO-BHMAJAPKSA-N,natural
PT_0155,C[C@H]1[C@H](C)CC[C@]2(C)CC[C@]3(C)C(=CC[C@@H]4[C@@]5(C)CCC(=O)C(C)(C)[C@@H]5CC[C@]43C)[C@H]12,DIFWJJFSELKWGA-IPQOMUISSA-N,natural
PT_0157,Oc1ccc([C@H]2COc3cc(O)ccc3C2)cc1,ADFCQWZHKCXPAJ-GFCCVEGCSA-N,natural
PT_0158,O=C1C[C@@H](c2ccc(O)cc2)Oc2cc(O)cc(O)c21,FTVWIRXFELQLPI-ZDUSSCGKSA-N,natural
PT_0159,O=C1C[C@@H](c2ccccc2)Oc2cc(O)cc(O)c21,URFCJEUYXNAHFI-ZDUSSCGKSA-N,natural
PT_0160,O=c1c(O)c(-c2ccc(O)c(O)c2)oc2cc(O)cc(O)c12,REFJWTPEDVJJIY-UHFFFAOYSA-N,natural
PT_0162,CC(C)=CCc1cc(C(=O)CCc2ccccc2)c(O)c(CC=C(C)C)c1O,FNLZDTRDNGENRF-UHFFFAOYSA-N,natural
PT_0163,CC(C)=CCc1c(O)ccc(C(=O)/C=C/c2ccccc2)c1O,CHWWSUSAPRACBZ-FMIVXFBMSA-N,natural
PT_0164,Cc1c(C)c2c(c(C)c1O)CC[C@@](C)(CCC[C@H](C)CCC[C@H](C)CCCC(C)C)O2,GVJHHUAWPYXKBD-IEOSBIPESA-N,natural
PT_0165,CC(C)=CCC/C(C)=C/C=C/C(C)=C/C=C/C(C)=C/C=C/C=C(C)/C=C/C=C(C)/C=C/C=C(\C)CCC=C(C)C,OAIJSZIZWZSQBC-GYZMGTAESA-N,natural
PT_0166,CC1=C(/C=C/C(C)=C/C=C/C(C)=C/C=C/C=C(C)/C=C/C=C(C)/C=C/C2=C(C)CCCC2(C)C)C(C)(C)CCC1,OENHQHLEOONYIE-JLTXGRSLSA-N,natural
PT_0167,CC(C)=CCC/C(C)=C/CC/C(C)=C/CC/C(C)=C/C=C/C=C(\C)CC/C=C(\C)CC/C=C(\C)CCC=C(C)C,YVLPJIGOMTXXLP-KEKOKYSKSA-N,natural
PT_0168,CC(C)=CCC/C(C)=C/CC/C(C)=C/C=C/C(C)=C/C=C/C=C(\C)CC/C=C(\C)CC/C=C(\C)CCC=C(C)C,OVSVTCFNLSGAMM-OUOOUFEBSA-N,natural
PT_0169,O=C(O)/C=C/c1ccc(O)c(O)c1,QAIPRVGONGVQAS-DUXPYHPUSA-N,natural
PT_0170,O=C(O)c1cc(O)c(O)c(O)c1,LNTHITQWFMADLM-UHFFFAOYSA-N,natural
PT_0173,O=c1cc(-c2ccc(O)cc2)oc2c(C3OC(CO)C(O)C(O)C3O)c(O)c(C3OC(CO)C(O)C(O)C3O)c(O)c12,FIAAVMJLAGNUKW-UHFFFAOYSA-N,natural
PT_0174,CC[C@@H]1CN2CCc3c([nH]c4cccc(OC)c34)[C@@H]2C[C@@H]1/C(=C\OC)C(=O)OC,LELBFTMXCIIKKX-QVRQZEMUSA-N,natural
PT_0175,COC(=O)C1=CO[C@@H](C)[C@H]2CN3CC[C@]4(C(=O)Nc5ccccc54)[C@@H]3C[C@H]12,JMIAZDVHNCCPDM-DAFCLMLCSA-N,natural
PT_0176,CC[C@H]1CN2CC[C@]3(C(=O)Nc4ccccc43)[C@@H]2C[C@@H]1/C(=C\OC)C(=O)OC,DAXYUDFNWXHGBE-KAXDATADSA-N,natural
PT_0177,COC(=S)NCc1ccc(O[C@@H]2O[C@@H](C)[C@H](OC(C)=O)[C@@H](O)[C@H]2O)cc1,HMXLIRAHSHWREJ-QOYUQHOESA-N,natural
PT_0178,CCOC(=O)NCc1ccc(OC2OC(C)C(OC(C)=O)C(O)C2O)cc1,VMTHKXYSTHHGCH-UHFFFAOYSA-N,natural
PT_0179,CCOC(=S)C=NCc1ccc(O[C@@H]2O[C@@H](C)[C@H](OC(C)=O)[C@@H](O)[C@H]2O)cc1,DRPKGNAZZMOSQF-BXOSFRQCSA-N,natural
PT_0181,CC(C)[C@@H]1CC[C@]2(C)CCCC(=O)[C@]2(C)C1,HDVXJTYHXDVWQO-SNPRPXQTSA-N,natural
PT_0182,CC1CCC=C2CCC3C(C3(C)C)C21C,MBIPADCEHSKJDQ-UHFFFAOYSA-N,natural
PT_0183,C=C1CC[C@@H](C(C)C)C[C@@]12CCC[C@]2(C)O,AEUBOEQPIBOTGP-ILXRZTDVSA-N,natural
PT_0184,C[C@@H]1CCCC2=CC(=O)[C@@H]3[C@@H](C3(C)C)[C@]21C,UGVIZCBJCSXBCJ-JWFUOXDNSA-N,natural
PT_0185,C=C(C)[C@@H]1CCC2=CCC[C@@H](C)[C@]2(C)C1,QEBNYNLSCGVZOH-NFAWXSAZSA-N,natural
PT_0186,C[C@H]1CC[C@@]2(O)C(C)(C)[C@@H]3CC[C@@]2(C)[C@H]1C3,GGHMUJBZYLPWFD-CUZKYEQNSA-N,natural
PT_0187,CC1=CCC2CC1C2(C)C,GRWFGVWFFZKLTI-UHFFFAOYSA-N,natural
PT_0188,CC1=C2C3C(CCC2(C)CCC1)C3(C)C,UPGLJTCDRBIZKP-UHFFFAOYSA-N,natural
PT_0189,O=C(/C=C/c1ccc(O)c(O)c1)Oc1ccc2c(c1)C(=O)OCC2,AUWTYPJGEGCHGD-QHHAFSJGSA-N,natural
PT_0190,CC(C)=CCC[C@](C)(O[C@@H]1O[C@H](CO)[C@@H](O)[C@H](O)[C@H]1O)[C@H]1CC[C@]2(C)[C@@H]1[C@H](O)C[C@@H]1[C@@]3(C)CC[C@H](O)C(C)(C)[C@@H]3[C@@H](O[C@@H]3O[C@H](CO)[C@@H](O)[C@H](O)[C@H]3O)C[C@]12C,YURJSTAIMNSZAE-HHNZYBFYSA-N,natural
PT_0191,CC(C)=CCC[C@](C)(O[C@@H]1O[C@H](CO[C@@H]2O[C@H](CO)[C@@H](O)[C@H](O)[C@H]2O)[C@@H](O)[C@H](O)[C@H]1O)[C@H]1CC[C@]2(C)[C@@H]1[C@H](O)C[C@@H]1[C@@]3(C)CC[C@H](O[C@@H]4O[C@H](CO)[C@@H](O)[C@H](O)[C@H]4O[C@@H]4O[C@H](CO)[C@@H](O)[C@H](O)[C@H]4O)C(C)(C)[C@@H]3CC[C@]12C,GZYPWOGIYAIIPV-JBDTYSNRSA-N,natural
PT_0192,COc1cc(OC)c(OC)cc1CC1=c2c(OC)c(OC)cc(OC)c2=CC1,YLFPRBIFCLAORK-UHFFFAOYSA-N,natural
PT_0193,COc1ccc([C@H]2CC[C@H]2c2ccc(OC)c(OC)c2OC)c(OC)c1OC,HGRIBGVZXCNQEQ-OKILXGFUSA-N,natural
PT_0194,NCCCC(=O)O,BTCSSZJGUNDROE-UHFFFAOYSA-N,natural
PT_0195,CC(C)=CCC/C(C)=C/CC/C(C)=C/CC/C=C(\C)CC/C=C(\C)CCC=C(C)C,YYGNTYWPHWGJRM-AAJYLUCBSA-N,natural
PT_0196,CCCCCCCCCCCC(=O)O,POULHZVOKOAJMA-UHFFFAOYSA-N,natural
PT_0197,CCCCCCCCCC(=O)[O-],GHVNFZFCNZKVNT-UHFFFAOYSA-M,natural
PT_0198,CCCCCCCCCCCCCCCCCC(=O)[O-],QIQXTHQIDYTFRH-UHFFFAOYSA-M,natural
PT_0199,C/C(=C\CO)CCC[C@H](C)CCC[C@H](C)CCCC(C)C,BOTWFXYSPFMFNR-PYDDKJGSSA-N,natural
PT_0200,O[C@@H]1CO[C@H]2[C@@H]1OC[C@@H]2O,KLDXJTOLSGUMSJ-JGWLITMVSA-N,natural
PT_0201,O=C(/C=C/C=C/c1ccc2c(c1)OCO2)N1CCCCC1,MXXWOMGUGJBKIW-YPCIICBESA-N,natural
PT_0202,N#C[C@H](O[C@@H]1O[C@H](CO[C@@H]2O[C@H](CO)[C@@H](O)[C@H](O)[C@H]2O)[C@@H](O)[C@H](O)[C@H]1O)c1ccccc1,XUCIJNAGGSZNQT-JHSLDZJXSA-N,natural
PT_0203,N#C[C@H](O[C@@H]1O[C@H](CO)[C@@H](O)[C@H](O)[C@H]1O)c1ccccc1,ZKSZEJFBGODIJW-GMDXDWKASA-N,natural
PT_0204,O=C(/C=C/c1ccc(O)c(O)c1)O[C@@H]1C[C@](O)(C(=O)O)C[C@@H](O)[C@H]1O,CWVRJTMFETXNAD-JUHZACGLSA-N,natural
PT_0205,O=c1c(O)c(-c2ccc(O)cc2)oc2cc(O)cc(O)c12,IYRMWMYZSQPJKC-UHFFFAOYSA-N,natural
PT_0206,O=C(O)/C=C/c1ccc(O)cc1,NGSWKAQJJWESNS-ZZXKWVIFSA-N,natural
PT_0207,C#N,LELOWRISYMNNSU-UHFFFAOYSA-N,natural
PT_0208,C[C@@H]1O[C@@H](Oc2c(-c3ccc(O)c(O)c3)oc3cc(O)cc(O)c3c2=O)[C@H](O)[C@H](O)[C@H]1O,OXGUCUVFOIWWQJ-HQBVPOQASA-N,natural
PT_0209,O=C(O)C1(O)C[C@@H](O)C(O)[C@H](O)C1,AAWZDTNXLSGCEK-LNVDRNJUSA-N,natural
PT_0210,COC(=O)[C@H]1[C@H]2C[C@@H]3c4[nH]c5cc(OC)ccc5c4CCN3C[C@H]2C[C@@H](OC(=O)c2cc(OC)c(OC)c(OC)c2)[C@@H]1OC,QEVHRUUCFGRFIF-MDEJGZGSSA-N,natural
PT_0211,COC(=O)C1=CO[C@@H](C)[C@H]2CN3CCc4c([nH]c5ccccc45)[C@@H]3C[C@H]12,GRTOGORTSDXSFK-XJTZBENFSA-N,natural
PT_0212,C/C=C1\CN2CCc3c([nH]c4ccccc34)C2CC1C(Cc1c[n+]2c(c3[nH]c4ccccc4c13)CC1C(C(=O)OC)=COC(C)C1C2)C(=O)OC,QWAUBSSAJRGKPX-ZXKDJJQISA-O,natural
PT_0213,CC[C@H]1C2C[C@H]3[C@@H]4N(C)c5ccccc5C45C[C@@H](C2C5OC(=O)c2cc(OC)c(OC)c(OC)c2)N3[C@@H]1O,JCRQPLRRHXVYJF-DBROWAFRSA-N,natural
PT_0214,CC[C@H]1[C@@H]2C[C@H]3[C@@H]4N(C)c5ccccc5[C@]45C[C@@H]([C@H]2[C@H]5O)N3[C@@H]1O,CJDRUOGAGYHKKD-RQBLFBSQSA-N,natural
PT_0215,COC(=O)[C@H]1[C@H]2C[C@@H]3c4[nH]c5cc(OC)ccc5c4CCN3C[C@H]2C[C@@H](OC(=O)CCc2cc(OC)c(OC)c(OC)c2)[C@@H]1OC,PYYLUPQQQNZLDO-LAFLMMDJSA-N,natural
PT_0216,COC(=O)[C@H]1[C@H]2C[C@@H]3c4[nH]c5cc(OC)ccc5c4CCN3C[C@H]2C[C@@H](OC(=O)/C=C/c2cc(OC)c(OC)c(OC)c2)[C@@H]1OC,SZLZWPPUNLXJEA-QEGASFHISA-N,natural
PT_0217,COC(=O)C1=CO[C@@H](C)[C@@H]2CN3CCc4c([nH]c5cc(OC)c(OC)cc45)[C@H]3C[C@H]12,FGWJRZQNNZVCHR-BCRCDCHUSA-N,natural
PT_0218,COC(=O)C1=CO[C@@H](C)[C@H]2C[n+]3ccc4c([nH]c5ccccc54)c3C[C@H]12,WYTGDNHDOZPMIW-VBNZEHGJSA-O,natural
PT_0219,O=C(CCc1c[nH]c2ccccc12)OC1CCCCC1,WRQDMKSMJOELTQ-UHFFFAOYSA-N,natural
PT_0220,COC(=O)[C@@H]1[C@H]2C[C@H]3c4[nH]c5ccccc5c4CCN3C[C@@H]2CC[C@@H]1O,BLGXFZZNTVWLAY-SCYLSFHTSA-N,natural
PT_0221,COC(=O)[C@H]1[C@H]2C[C@@H]3c4[nH]c5ccccc5c4CCN3C[C@H]2C[C@@H](OC(=O)c2cc(OC)c(OC)c(OC)c2)[C@@H]1OC,CVBMAZKKCSYWQR-WCGOZPBSSA-N,natural
PT_0222,C[C@@H]1CC[C@]2(C(=O)O)CC[C@]3(C)C(=CC[C@@H]4[C@@]5(C)C[C@@H](O)[C@@H](O)C(C)(C)[C@@H]5CC[C@]43C)[C@@H]2[C@]1(C)O,OXVUXGFZHDKYLS-QUFHAEKXSA-N,natural
PT_0224,O=C(/C=C/c1ccc(O)c2c1[C@H](C(=O)O[C@H](Cc1ccc(O)c(O)c1)C(=O)[O-])[C@@H](c1ccc(O)c(O)c1)O2)O[C@H](Cc1ccc(O)c(O)c1)C(=O)[O-].[Mg+2],ANUBYMNVOPVATP-LKYMKJHQSA-L,natural
PT_0225,CC(C)=C[C@@H](O)[C@@H](O)/C(C)=C/CC/C(C)=C/CC[C@]1(C)CCc2cc(O)cc(C)c2O1,YIWOAJFKIIOXPS-RYZLOPLISA-N,natural
PT_0226,COc1ccc([C@@]23CCC(=O)C[C@@H]2N(C)CC3)cc1OC,DAHIQPJTGIHDGO-IRXDYDNUSA-N,natural
PT_0228,CC(=O)O[C@H]1C[C@]2(C)[C@@H]3C(=CC(=O)[C@@H]2C[C@H]1OC(C)=O)[C@]1(O)CC[C@H]([C@@](C)(O)[C@@H](CCC(C)C)OC(C)=O)[C@@]1(C)C[C@H]3OC(C)=O,SPCODOSFNAHUSO-CBPBOUPFSA-N,natural
PT_0229,COc1cc2ccc(=O)oc2cc1O,RODXRVNMMDRFIK-UHFFFAOYSA-N,natural
PT_0230,COc1cc([C@H]2Oc3c(OC)cc4ccc(=O)oc4c3O[C@@H]2CO)ccc1O,OCBGWPJNUZMLCA-NVXWUHKLSA-N,natural
PT_0231,COc1cc([C@H]2Oc3c(OC)cc4ccc(=O)oc4c3O[C@@H]2CO)cc(OC)c1O,GZXPCBAETDEQAX-CRAIPNDOSA-N,natural
PT_0232,COc1ccc(-c2oc3cc(OC)c(OC)c(O)c3c(=O)c2OC)cc1OC,RIGYMJVFEJNCKD-UHFFFAOYSA-N,natural
PT_0235,COc1ccc(-c2cc(=O)c3c(O)cc(O)cc3o2)cc1O,MBNGWHIJMBWFHU-UHFFFAOYSA-N,natural
PT_0238,C=C(C)C(O)CC/C(C)=C/Cc1c(O)ccc(C(=O)/C=C/c2ccc(O)cc2)c1O,NCHZAFAGBAEJJJ-BAYITLGHSA-N,natural
PT_0239,COc1ccc(C(=O)/C=C/c2ccc(O)cc2)c(O)c1CC=C(C)C,XDKYBPGIBVMHHB-KPKJPENVSA-N,natural
PT_0240,O=c1cc(-c2ccccc2)oc2cc(O)cc(O)c12,RTIXKCRFFJGDFG-UHFFFAOYSA-N,natural
PT_0242,COc1ccc([C@@H]2CC(=O)c3c(O)cc(O)cc3O2)cc1O,AIONOLUJZLIMTK-AWEZNQCLSA-N,natural
PT_0243,C[C@@H]1O[C@@H](O[C@@H]2[C@@H](O)[C@H](OCCc3ccc(O)c(O)c3)O[C@H](CO[C@@H]3O[C@H](CO)[C@@H](O)[C@H](O)[C@H]3O)[C@H]2O)[C@H](O)[C@H](O)[C@H]1O,ASDOWCHSFUIEHY-JBJDDMAESA-N,natural
PT_0244,C[C@@H]1O[C@@H](CO[C@@H]2[C@@H](O)[C@H](O)O[C@H](CO[C@@H]3O[C@H](CO)[C@@H](O)[C@H](O)[C@H]3O)[C@H]2OC(=O)/C=C/c2ccc(O)c(O)c2)[C@H](O)[C@H](O)[C@H]1O,KNOFCZGZWCPZEU-QTPUSYSKSA-N,natural
PT_0245,C[C@@H]1O[C@@H](O[C@@H]2[C@@H](O)[C@H](OCCc3ccc(O)c(O)c3)O[C@H](CO[C@@H]3O[C@H](CO)[C@@H](O)[C@H](O)[C@H]3O)[C@H]2OC(=O)/C=C/c2ccc(O)c(O)c2)[C@H](O)[C@H](O)[C@H]1O,FSBUXLDOLNLABB-ISAKITKMSA-N,natural
PT_0247,C[C@@H]1O[C@@H](O[C@@H]([C@H](OC(=O)/C=C/c2ccc(O)c(O)c2)[C@H](O)CO)[C@@H](O)C=O)[C@H](O)[C@H](O)[C@H]1O,KARNWFDIYRKBOE-BHSPTIPFSA-N,natural
PT_0249,COc1cc(/C=C/C(=O)O[C@H]2[C@H](O[C@@H]3O[C@@H](C)[C@H](O)[C@@H](O)[C@H]3O)[C@@H](O)[C@H](OCCc3ccc(O)c(O)c3)O[C@@H]2CO)ccc1O,ZMYQRHSOVRDQDL-CPPDSBOHSA-N,natural
PT_0250,COc1ccc(CCO[C@@H]2O[C@H](CO)[C@@H](OC(=O)/C=C/c3ccc(O)c(OC)c3)[C@H](O[C@@H]3O[C@@H](C)[C@H](O)[C@@H](O)[C@H]3O)[C@H]2O)cc1O,WLWAYPFRKDSFCL-CNMJWYMJSA-N,natural
PT_0256,C[C@@H]1O[C@@H](O[C@H]2C(=O)c3c(O)cc(O)cc3O[C@@H]2c2ccc(O)c(O)c2)[C@H](O)[C@H](O)[C@H]1O,ZROGCCBNZBKLEL-MPRHSVQHSA-N,natural
PT_0257,O=C(O[C@@H]1O[C@@H]2COC(=O)c3cc(O)c(O)c(O)c3-c3c(cc(O)c(O)c3O)C(=O)O[C@H]([C@H]1O)[C@@H]2O)c1cc(O)c(O)c(O)c1,TUSDEZXZIZRFGC-XIGLUPEJSA-N,natural
PT_0262,O=C1OC[C@@H](O)[C@H]([C@@H]2OC(=O)c3cc(O)c(O)c(O)c3-c3c(O)c(O)c(O)c4c3C(=O)O[C@H]2[C@@H]4O)OC(=O)c2cc(O)c(O)c(O)c2-c2c1cc(O)c(O)c2O,CHBITXAMNKHJCR-JNUHSSLSSA-N,natural
PT_0264,Oc1cc(O)c2c(c1)OC(c1ccc(O)c(O)c1)C(OC1(c3ccc(O)c(O)c3)Oc3cc(O)cc(O)c3C(O)C1O)C2,HGVVOUNEGQIPMS-UHFFFAOYSA-N,natural
PT_0267,Cc1nc(C)c(C)nc1C,FINHMKGKINIASC-UHFFFAOYSA-N,natural
PT_0271,COc1cc2c(cc1OC)-c1c3c(cc4c1[C@H](C2)N(C)CC4)OCO3,YJWBWQWUHVXPNC-AWEZNQCLSA-N,natural
PT_0274,COC(=O)C1CC(=O)c2oc(=O)c3cc(O)c(O)c(O)c3c21,JNWDNAASYHRXMG-UHFFFAOYSA-N,natural
PT_0275,O=C1O[C@H]2[C@@H]3OC(=O)c4cc(O)c(O)c(O)c4-c4c(cc(O)c(O)c4O)C(=O)OC[C@H]2O[C@@H](OC(=O)c2cc(O)c(O)c(O)c2)[C@@H]3OC(=O)c2cc(O)c(O)c3c2[C@@H]2C1=CC(=O)[C@](O)(O3)C2(O)O,JQQBXPCJFAKSPG-SVYIMCMUSA-N,natural
PT_0277,O=C(/C=C/c1ccc(O)c2c1[C@H](C(=O)O)[C@@H](c1ccc(O)c(O)c1)O2)O[C@H](Cc1ccc(O)c(O)c1)C(=O)O,UJZQBMQZMKFSRV-RGKBJLTCSA-N,natural
PT_0279,O=c1cc(-c2ccc(O)c(-c3c(O)cc(O)c4c(=O)cc(-c5ccc(O)cc5)oc34)c2)oc2cc(O)cc(O)c12,YUSWMAULDXZHPY-UHFFFAOYSA-N,natural
PT_0280,O=c1c(O[C@@H]2O[C@H]([C@H](O)CO)[C@H](O)[C@H]2O)c(-c2ccc(O)c(O)c2)oc2cc(O)cc(O)c12,OPJZLUXFQFQYAI-GNPVFZCLSA-N,natural
PT_0282,CCCCC[C@H](O)CC(=O)CCc1ccc(O)c(OC)c1,NLDDIKRKFXEWBK-AWEZNQCLSA-N,natural
PT_0283,CCCCC/C=C/C(=O)CCc1ccc(O)c(OC)c1,OQWKEEOHDMUXEO-BQYQJAHWSA-N,natural
PT_0284,COc1cc(CCC(C)=O)ccc1O,OJYLAHXKWMRDGS-UHFFFAOYSA-N,natural
PT_0285,CCCCCCCC(=O)CCc1ccc(O)c(OC)c1,CZNLTCTYLMYLHL-UHFFFAOYSA-N,natural
PT_0288,CN1CCc2cc3c(c4c2[C@H]1Cc1cccc(O)c1-4)OCO3,IKMXUUHNYQWZBC-GFCCVEGCSA-N,natural
PT_0289,COc1cc2c(cc1OC)-c1c3c(c(OC)c4c1[C@H](C2)N(C)CC4)OCO3,XEZKWYLHAOYOCL-AWEZNQCLSA-N,natural
PT_0290,COc1cc2c(cc1OC)C1Cc3ccc(OC)c(OC)c3CN1CC2,AEQDJSLRWYMAQI-UHFFFAOYSA-N,natural
PT_0291,O=c1c2ccccc2nc2n1CCc1c-2[nH]c2ccccc12,ACVGWSKVRYFWRP-UHFFFAOYSA-N,natural
PT_0293,C[C@H]1CC[C@@H]2N(C1)C[C@H]1[C@@H]3C[C@H]4[C@@H](C[C@H](O)[C@H]5C[C@@H](O)CC[C@@]54C)[C@@H]3CC[C@@H]1[C@]2(C)O,IUKLSMSEHKDIIP-BZMYINFQSA-N,natural
PT_0295,COc1cc2c(cc1O)CC1c3c(cc4c(c3-2)OCO4)CCN1C,MPWZJVCAMFAIGV-UHFFFAOYSA-N,natural
PT_0301,COc1cc2c3c(c1OC)-c1cc4c(cc1C[C@@H]3N(C)CC2)OCO4,WSVWKHTVFGTTKJ-AWEZNQCLSA-N,natural
PT_0302,COc1cc2c3c(c1O)-c1cc4c(cc1C[C@@H]3N(C)CC2)OCO4,ZMNSHBTYBQNBPV-ZDUSSCGKSA-N,natural
PT_0304,COc1cc2c3c(c1OC)Oc1ccc(cc1)C[C@@H]1c4c(cc(OC)c(OC)c4Oc4ccc(cc4)C[C@H]3N(C)CC2)CCN1C,ANOXEUSGZWSCQL-LOYHVIPDSA-N,natural
PT_0306,CC[C@H]1CN2CCc3c([nH]c4ccccc34)[C@H]2C[C@@H]1/C(=C\OC)C(=O)OC,NMLUOJBSAYAYEM-AZQGJTAVSA-N,natural
PT_0308,COc1cc(C(=O)OCCCCN=C(N)N)cc(OC)c1O,WNGSUWLDMZFYNZ-UHFFFAOYSA-N,natural
PT_0309,COc1ccc([C@@H]2[C@@H](C(=O)NCCCCNC(N)=NCC=C(C)C)[C@@H](C(=O)NCCCCNC(N)=NCC=C(C)C)[C@@H]2c2ccc(OC)c(OC)c2)cc1OC,RFPXODBPOYUIKB-XGEXKBAQSA-N,natural
PT_0310,CC(C)=CCC/C(C)=C/COc1ccc2ccc(=O)oc2c1,RSDDHGSKLOSQFK-RVDMUPIBSA-N,natural
PT_0311,C=C1CC[C@@H]2[C@](C)(CO)[C@H](O)CC[C@@]2(C)[C@@H]1/C=C/C1=CCOC1=O,XMJAJFVLHDIEHF-CRBRZBHVSA-N,natural
PT_0312,C=C[C@@]1(C)CC(=O)[C@]2(O)[C@@]3(C)[C@@H](O)CCC(C)(C)[C@@H]3[C@H](O)[C@H](OC(C)=O)[C@@]2(C)O1,OHCQJHSOBUTRHG-KGGHGJDLSA-N,natural
PT_0314,CC1=CC(=O)C[C@H]2[C@H]1CC[C@@H](C)[C@]21C[C@H](c2ccoc2)OC1=O,PHTWCRQCDPNVLQ-WCARXYILSA-N,natural
PT_0315,C[C@@H]1C[C@@H](O)[C@H]2[C@@](C)(CO)CCC[C@]2(C)[C@@]1(O)CCc1ccoc1,NZMHIKFTAXRIDL-FQFOHHTNSA-N,natural
PT_0316,CC(C)=C1CC[C@]2(C)O[C@@H]2C1=O,AKASWINDKIEEBO-ZJUUUORDSA-N,natural
PT_0317,C=C1CCC2C(C)(C)CCCC2(C)C1CCC(C)CC(=O)O,NALGVVPRJHXHNM-UHFFFAOYSA-N,natural
PT_0318,C=CCc1ccc(O)c(OC)c1,RRAFCDWBNXTKKO-UHFFFAOYSA-N,natural
PT_0319,C/C=C(/C)C(=O)O[C@@H]1CCC2=CC(=O)C(=C(C)C)C[C@]2(C)[C@H]1C,OFDHBFFGRFCQOW-KSEJUSODSA-N,natural
PT_0320,CC1=CCC[C@@H]2[C@@](C)(CC/C(C)=C/C(=O)O)[C@H](C)CC[C@@]12C,NLVMTSRTOGOFQD-MWRQYBNOSA-N,natural
PT_0321,C=C1C[C@@]23CC[C@H]4[C@@](C)(CCC[C@@]4(C)C(=O)O[C@@H]4O[C@H](CO)[C@@H](O)[C@H](O)[C@H]4O)[C@@H]2CC[C@]1(O[C@@H]1O[C@H](CO)[C@@H](O)[C@H](O)[C@H]1O[C@@H]1O[C@H](CO)[C@@H](O)[C@H](O)[C@H]1O)C3,UEDUENGHJMELGK-HYDKPPNVSA-N,natural
PT_0322,C=C[C@]1(C)C=C2C(=O)C[C@H]3[C@@](C)(CCC[C@@]3(C)C(=O)O)[C@@H]2CC1,TWQIAJPCUCIDQX-YANNOABASA-N,natural
PT_0323,CO[C@]1(C)CC23CCC4[C@@](C)(CCC[C@@]4(C)C(=O)O)C2C=CC1C3,ROBMOMXXAIGYDT-OXYUPUKRSA-N,natural
PT_0324,C[C@@H]1CC[C@@]2(OC1)O[C@H]1C[C@H]3[C@@H]4CC=C5C[C@@H](O)[C@H](O)C[C@]5(C)[C@H]4CC[C@]3(C)[C@H]1[C@@H]2C,ORXKASWXOVPKDV-UBWBUNFISA-N,natural
PT_0325,C[C@@H]1CC[C@@]2(OC1)O[C@H]1C[C@H]3[C@@H]4CC[C@@]5(O)C[C@@H](O)[C@H](O)C[C@]5(C)[C@H]4CC[C@]3(C)[C@H]1[C@@H]2C,IWRHKMTUIIDCDO-FHSZOFNGSA-N,natural
PT_0326,CCCCC(CC)COC(=O)c1ccccc1C(=O)[O-],DJDSLBVSSOQSLW-UHFFFAOYSA-M,natural
PT_0327,O=C(O)c1ccccc1C(=O)O,XNGIFLGASWRNHJ-UHFFFAOYSA-N,natural
PT_0328,CCCCCCCCCCCCCCCCCCCCCC,HOWGUJZVBDQJKV-UHFFFAOYSA-N,natural
PT_0329,CCCCCCCCCCCCCCCCCCCC,CBFCDTFDPHXCNY-UHFFFAOYSA-N,natural
PT_0331,O=C(O)c1cccnc1,PVNIIMVLHYAWGP-UHFFFAOYSA-N,natural
PT_0332,Cc1ncc(C[n+]2csc(CCO)c2C)c(N)n1,JZRWCGZRTZMZEH-UHFFFAOYSA-N,natural
PT_0333,Cc1cc2nc3c(=O)[nH]c(=O)nc-3n(C[C@H](O)[C@H](O)[C@H](O)CO)c2cc1C,AUNGANRZJHBGPY-SCRDCRAPSA-N,natural
PT_0336,O=C(O)C(=O)O,MUBZPKHOEPUJKR-UHFFFAOYSA-N,natural
PT_0337,OC[C@H]1O[C@@H](OCCc2ccc(O)cc2)[C@H](O)[C@@H](O)[C@@H]1O,ILRCGYURZSFMEG-RKQHYHRCSA-N,natural
PT_0338,OC[C@H]1O[C@@H](OCc2ccccc2)[C@H](O)[C@@H](O)[C@@H]1O,GKHCBYYBLTXYEV-UJPOAAIJSA-N,natural
PT_0339,CCCCCCCCCCCCCCCCCCCCCC(=O)O,UKMSUNONTOPOIO-UHFFFAOYSA-N,natural
PT_0340,O=C(O)C1=N[C@H](C(=O)O)CC(/C=C/N2c3cc(O)c(O)cc3C[C@H]2C(=O)O)=C1,BBJUSJOGHYQDQX-WODDMCJRSA-N,natural
PT_0341,O=C(O)C1=N[C@@H](C(=O)O)CC(/C=C/N2c3cc(O)c(O[C@@H]4O[C@H](CO)[C@@H](O)[C@H](O)[C@H]4O)cc3C[C@H]2C(=O)O)=C1,CTMLKIKAUFEMLE-DLTLVQJYSA-N,natural
PT_0342,CC1=CC(=O)C(C(C)C)=CC1=O,KEQHJBNSCLWCAE-UHFFFAOYSA-N,natural
PT_0343,C/C=C1/[C@H](O[C@@H]2O[C@H](CO)[C@@H](O)[C@H](O)[C@H]2O)OC=C(C(=O)OC)[C@H]1CC(=O)OCCc1ccc(O)c(O)c1,RFWGABANNQMHMZ-ZCHJGGQASA-N,natural
PT_0344,O=c1ccc2cc(O[C@@H]3O[C@H](CO)[C@@H](O)[C@H](O)[C@H]3O)c(O)cc2o1,XHCADAYNFIFUHF-TVKJYDDYSA-N,natural
PT_0345,COc1cc2ccc(=O)oc2cc1O[C@@H]1O[C@H](CO)[C@@H](O)[C@H](O)[C@H]1O,SGTCGCCQZOUMJJ-YMILTQATSA-N,natural
PT_0346,CC1(C)CC[C@]2(C(=O)O)CC[C@]3(C)C(=CC[C@@H]4[C@@]5(C)CC[C@H](O)C(C)(C)[C@@H]5CC[C@]43C)[C@@H]2C1,MIJYXULNPSFWEK-GTOFXWBISA-N,natural
PT_0347,CC(C)c1cccc(C(C)C)c1O,OLBCVFGFOZPWHH-UHFFFAOYSA-N,natural
PT_0348,O=C(/C=C/c1ccc(O)c(O)c1)O[C@H](Cc1ccc(O)c(O)c1)C(=O)O,DOUMFZQKYFQNTF-WUTVXBCWSA-N,natural
PT_0349,O=C(O)[C@H]1O[C@@H](Oc2cc3oc(-c4ccccc4)cc(=O)c3c(O)c2O)[C@H](O)[C@@H](O)[C@@H]1O,IKIIZLYTISPENI-ZFORQUDYSA-N,natural
PT_0353,O=c1cc(-c2ccc(O)cc2)oc2c([C@@H]3O[C@H](CO)[C@@H](O)[C@H](O)[C@H]3O)c(O)c([C@@H]3O[C@H](CO)[C@@H](O)[C@H](O)[C@H]3O)c(O)c12,FIAAVMJLAGNUKW-VQVVXJKKSA-N,natural
PT_0354,COc1ccc2cc3[n+](cc2c1OC)CCc1cc2c(cc1-3)OCO2,YBHILYKTIRIUTE-UHFFFAOYSA-N,natural
PT_0355,CCCCCCCC(O)CC(=O)CCc1ccc(O)c(OC)c1,BCIWKKMTBRYQJU-UHFFFAOYSA-N,natural
PT_0356,Oc1cc(O)c2c(c1)O[C@H](c1ccc(O)c(O)c1)[C@H](O)[C@H]2c1c(O)cc2c(c1O)C[C@@H](O)[C@@H](c1ccc(O)c(O)c1)O2,GMISZFQPFDAPGI-CVJZBMGUSA-N,natural
PT_0357,Oc1cc(O)c2c(c1)O[C@H](c1ccc(O)c(O)c1)[C@@H](O)[C@@H]2c1c(O)cc(O)c2c1O[C@H](c1ccc(O)c(O)c1)[C@@H](O)C2,XFZJEEAOWLFHDH-AVFWISQGSA-N,natural
PT_0358,Oc1cc(O)c2c(c1)O[C@H](c1ccc(O)c(O)c1)[C@@H](O)C2,PFTAWBLQPZVEMU-DZGCQCFKSA-N,natural
PT_0359,Oc1cc(O)c2c(c1)O[C@H](c1ccc(O)c(O)c1)[C@H](O)[C@H]2c1c(O)cc(O)c2c1O[C@H](c1ccc(O)c(O)c1)[C@H](O)C2,XFZJEEAOWLFHDH-NFJBMHMQSA-N,natural
PT_0360,Oc1cc(O)c2c(c1)O[C@H](c1ccc(O)c(O)c1)[C@H](O)[C@H]2c1c(O)cc(O)c2c1O[C@H](c1ccc(O)c(O)c1)[C@H](O)[C@H]2c1c(O)cc(O)c2c1O[C@H](c1ccc(O)c(O)c1)[C@H](O)C2,MOJZMWJRUKIQGL-XILRTYJMSA-N,natural
PT_0361,O=c1cc(-c2ccc(O)c(O)c2)oc2c([C@@H]3O[C@H](CO)[C@@H](O)[C@H](O)[C@H]3O)c(O)cc(O)c12,PLAPMLGJVGLZOV-VPRICQMDSA-N,natural
PT_0362,O=c1cc(-c2ccc(O)c(O)c2)oc2cc(O)c([C@@H]3O[C@H](CO)[C@@H](O)[C@H](O)[C@H]3O)c(O)c12,ODBRNZZJSYPIDI-VJXVFPJBSA-N,natural
PT_0363,O=c1cc(-c2ccc(O)cc2)oc2cc(O)c([C@@H]3O[C@H](CO)[C@@H](O)[C@H](O)[C@H]3O)c(O)c12,MYXNWGACZJSMBT-VJXVFPJBSA-N,natural
PT_0364,O=c1c(O)c(-c2ccc(O)c(O)c2)oc2cc(O[C@@H]3O[C@H](CO)[C@@H](O)[C@H](O)[C@H]3O)c(O)c(O)c12,IDTDRZPBDLMCLB-HSOQPIRZSA-N,natural
PT_0365,O=C1C[C@@H](c2ccc(O)c(O)c2)Oc2c1ccc(O[C@@H]1O[C@H](CO)[C@@H](O)[C@H](O)[C@H]1O)c2O,DGGOLFCPSUVVHX-RTHJTPBESA-N,natural
PT_0366,O=C(/C=C/c1ccc(O)c(O)c1)c1ccc(O[C@@H]2O[C@H](CO)[C@@H](O)[C@H](O)[C@H]2O)c(O)c1O,XGEYXJDOVMEJNG-HTFDPZBKSA-N,natural
PT_0369,O=C1c2c(O)cc(O)cc2O[C@H](c2ccc(O)cc2)C1O,PADQINQHPQKXNL-YSSOQSIOSA-N,natural
PT_0370,O=C1c2c(O)cc(O)cc2O[C@H](c2ccc(O)c(O)c2)[C@H]1O,CXQWRCVTCMQVQX-LSDHHAIUSA-N,natural
PT_0371,COc1cc(-c2oc3cc(O)cc(O)c3c(=O)c2O)ccc1O,IZQSVPBOUDKVDZ-UHFFFAOYSA-N,natural
PT_0372,O=C(/C=C/c1ccc(O)c(O)c1)O[C@@H]1C[C@@](OC(=O)/C=C/c2ccc(O)c(O)c2)(C(=O)O)C[C@@H](O)[C@@H]1O,YDDUMTOHNYZQPO-RVXRWRFUSA-N,natural
PT_0373,COc1c(O)c(-c2c(O)c(OC)c(OC)c3c2cc(OC)c2cc(O)ccc23)c2cc(OC)c3cc(O)ccc3c2c1OC,DPBXUMRHNZGPCT-UHFFFAOYSA-N,natural
PT_0374,COc1cc(C[C@@H](CO[C@@H]2O[C@H](CO)[C@@H](O)[C@H](O)[C@H]2O)[C@H](CO[C@@H]2O[C@H](CO)[C@@H](O)[C@H](O)[C@H]2O)Cc2ccc(O)c(OC)c2)ccc1O,SBVBJPHMDABKJV-PGCJWIIOSA-N,natural
PT_0377,COc1cc(C(C)=O)cc2c1OC(C)(C)C=C2,UZSIRLFMNAGZAL-UHFFFAOYSA-N,natural
PT_0378,COc1c(C(C)O)cc2c(c1OC)OC(C)(C)C=C2,WLLPYKPZYOAPQI-UHFFFAOYSA-N,natural
PT_0379,CO[C@H]1OC(OC(=O)c2cc(O)c(O)c(O)c2)[C@H](O)[C@@H](O)[C@@H]1O,KGHSLXLLBHRMML-PHSPRSPYSA-N,natural
PT_0381,O=C(O)C1=C[C@@H](OC(=O)c2cc(O)c(O)c(O)c2)[C@@H](O)[C@H](OC(=O)c2cc(O)c(O)c(O)c2)C1,GASRJYBPBZZTBO-IIDMSEBBSA-N,natural
PT_0382,COC(=O)c1cc(O)c(O)c(O)c1,FBSFWRHWHYMIOG-UHFFFAOYSA-N,natural
PT_0383,O=C(Oc1c(O)cc(C(=O)O[C@@H]2C[C@@](O)(C(=O)O)C[C@@H](OC(=O)c3cc(O)c(O)c(O)c3)[C@@H]2OC(=O)c2cc(O)c(O)c(O)c2)cc1O)c1cc(O)c(O)c(O)c1,OFTCZZCLDWTQNJ-JUUXLJTDSA-N,natural
PT_0384,O=C(O)c1cc(O)c(O)c(OC(=O)c2cc(O)c(O)c(O)c2)c1,COVFEVWNJUOYRL-UHFFFAOYSA-N,natural
PT_0385,O=C(C(=O)[C@@](O)(C(=O)c1cc(O)c(O)c(O)c1)[C@](O)(C(=O)c1cc(O)c(O)c(O)c1)[C@H](O)[C@H](O)CO)c1cc(O)c(O)c(O)c1,UHDJFCOJSFPKML-UOAHBSSISA-N,natural
PT_0387,COc1cc(O)c2c(=O)cc(-c3ccc(OC)c(OC)c3)oc2c1,HIXDQWDOVZUNNA-UHFFFAOYSA-N,natural
PT_0388,O=c1cc(-c2ccc(O)cc2)oc2cccc(OC[C@@H]3O[C@H](CO)[C@@H](O)[C@H](O)[C@H]3O)c12,XKVGVPZYBWLKOA-UXJHKWJQSA-N,natural
PT_0389,O=C(O)/C=C/c1ccccc1,WBYWAXJHAXSJNI-VOTSOKGWSA-N,natural
PT_0390,COc1cc2ccc(=O)oc2c(OC)c1OC,RAYQKHLZHPFYEJ-UHFFFAOYSA-N,natural
PT_0391,COc1cc2ccc(=O)oc2cc1OC,GUAFOGOEJLSQBT-UHFFFAOYSA-N,natural
PT_0392,C=C1CC[C@@H]2[C@H]([C@H]3[C@H]1CC[C@]3(C)O)C2(C)C,FRMCCTDTYSRUBE-BGPZULBFSA-N,natural
PT_0393,O=C(O[C@H]1Cc2c(O)cc(O)cc2O[C@H]1c1ccc(O)c(O)c1)c1cc(O)c(O)c(O)c1,LSHVYAFMTMFKBA-FPOVZHCZSA-N,natural
PT_0394,O=C(O[C@@H]1Cc2c(O)cc(O)cc2O[C@@H]1c1cc(O)c(O)c(O)c1)c1cc(O)c(O)c(O)c1,WMBWREPUVVBILR-WIYYLYMNSA-N,natural
PT_0395,CCCCCCC(=O)c1cc(O)c(O)c(O)c1,LJPMCPHSTVMALD-UHFFFAOYSA-N,natural
PT_0397,C=C1CC[C@@H]2[C@](C)(CO)[C@H](O)CC[C@@]2(C)[C@@H]1CCC1=CCOC1=O,GVRNTWSGBWPJGS-YSDSKTICSA-N,natural
PT_0402,CC1=C(C=O)C(C)(C)C[C@H](O[C@@H]2O[C@H](CO)[C@@H](O)[C@H](O)[C@H]2O)C1,WMHJCSAICLADIN-WYWSWGBSSA-N,natural
PT_0404,CC(C)=CCC/C(C)=C/C=O,WTEVQBCEXWBHNA-JXMROGBWSA-N,natural
PT_0405,Cc1ccc(NC(=O)c2ccc(CN3CCN(C)CC3)cc2)cc1Nc1nccc(-c2cccnc2)n1,KTUFNOKKBVMGRW-UHFFFAOYSA-N,natural
PT_0407,CC(C)=CCCC(C)CC=O,NEHNMFOYXAPHSD-UHFFFAOYSA-N,natural
PT_0408,Cc1ccc(C(C)C)c(O)c1,MGSRCZKZVOBKFT-UHFFFAOYSA-N,natural
PT_0409,Cc1cc(O)c(C(C)C)cc1O,OQIOHYHRGZNZCW-UHFFFAOYSA-N,natural
PT_0411,CC(C)C1=CC(=O)C2(C)C(C1=O)C1(C)C(=O)C=C(C(C)C)C(=O)C21,FPRGRROJPRIHJP-UHFFFAOYSA-N,natural
PT_0412,CC(C)=CCC[C@](C)(O)[C@H]1CC[C@]2(C)[C@@H]1[C@H](O)C[C@@H]1[C@@]3(C)CC[C@H](O[C@@H]4O[C@H](CO)[C@@H](O)[C@H](O)[C@H]4O[C@@H]4O[C@H](CO)[C@@H](O)[C@H](O)[C@H]4O)C(C)(C)[C@@H]3CC[C@]12C,RWXIFXNRCLMQCD-JBVRGBGGSA-N,natural
PT_0413,CC(C)=CCC[C@](C)(O[C@@H]1O[C@H](CO)[C@@H](O)[C@H](O)[C@H]1O)[C@H]1CC[C@]2(C)[C@@H]1[C@H](O)C[C@@H]1[C@@]3(C)CC[C@H](O)C(C)(C)[C@@H]3[C@@H](O[C@@H]3O[C@H](CO)[C@@H](O)[C@H](O)[C@H]3O[C@@H]3O[C@@H](C)[C@H](O)[C@@H](O)[C@H]3O)C[C@]12C,PWAOOJDMFUQOKB-WCZZMFLVSA-N,natural
PT_0414,Cc1coc2c1C(=O)C(=O)c1c-2ccc2c(C)cccc12,AIGAZQPHXLWMOJ-UHFFFAOYSA-N,natural
PT_0415,Cc1coc2c1C(=O)C(=O)c1c-2ccc2c1CCCC2(C)C,HYXITZLLTYIPOF-UHFFFAOYSA-N,natural
PT_0416,O=C(/C=C/c1ccc(O)c(O)c1/C=C/c1ccc(O)c(O)c1)O[C@H](Cc1ccc(O)c(O)c1)C(=O)O,YMGFTDKNIWPMGF-UCPJVGPRSA-N,natural
PT_0417,CCCCC[C@H](O)C[C@H](O)CCc1ccc(O)c(OC)c1,QYXKQNMJTHPKBP-LSDHHAIUSA-N,natural
PT_0419,CCCCCC(=O)CC(=O)CCc1ccc(O)c(OC)c1,KMNVXQHNIWUUSE-UHFFFAOYSA-N,natural
PT_0420,COc1cc(CNC(=O)CCCC/C=C/C(C)C)ccc1O,YKPUWZUDDOIDPM-SOFGYWHQSA-N,natural
PT_0421,COc1cc(/C=C/C(=O)CC(=O)/C=C/c2ccc(O)c(OC)c2)ccc1O,VFLDPWHFBUODDF-FCXRPNKRSA-N,natural
PT_0422,CCCCC/C=C/C(=O)CCc1ccc(O[Si](C)(C)C)c(OC)c1,NMBUJLNQCJYCNL-ZHACJKMWSA-N,natural
PT_0423,C[C@@H]1CC[C@@]2(OC1)O[C@H]1C[C@H]3[C@@H]4CC[C@H]5C[C@@H](O)CC[C@]5(C)[C@H]4CC[C@]3(C)[C@H]1[C@@H]2C,GMBQZIIUCVWOCD-MFRNJXNGSA-N,natural
PT_0424,C[C@H]1CC[C@@]2(OC1)O[C@H]1C[C@H]3[C@@H]4CC[C@H]5C[C@@H](O)CC[C@]5(C)[C@H]4CC[C@]3(C)[C@H]1[C@@H]2C,GMBQZIIUCVWOCD-PUHUBZITSA-N,natural
PT_0425,C[C@@H]1CC[C@@]2(OC1)O[C@H]1C[C@H]3[C@@H]4CC[C@H]5C[C@@H](O)CC[C@]5(C)[C@H]4CC(=O)[C@]3(C)[C@H]1[C@@H]2C,QOLRLLFJMZLYQJ-LOBDNJQFSA-N,natural
PT_0426,C[C@H]1CC[C@@]2(OC1)O[C@@]1(C)C[C@H]3[C@@H]4CC[C@H]5C[C@@H](O)CC[C@]5(C)[C@H]4CC(=O)[C@]3(C)[C@H]1[C@@H]2C,PSLDGUSFVAQHTC-NKLIXHLWSA-N,natural
PT_0427,C[C@@H]1CC[C@@]2(OC1)O[C@H]1C[C@H]3[C@@H]4CC[C@H]5C[C@@H](O)[C@H](O)C[C@]5(C)[C@H]4CC[C@]3(C)[C@H]1[C@@H]2C,FWCXELAAYFYCSR-RYKNUXCGSA-N,natural
PT_0428,C[C@@H]1CC[C@@]2(OC1)O[C@H]1C[C@H]3[C@@H]4CC=C5C[C@@H](O)CC[C@]5(C)[C@H]4CC[C@]3(C)[C@H]1[C@@H]2C,WQLVFSAGQJTQCK-VKROHFNGSA-N,natural
PT_0431,COC1=CC=C2[C@H]3Cc4ccc(OC)c5c4[C@@]2(CCN3C)[C@H]1O5,FQXXSQDCDRQNQE-VMDGZTHMSA-N,natural
PT_0433,COc1ccc(Cc2nccc3cc(OC)c(OC)cc23)cc1OC,XQYZDYMELSJDRZ-UHFFFAOYSA-N,natural
PT_0434,COc1ccc(C2CC(=O)c3c(OC)cc(OC)cc3O2)c(OC)c1,ZCMZJXOFFVFREZ-UHFFFAOYSA-N,natural
PT_0435,COc1c(O)cc(C2Oc3c(c(O)cc(O)c3C3c4c(O)cc(O)cc4CC(c4ccc(O)cc4)C3O)CC2O)cc1O,DIUKKDVTRIOJLT-UHFFFAOYSA-N,natural
PT_0436,O=c1oc2c(O)c(O)cc3c(=O)oc4c(O)c(O)cc1c4c23,AFSDNFLWKVMVRB-UHFFFAOYSA-N,natural
PT_0438,CC1(C)CC[C@]2(C(=O)O)CC[C@]3(C)C(=CC[C@@H]4[C@@]5(C)C[C@@H](O)[C@H](O)C(C)(C)[C@@H]5CC[C@]43C)[C@@H]2[C@@H]1O,XJMYUPJDAFKICJ-YZTGESMESA-N,natural
PT_0439,COc1ccc(-c2cc(=O)c3c(OC)c(OC)c(OC)cc3o2)cc1OC,LKMNXYDUQXAUCZ-UHFFFAOYSA-N,natural
PT_0440,COc1ccc(-c2cc(=O)c3c(OC)c(OC)c(OC)cc3o2)cc1,URSUMOWUGDXZHU-UHFFFAOYSA-N,natural
PT_0441,COc1ccc(-c2cc(=O)c3c(O)c(OC)c(OC)cc3o2)cc1O,KLAOKWJLUQKWIF-UHFFFAOYSA-N,natural
PT_0442,COc1ccc(-c2cc(=O)c3c(O)c(OC)c(OC)cc3o2)cc1OC,QEWSAPKRFOFQIU-UHFFFAOYSA-N,natural
PT_0443,C=C[C@@]1(C)C[C@@H](OC(=O)c2ccccc2)[C@H]2[C@](O)(C1=O)[C@H](OC(C)=O)C[C@H]1C(C)(C)[C@H](O)[C@H](OC(C)=O)[C@H](OC(=O)c3ccccc3)[C@@]12C,HIBFBUSEUDRQMX-OFUWLHILSA-N,natural
PT_0444,C=C[C@@]1(C)C[C@@H](OC(=O)c2ccccc2)[C@H]2[C@](O)(C1=O)[C@H](OC(C)=O)C[C@H]1C(C)(C)[C@H](OC(C)=O)[C@H](O)[C@H](OC(=O)c3ccccc3)[C@@]12C,BXKNTIMTKVZYDP-OFUWLHILSA-N,natural
PT_0445,C=C[C@@]1(C)CC(=O)[C@H]2[C@](O)(C1=O)[C@H](OC(C)=O)C[C@H]1C(C)(C)[C@H](OC(=O)c3ccccc3)[C@H](OC(C)=O)[C@H](OC(=O)c3ccccc3)[C@@]12C,VGFQEWWZGREADO-WFHOPHNXSA-N,natural
PT_0446,C=C[C@@]1(C)C[C@@H](OC(=O)c2ccccc2)[C@H]2[C@](O)(C1=O)[C@H](OC(C)=O)C[C@H]1C(C)(C)C(=O)[C@H](OC(C)=O)[C@H](OC(=O)c3ccccc3)[C@@]12C,DCFZKBTZZMFTED-ZHKQRIMUSA-N,natural
PT_0447,C=C[C@H]1[C@@H](OC(=O)c2ccccc2)[C@H]2[C@](O)(C(=O)[C@@]1(C)O)[C@H](OC(C)=O)C[C@H]1C(C)(C)[C@H](O)[C@H](OC(C)=O)[C@H](OC(=O)c3ccccc3)[C@@]12C,PBUZGANPVDYQRM-FRZINCLTSA-N,natural
PT_0448,C=CC1[C@@H](OC(=O)c2ccccc2)[C@H]2[C@](O)(C(=O)[C@]1(C)O)[C@H](OC(C)=O)C[C@H]1C(C)(C)[C@H](OC(C)=O)[C@H](O)[C@H](OC(=O)c3ccccc3)[C@@]12C,HTQXQVMIWWLNLG-ZTIVOSPZSA-N,natural
PT_0449,COc1cc(O)c2c(=O)c(OC)c(-c3ccc(OC)c(OC)c3)oc2c1,HHGPYJLEJGNWJA-UHFFFAOYSA-N,natural
PT_0450,C=C1CC23CCC4[C@@](C)(CCC[C@@]4(C)C(=O)O)C2[C@@H](OC(C)=O)CC1C3,HTEVPTMQVRGNSS-IPHPBKCRSA-N,natural
PT_0451,C=C1[C@@H]2CCC3[C@]4(C)CCC[C@@](C)(C(=O)O)C4CC[C@]3(C2)[C@@H]1OC(C)=O,AQBQBBLJTDSVLC-HOFSRGTRSA-N,natural
PT_0452,C=C1C[C@@]23CC[C@H]4[C@@](C)(CCC[C@@]4(C)C(=O)O)[C@@H]2CC[C@@H]1C3,NIKHGUQULKYIGE-OTCXFQBHSA-N,natural
PT_0453,C=C1CC2(CCC3[C@@]4(C)CCC[C@]3(C)OC4=O)CC1CCC2=O,SDHYQVFLSXLIHA-KTWDLTJZSA-N,natural
PT_0454,C=C1C(=O)C23CCC4[C@@](C)(CCC[C@@]4(C)C(=O)O)C2CCC1C3,WQBNGXOJBVBQKP-SBAGUILYSA-N,natural
PT_0455,Oc1ccc(/C=C/c2cc(O)cc(O)c2)cc1,LUKBXSAWLPMMSZ-OWOJBTEDSA-N,natural
PT_0457,COc1cc2c(cc1O)C[C@@H]1NCCc3cc(OC)c(OC)c-2c31,GVVXPMORGFYVOO-ZDUSSCGKSA-N,natural
PT_0458,CN1C2=C3N=c4ccccc4=C3CCN2C(=O)c2ccccc21,VXHNSVKJHXSKKM-UHFFFAOYSA-N,natural
PT_0459,CC[C@H]1CN2CCc3c([nH]c4ccccc34)[C@@H]2C[C@@H]1/C(=C\OC)C(=O)OC,NMLUOJBSAYAYEM-XPOGPMDLSA-N,natural
PT_0460,CC[C@H]1CN2CC[C@@]3(C(=O)Nc4ccccc43)[C@@H]2C[C@@H]1/C(=C\OC)C(=O)OC,DAXYUDFNWXHGBE-VKCGGMIFSA-N,natural
PT_0461,COc1ccc(C[C@@H]2c3cc(Oc4cc(C[C@@H]5c6cc(O)c(OC)cc6CCN5C)ccc4O)c(OC)cc3CCN2C)cc1,AJPXZTKPPINUKN-FIRIVFDPSA-N,natural
PT_0462,CN1[C@@H](CC(=O)c2ccccc2)CCC[C@H]1C[C@H](O)c1ccccc1,MXYUKLILVYORSK-HBMCJLEFSA-N,natural
PT_0464,CC1=C2C[C@H]3[C@@H](C[C@@H](O)[C@H]4C[C@@H](O)CC[C@@]43C)[C@@H]2CC[C@@H]1[C@@H](C)[C@@H]1[C@H](O)C[C@@H](C)CN1C,GRTDQRFJWHCECY-SAYBQXENSA-N,natural
PT_0465,CC1=C2C[C@H]3[C@@H](CC(=O)[C@H]4C[C@@H](O)CC[C@@]43C)[C@@H]2CC[C@@H]1[C@@H](C)[C@@H]1[C@H](O)C[C@@H](C)CN1C,RITHKXDOKOLLCZ-PXRUYVGHSA-N,natural
PT_0466,C[C@@H]1C[C@@H](O)[C@@H]([C@H](C)[C@H]2CCC3=C(C[C@H]4C3=CC(=O)[C@H]3C[C@@H](O)CC[C@@]34C)[C@H]2C)N(C)C1,IBEOCWMHXLQQTF-WQRLSCOYSA-N,natural
PT_0468,C=C/C(C)=C/C[C@@H]1C(=C)CCC2[C@@](C)(C(=O)O)CCC[C@]21C,YGBZFOQXPOGACY-VWVWZHDJSA-N,natural
PT_0469,CC(C)[C@]12O[C@H]1[C@@H]1O[C@]13[C@]1(O[C@H]1C[C@H]1C4=C(CC[C@@]13C)C(=O)OC4)[C@@H]2O,DFBIRQPKNDILPW-CIVMWXNOSA-N,natural
PT_0470,C/C=C(/C)C(=O)O[C@H]1[C@@H](OC(C)=O)c2c(ccc3ccc(=O)oc23)OC1(C)C,XGPBRZDOJDLKOT-NXIDYTHLSA-N,natural
PT_0471,C/C=C(/C)C(=O)O[C@H](COc1c2ccoc2cc2oc(=O)ccc12)C(C)(C)O,WXULKGXQMWVWMP-OMLDUKLJSA-N,natural
PT_0473,COc1cc(O)cc(O)c1C(=O)/C=C/c1ccccc1,NYSZJNUIVUBQMM-BQYQJAHWSA-N,natural
PT_0474,COc1cc(O)cc2c1C(=O)C[C@@H](c1ccccc1)O2,QQQCWVDPMPFUGF-ZDUSSCGKSA-N,natural
PT_0475,CC1(C)C=Cc2c(ccc3c2O[C@@H](O)[C@@H]2c4ccc(O)cc4O[C@H]32)O1,YTPKRSILLIAZAA-BHIYHBOVSA-N,natural
PT_0476,O=C(/C=C/c1ccc(O)c2c1C(C(=O)OC(Cc1ccc(O)c(O)c1)C(=O)[O-])C(c1ccc(O)c(O)c1)O2)OC(Cc1ccc(O)c(O)c1)C(=O)[O-].[Mg+2],ANUBYMNVOPVATP-OAZHBLANSA-L,natural
PT_0477,C=CCCC[C@@H](C)C1CCC2C3CCC4C[C@H](OS(=O)(=O)O)[C@@H](OS(=O)(=O)O)C[C@]4(C)C3CC[C@@]21C,LAZSRKWQJGJJAW-LRPXEKEKSA-N,natural
PT_0478,CC1(C)C=C2C3CC[C@@H]4[C@@]5(C)CCC(=O)C(C)(C)[C@@H]5CC[C@@]4(C)[C@]3(C)CC[C@@]2(C(=O)O)CC1,UMYJVVZWBKIXQQ-PEKWGEHZSA-N,natural
PT_0480,C=C(C)[C@@H]1CC[C@]2(C)CC[C@]3(C)[C@H](CC[C@@H]4[C@@]5(C)CC[C@H](OC(C)=O)C(C)(C)[C@@H]5CC[C@]43C)[C@@H]12,ODSSDTBFHAYYMD-YOJQYFTNSA-N,natural
PT_0482,C[C@@H]1O[C@@H](O[C@H]2C(=O)c3c(O)cc(O)cc3O[C@H]2c2ccc(O)c(O)c2)[C@H](O)[C@H](O)[C@H]1O,ZROGCCBNZBKLEL-XEXNSLJOSA-N,natural
PT_0484,C/C(=C\CNc1ncnc2nc[nH]c12)CO,UZKQTCBAMSWPJD-FARCUNLSSA-N,natural
PT_0485,CC1(C)C=Cc2c(ccc3ccc(=O)oc23)O1,QUVCQYQEIOLHFZ-UHFFFAOYSA-N,natural
PT_0486,c1cc2c(cc1[C@H]1OC[C@H]3[C@@H]1CO[C@@H]3c1ccc3c(c1)OCO3)OCO2,PEYUIKBAABKQKQ-AFHBHXEDSA-N,natural
PT_0487,CC(C)[C@H](C)CC[C@@H](C)[C@H]1CC[C@H]2[C@@H]3CC=C4C[C@@H](O)CC[C@]4(C)[C@H]3CC[C@]12C,SGNBVLSWZMBQTH-PODYLUTMSA-N,natural
PT_0488,Cc1cc(O)c2c(c1)C(=O)c1cc(O)cc(O)c1C2=O,RHMXXJGYXNZAPX-UHFFFAOYSA-N,natural
PT_0489,CCCCCCCCCCCCCCCCCCCCCCCCCCCC(=O)O,UTOPWMOLSKOLTQ-UHFFFAOYSA-N,natural
PT_0490,NC(=O)[S-],GNVMUORYQLCPJZ-UHFFFAOYSA-M,natural
PT_0491,COC(=O)c1ccc(O)cc1,LXCFILQKKLGQFO-UHFFFAOYSA-N,natural
PT_0492,COc1c(O)ccc2c1-c1c3c(cc4c1[C@H](C2)NCC4)OCO3,CFUKKPQRQGCLAT-NSHDSACASA-N,natural
PT_0493,c1cc2c(c3c1CC1NCCc4cc5c(c-3c41)OCO5)OCO2,UXVJNYDGHSTBCL-UHFFFAOYSA-N,natural
PT_0494,COC(=O)N1c2c(OC)cccc2[C@@]23CCN4CC=C[C@]5(CC[C@]12[C@](O)(C(=O)OC)[C@@H]5O)[C@H]43,BSCMCQIYAPFDSL-BAQUWZKJSA-N,natural
PT_0496,COc1c2ccccc2nc2occc12,WIONIXOBNMDJFJ-UHFFFAOYSA-N,natural
PT_0497,C=C(C)C(Cc1c(OC)ccc(C(=O)/C=C/c2ccc(O)cc2)c1O)OO,AJERVVHSERWGFL-UXBLZVDNSA-N,natural
PT_0498,COc1ccc(C(=O)/C=C/c2ccc(O)cc2)c(O)c1C/C=C(\C)CCC=C(C)C,XBFSDEKOTLYPJU-SXZUIPJJSA-N,natural
SD_001,CCOC(=O)C1=C(C)NC(C)=C(C(=O)OCC)C1c1ccccc1/C=C/C(=O)OC(C)(C)C,GKQPCPXONLDCMU-CCEZHUSRSA-N,synthetic
SD_002,CCOC(=O)C1=C(C)NC(C)=C(C(=O)OCC)C1c1ccccc1/C=C/C(=O)NC(C)(C)C,BIGYBMJQLJLKQS-CCEZHUSRSA-N,synthetic
SD_003,CCOC(=O)C1=C(C)NC(C)=C(C(=O)OCC)C1c1ccccc1/C=C/C(=O)NCC(C)C,CSJIXXKTZGEQLZ-BUHFOSPRSA-N,synthetic
SD_004,CCOC(=O)C1=C(C)NC(C)=C(C(=O)OCC)C1c1ccccc1/C=C/C(=O)N(CC)CC,MEKLNZVLWRNINM-FOCLMDBBSA-N,synthetic
SD_005,CCCCN(C)C(=O)/C=C/c1ccccc1C1C(C(=O)OCC)=C(C)NC(C)=C1C(=O)OCC,RHLCYONVROIQCW-FOCLMDBBSA-N,synthetic
SD_006,CCOC(=O)C1=C(C)NC(C)=C(C(=O)OCC)C1c1ccccc1/C=C/C(=O)N(C)C(C)(C)C,LOCJINCZWHKPOM-FOCLMDBBSA-N,synthetic
SD_007,CCCCCN(CCCCC)C(=O)/C=C/c1ccccc1C1C(C(=O)OCC)=C(C)NC(C)=C1C(=O)OCC,QVIWGIWGTFQTAZ-FMQUCBEESA-N,synthetic
SD_008,CCCCc1nc(Cl)c(C(=O)N[C@@H](Cc2ccccc2)C(=O)OC)n1C,YSPAKWMWSFPXDS-AWEZNQCLSA-N,synthetic
SD_009,CCCCc1nc(Cl)c(C(=O)N[C@@H](Cc2cc3ccccc3[nH]2)C(=O)OC)n1C,DTAMTFWHWXFPBF-INIZCTEOSA-N,synthetic
SD_010,CCCCc1nc(Cl)c(C(=O)N[C@H](C(=O)O)[C@@H](C)CC)n1C,GTCDDBZIEKAAGW-ONGXEEELSA-N,synthetic
SD_011,CCCCc1nc(Cl)c(C(=O)N[C@@H](CCSC)C(=O)O)n1C,FKINCRVYAPJWGX-VIFPVBQESA-N,synthetic
SD_012,CCCCc1nc(Cl)c(C(=O)N[C@@H](Cc2ccccc2)C(=O)O)n1C,OUUUZZUBFNSEHN-ZDUSSCGKSA-N,synthetic
SD_013,CCOC(=O)[C@H](CCc1ccccc1)N[C@@H](C)C(=O)N1Cc2ccccc2C[C@H]1C(=O)O,JSDRRTOADPPCHY-HSQYWUDLSA-N,synthetic
SD_014,C[C@H](N[C@@H](CCc1ccccc1)C(=O)O)C(=O)N1Cc2ccccc2C[C@H]1C(=O)O,FLSLEGPOVLMJMN-YSSFQJQWSA-N,synthetic
SD_015,CCCOC(=O)[C@H](CCc1ccccc1)N[C@@H](C)C(=O)N1N=C(C(C)(C)C)S[C@H]1C(=O)O,FWVLEESNKAYWAD-IEZWGBDMSA-N,synthetic
SD_016,C[C@H](N[C@@H](CCc1ccccc1)C(=O)O)C(=O)N1N=C(C(C)(C)C)S[C@H]1C(=O)O,APWZQGVRPRWXQK-NOLJZWGESA-N,synthetic
SD_017,CNC(=S)C1=CC(C)(C)Oc2ccc([N+](=O)[O-])cc21,YCAMNSDXCCDILU-UHFFFAOYSA-N,synthetic
SD_018,CNC(=O)C1=CC(C)(C)Oc2ccc([N+](=O)[O-])cc21,PHIPFVKBKRVXLC-UHFFFAOYSA-N,synthetic
SD_019,CC1(C)C=C(C(=S)NCCC#N)c2cc([N+](=O)[O-])ccc2O1,JCVGBCGTJFOARS-UHFFFAOYSA-N,synthetic
SD_020,CC1(C)C=C(C(=O)NCCC#N)c2cc([N+](=O)[O-])ccc2O1.O,LVIVNFBJXWRUCU-UHFFFAOYSA-N,synthetic
SD_021,CNC(=S)C1=CC(C)(CF)Oc2ccc([N+](=O)[O-])cc21,BXDAMADLNUAOGU-UHFFFAOYSA-N,synthetic
SD_022,CNC(=O)C1=CC(C)(CF)Oc2ccc([N+](=O)[O-])cc21,AILGDUYPTZPKMC-UHFFFAOYSA-N,synthetic
SD_023,CC1(CF)C=C(C(=S)NCCC#N)c2cc([N+](=O)[O-])ccc2O1,DRQYNLODWXEJBU-UHFFFAOYSA-N,synthetic
SD_024,CC1(CF)C=C(C(=O)NCCC#N)c2cc([N+](=O)[O-])ccc2O1,BQDKJLPXNCMOPC-UHFFFAOYSA-N,synthetic
SD_025,CNC(=S)C1=CC(CF)(CF)Oc2ccc([N+](=O)[O-])cc21,YHZOAJUGGHFNBD-UHFFFAOYSA-N,synthetic
SD_026,CNC(=O)C1=CC(CF)(CF)Oc2ccc([N+](=O)[O-])cc21,RVIQVZZLBZXTPU-UHFFFAOYSA-N,synthetic
SD_027,N#CCCNC(=S)C1=CC(CF)(CF)Oc2ccc([N+](=O)[O-])cc21,LKUDLWNQCZSCQW-UHFFFAOYSA-N,synthetic
SD_028,N#CCCNC(=O)C1=CC(CF)(CF)Oc2ccc([N+](=O)[O-])cc21,WMVNZVFRFPHGMS-UHFFFAOYSA-N,synthetic
SD_029,CNC(=S)C1=CC(C)(C(F)(F)F)Oc2ccc([N+](=O)[O-])cc21,AJAFLLUYJOKNMU-UHFFFAOYSA-N,synthetic
SD_030,CNC(=O)C1=CC(C)(C(F)(F)F)Oc2ccc([N+](=O)[O-])cc21,ZUCNOWGRNYYKIC-UHFFFAOYSA-N,synthetic
SD_031,CC1(C(F)(F)F)C=C(C(=S)NCCC#N)c2cc([N+](=O)[O-])ccc2O1,SQOSTQAIAPBACI-UHFFFAOYSA-N,synthetic
SD_032,CC1(C(F)(F)F)C=C(C(=O)NCCC#N)c2cc([N+](=O)[O-])ccc2O1,RZXASFQQAIJKSP-UHFFFAOYSA-N,synthetic
SD_033,CNC(=S)C1=CC(C(F)(F)F)(C(F)(F)F)Oc2ccc([N+](=O)[O-])cc21,YCENYDJESABRIW-UHFFFAOYSA-N,synthetic
SD_034,CNC(=O)C1=CC(C(F)(F)F)(C(F)(F)F)Oc2ccc([N+](=O)[O-])cc21,OELSKZONJFAGSZ-UHFFFAOYSA-N,synthetic
SD_035,N#CCCNC(=S)C1=CC(C(F)(F)F)(C(F)(F)F)Oc2ccc([N+](=O)[O-])cc21,VAVKORLWGHXGMK-UHFFFAOYSA-N,synthetic
SD_036,N#CCCNC(=O)C1=CC(C(F)(F)F)(C(F)(F)F)Oc2ccc([N+](=O)[O-])cc21,OLSAXZAKGACYRU-UHFFFAOYSA-N,synthetic
SD_037,N#Cc1ccc2c(c1)[C@@H](N1CCCC1)CCO2,FWUDYHLZCRQMPT-ZDUSSCGKSA-N,synthetic
SD_038,CC(N/C(=N\C#N)Nc1ccncc1)C(C)(C)C,IVVNZDGDKPTYHK-UHFFFAOYSA-N,synthetic
SD_039,CNC(=S)[C@]1(c2cccnc2)CCCCS1=O,GKEMHVLBZNVZOI-MTATWXBHSA-N,synthetic
SD_040,CCc1nc2ccc(C3Nc4c(C)cccc4O3)cc2n1Cc1cccc2c1CCN2c1ccccc1C(=O)O,LGGFATBGHIJSPG-UHFFFAOYSA-N,synthetic
SD_041,CCCc1nc2ccc(C3Nc4c(C)cccc4O3)cc2n1Cc1cccc2c1CCN2c1ccccc1C(=O)O,JFKWXCTYQRHRFE-UHFFFAOYSA-N,synthetic
SD_042,CCCCc1nc2ccc(C3Nc4c(C)cccc4O3)cc2n1Cc1cccc2c1CCN2c1ccccc1C(=O)O,DQUTYZNSPZEJKV-UHFFFAOYSA-N,synthetic
SD_043,CCc1nc2ccc(C3Nc4cccc(C)c4O3)cc2n1Cc1cccc2c1CCN2c1ccccc1C(=O)O,POORHZOIEARQQY-UHFFFAOYSA-N,synthetic
SD_044,CCCc1cc2ccc(C3Nc4cccc(C)c4O3)cc2n1Cc1cccc2c1CCN2c1ccccc1C(=O)O,FNSGSFGLTWLQNZ-UHFFFAOYSA-N,synthetic
SD_045,CCCCc1cc2ccc(C3Nc4cccc(C)c4O3)cc2n1Cc1cccc2c1CCN2c1ccccc1C(=O)O,MTZXOTRUDRHIGY-UHFFFAOYSA-N,synthetic
SD_046,CCc1cc2ccc(C3Nc4c(C)cccc4O3)cc2n1Cc1cccc2c1CCN2c1ccccc1C(=O)O,KGMOEMPOXSCFAL-UHFFFAOYSA-N,synthetic
SD_047,CCCc1cc2ccc(C3Nc4c(C)cccc4O3)cc2n1Cc1cccc2c1CCN2c1ccccc1C(=O)O,LEHYQRFZBPWEEF-UHFFFAOYSA-N,synthetic
SD_048,CCCCc1cc2ccc(C3Nc4c(C)cccc4O3)cc2n1Cc1cccc2c1CCN2c1ccccc1C(=O)O,BILXJAQIWNOYFA-UHFFFAOYSA-N,synthetic
SD_049,CCc1cc2ccc(C3Nc4cccc(C)c4O3)cc2n1Cc1cccc2c1CCN2c1ccccc1C(=O)O,PSDLULDHHNCXEG-UHFFFAOYSA-N,synthetic
SD_052,CCCCc1nc(Cl)c(CO)n1Cc1ccc(-c2ccccc2-c2nnn[nH]2)cc1,PSIFNNKUMBGKDQ-UHFFFAOYSA-N,synthetic
SD_053,O=c1c2ccccc2nc2n(Cc3ccccc3)cnn12,AIUQSSQFNDHINZ-UHFFFAOYSA-N,synthetic
SD_054,Cc1nn2c(=O)c3ccccc3nc2n1Cc1ccccc1,UWPLBLQZSBVZCJ-UHFFFAOYSA-N,synthetic
SD_055,CCCc1nn2c(=O)c3ccccc3nc2n1Cc1ccccc1,MWBCSBYKMKINDS-UHFFFAOYSA-N,synthetic
SD_056,O=c1c2ccccc2nc2n(Cc3ccccc3)c(CCl)nn12,AEUOIDZLAYAUPK-UHFFFAOYSA-N,synthetic
SD_057,CN1CC[C@]23c4c5ccc(OCc6nn7c(=O)c8ccccc8nc7n6Cc6ccccc6)c4O[C@H]2[C@@H](O)C=C[C@H]3[C@H]1C5,VSUVGFRJFNDJCQ-KPFQTZNGSA-N,synthetic
SD_058,O=c1c2ccccc2nc2n(Cc3ccccc3)c(CN3CCCCC3)nn12,NFONOOHXEVRGDY-UHFFFAOYSA-N,synthetic
SD_059,O=c1c2ccccc2nc2n(Cc3ccccc3)c(-c3ccccc3)nn12,LOPFEZQKOKKSPU-UHFFFAOYSA-N,synthetic
SD_060,Cc1ccc(-c2nn3c(=O)c4ccccc4nc3n2Cc2ccccc2)cc1,ZSYNPALAAFLLHN-UHFFFAOYSA-N,synthetic
SD_061,COc1ccc(-c2nn3c(=O)c4ccccc4nc3n2Cc2ccccc2)cc1,YJGRJQAZHRMZGG-UHFFFAOYSA-N,synthetic
SD_062,CCOc1ccc(-c2nn3c(=O)c4ccccc4nc3n2Cc2ccccc2)cc1,SQQAGDTUMHHFBW-UHFFFAOYSA-N,synthetic
SD_063,COc1cc2nc(N3CCN(C(=O)c4ccco4)CC3)nc(N)c2cc1OC,IENZQIKPVFGBNW-UHFFFAOYSA-N,synthetic
SD_064,COc1ccc(CC2C(=O)CCN2C(=O)C(C)CS)cc1,KBTIIJJXAKTFCW-UHFFFAOYSA-N,synthetic
SD_065,COc1ccc(CC2C(=NO)CCN2C(=O)C(C)CS)cc1,MLDDNCAPYNCRSS-UHFFFAOYSA-N,synthetic
SD_066,COc1ccc(CC2C(=NCCO)CCN2C(=O)C(C)CS)cc1,ROPWLEVZIMKXLG-UHFFFAOYSA-N,synthetic
SD_067,CCOC(=O)C(C)N=C1CCN(C(=O)C(C)CS)C1Cc1ccc(OC)cc1,PZWHURODFYXCPJ-UHFFFAOYSA-N,synthetic
SD_069,FC(F)(F)c1ccc2[nH]c(-c3ccccc3)nc2c1,USTBLMSPAVZZOE-UHFFFAOYSA-N,synthetic
SD_070,COc1ccccc1-c1nc2cc(C(F)(F)F)ccc2[nH]1,TYIMNAOTGCKCIL-UHFFFAOYSA-N,synthetic
SD_071,CCOc1ccccc1-c1nc2cc(C(F)(F)F)ccc2[nH]1,VYCKDPYMYUPJHY-UHFFFAOYSA-N,synthetic
SD_072,O=[N+]([O-])c1ccccc1-c1nc2cc(C(F)(F)F)ccc2[nH]1,SGLKNAXPGRPCFR-UHFFFAOYSA-N,synthetic
SD_073,Oc1ccc(-c2nc3cc(C(F)(F)F)ccc3[nH]2)cc1,NXVOCXHGCVHFSN-UHFFFAOYSA-N,synthetic
SD_074,CCCOc1ccc(-c2nc3cc(C(F)(F)F)ccc3[nH]2)cc1,NBSDEXMSGCATJD-UHFFFAOYSA-N,synthetic
SD_075,CN(C)c1ccc(-c2nc3cc(C(F)(F)F)ccc3[nH]2)cc1,XMYLWCQNUYURSL-UHFFFAOYSA-N,synthetic
SD_076,COc1cc(-c2nc3cc(C(F)(F)F)ccc3[nH]2)ccc1O,LLYOFESDMYBKIT-UHFFFAOYSA-N,synthetic
SD_077,FC(F)(F)c1ccc2[nH]c(-c3ccc4c(c3)OCO4)nc2c1,JJGWOEAFWXCWAW-UHFFFAOYSA-N,synthetic
SD_078,O=[N+]([O-])c1ccc2[nH]c(-c3ccccc3)nc2c1,FHOXCSDDMCCTPM-UHFFFAOYSA-N,synthetic
SD_079,COc1ccccc1-c1nc2cc([N+](=O)[O-])ccc2[nH]1,ALBGTLCEMRDPLW-UHFFFAOYSA-N,synthetic
SD_080,CCOc1ccccc1-c1nc2cc([N+](=O)[O-])ccc2[nH]1,DUDFTECOBVTCRG-UHFFFAOYSA-N,synthetic
SD_081,COc1cc(-c2nc3cc([N+](=O)[O-])ccc3[nH]2)ccc1O,LSNPOGOZVAHETR-UHFFFAOYSA-N,synthetic
SD_082,COc1ccc(-c2nc3cc([N+](=O)[O-])ccc3[nH]2)cc1OC,IAAMQNUXRWPNND-UHFFFAOYSA-N,synthetic
SD_083,COc1ccc(-c2nc3cc([N+](=O)[O-])ccc3[nH]2)c(OC)c1OC,IRXXSDFWKUMWQA-UHFFFAOYSA-N,synthetic
SD_084,CCCCC(=O)N(Cc1ccc(-c2ccccc2-c2noc(=O)[nH]2)cc1)[C@@H](CCC)C(=O)O,NEVKLLSLBHGCCW-NRFANRHFSA-N,synthetic
SD_085,CCCC(=O)N(Cc1ccc(-c2ccccc2-c2noc(=O)[nH]2)cc1)[C@@H](CC)C(=O)O,CLRQDBVTVSLGOD-IBGZPJMESA-N,synthetic
SD_086,CCC[C@@H](C(=O)O)N(Cc1ccc(-c2ccccc2-c2noc(=O)[nH]2)cc1)C(=O)CC,FXELTRKWYHPHAE-IBGZPJMESA-N,synthetic
SD_087,CCCCC(=O)N(Cc1ccc(-c2ccccc2-c2noc(=O)[nH]2)cc1)[C@@H](CCCC)C(=O)O,KSFHDWRRMJLZGV-QFIPXVFZSA-N,synthetic
SD_088,CCCC[C@@H](C(=O)O)N(Cc1ccc(-c2ccccc2-c2noc(=O)[nH]2)cc1)C(=O)CCC,JTEQEJTWAJZWBA-NRFANRHFSA-N,synthetic
SD_089,CCCC[C@@H](C(=O)O)N(Cc1ccc(-c2ccccc2-c2noc(=O)[nH]2)cc1)C(=O)Cc1ccccc1,SJXHNLJBPMFRQH-VWLOTQADSA-N,synthetic
SD_090,CCC[C@@H](C(=O)O)N(Cc1ccc(-c2ccccc2-c2noc(=O)[nH]2)cc1)C(=O)Cc1ccccc1,SWLQWSIJBDVCIU-DEOSSOPVSA-N,synthetic
SD_091,CCCC(=O)N(Cc1ccc(-c2cc(F)ccc2-c2noc(=O)[nH]2)cc1)[C@@H](CCC)C(=O)O,SIVGPWBPJHPSCL-FQEVSTJZSA-N,synthetic
SD_092,CCCCC(=O)N(Cc1ccc(-c2ccccc2-c2nnn[nH]2)cc1)[C@H](C(=O)O)C(C)C,ACWBQPMHZXGDFX-QFIPXVFZSA-N,synthetic
SD_094,NCCCC[C@H](N[C@@H](CCc1ccccc1)C(=O)O)C(=O)N1CCC[C@H]1C(=O)O,RLAWWYSOJDYHDC-BZSNNMDCSA-N,synthetic
SD_095,CCOC(=O)[C@H](CCc1ccccc1)N[C@@H](C)C(=O)N1[C@H](C(=O)O)C[C@@H]2CCC[C@@H]21,HDACQVRGBOVJII-JBDAPHQKSA-N,synthetic
SD_096,CCOC(=O)[C@H](CCc1ccccc1)N[C@H]1CCc2ccccc2N(CC(=O)O)C1=O,XPCFTKFZXHTYIP-PMACEKPBSA-N,synthetic
SD_097,O=C1[C@@H]2C[C@@H](O)CN2C(=O)c2ccccc2N1Cc1cccc(Br)c1,TVLDNLINZRNKES-PBHICJAKSA-N,synthetic
SD_098,O=C1[C@@H]2C[C@@H](O)CN2C(=O)c2ccccc2N1Cc1ccc(Br)cc1,UTFPDQLPXOXPSM-PBHICJAKSA-N,synthetic
SD_099,COc1cc(CN2C(=O)[C@@H]3C[C@@H](O)CN3C(=O)c3ccccc32)cc(OC)c1OC,KWJXQSQVOWQQJY-PBHICJAKSA-N,synthetic
SD_100,O=C1[C@@H]2C[C@@H](O)CN2C(=O)c2ccccc2N1Cc1cc(Br)cs1,BEGAJSOBXUVZKP-ABAIWWIYSA-N,synthetic
SD_108,CCc1nc2cc([N+](=O)[O-])ccc2n1Cc1cccc2c1ccn2-c1ccccc1C(=O)O,OQCCQVXGIPCPCB-UHFFFAOYSA-N,synthetic
SD_109,CCCc1nc2cc([N+](=O)[O-])ccc2n1Cc1cccc2c1ccn2-c1ccccc1C(=O)O,AIUSSFIJFZMNEC-UHFFFAOYSA-N,synthetic
SD_110,CCCCc1nc2cc([N+](=O)[O-])ccc2n1Cc1cccc2c1ccn2-c1ccccc1C(=O)O,HVKRZMXJTYIQEY-UHFFFAOYSA-N,synthetic
SD_111,CCCCCc1nc2cc([N+](=O)[O-])ccc2n1Cc1cccc2c1ccn2-c1ccccc1C(=O)O,CSXXIFVIFCAYQC-UHFFFAOYSA-N,synthetic
SD_112,CCCc1nc2cc([N+](=O)[O-])ccc2n1Cc1ccc2c(ccn2-c2ccccc2C(=O)O)c1,XPPYZFDVVIKEET-UHFFFAOYSA-N,synthetic
SD_113,CCCCc1nc2cc([N+](=O)[O-])ccc2n1Cc1ccc2c(ccn2-c2ccccc2C(=O)O)c1,GZKSWGAGHQQNOS-UHFFFAOYSA-N,synthetic
SD_115,CNCC(O)c1cccc(O)c1,SONNWYBIRXJNDC-UHFFFAOYSA-N,synthetic
SD_116,COc1cc2nc(N3CCN(C(=O)C4CCCO4)CC3)nc(N)c2cc1OC,VCKUSRYTPJJLNI-UHFFFAOYSA-N,synthetic
SD_117,Cl.O=C1CCCN1CCCCN1CCN(C(c2ccc(F)cc2)c2ccc(F)cc2)CC1,GWZKQAZNJFCKIR-UHFFFAOYSA-N,synthetic
SD_118,Cl.O=C1CCCN1CCCCN1CCN(c2ccccc2Cl)CC1,RFFLBWRKQXJYFL-UHFFFAOYSA-N,synthetic
SD_121,Cc1ccccc1N1CCN(CCCCN2CCCC2=O)CC1.Cl,SIJYLSGWXFVBCP-UHFFFAOYSA-N,synthetic
SD_123,Cl.O=C1CCCN1CCCCN1CCN(c2ccccc2O)CC1,NNUSMILRKBXCPT-UHFFFAOYSA-N,synthetic
SD_124,Cl.O=C1CCCN1CCCCN1CCN(c2ccc(F)cc2F)CC1,BYFPUJBOVOWOEM-UHFFFAOYSA-N,synthetic
SD_126,Cl.O=C1CCCN1CCCCN1CCN(C(c2ccccc2)c2ccccc2)CC1,QTKHTYAETVTSLH-UHFFFAOYSA-N,synthetic
SD_128,COc1cc2nc(CN3CCN(c4ccccc4C#N)CC3)nc(C)c2cc1OC,JPORXYNUKUUBMN-UHFFFAOYSA-N,synthetic
SD_129,COc1cc2ncn(Cc3ccc(Oc4ccccc4)c(OC)c3)c(=O)c2cc1OC,KPUQMJLBRHXRTO-UHFFFAOYSA-N,synthetic
SD_130,COc1cc2ncn(Cc3ccc(Oc4ccc(F)cc4)c(OC)c3)c(=O)c2cc1OC,CGYDHMUVDZBWMN-UHFFFAOYSA-N,synthetic
SD_131,CCCCc1nc(Cl)c(COC(=O)CCc2ccc(O)c(O)c2)n1Cc1ccc(-c2ccccc2-c2nnn[nH]2)cc1,JNLSCNVEDXJZER-UHFFFAOYSA-N,synthetic
SD_132,CCCCc1ncc(COC(=O)CCc2ccc(O)c(O)c2)n1Cc1ccc(-c2ccccc2-c2nnn[nH]2)cc1,PYNRTEKOEHJSAD-UHFFFAOYSA-N,synthetic
SD_133,CCCc1nc2c(C)cc(C(=O)NC[C@H](C)c3ccccc3)cc2n1Cc1ccc(-c2cccc(-c3nnn[nH]3)c2)cc1,OITBAZDRCUUJBM-DEOSSOPVSA-N,synthetic
SD_134,CCCc1nc2c(C)cc(C(=O)NCc3ccccc3)cc2n1Cc1cccc2c1ccn2-c1ccccc1C(=O)O,ZIYBBIUQJIMSJG-UHFFFAOYSA-N,synthetic
SD_135,CCCc1nc2c(C)cc(C(=O)NCCc3ccccc3)cc2n1Cc1ccc2c(ccn2-c2ccccc2C(=O)O)c1,LOAFLKPSVPONCQ-UHFFFAOYSA-N,synthetic
SD_136,Cc1nc(C)c2c(n1)N(Cc1ccc(-c3ccccc3-c3nnn[nH]3)cc1)C(=O)CC2,ADXGNEYLLLSOAR-UHFFFAOYSA-N,synthetic
SD_137,Cc1nc2c(c(C(F)(F)F)n1)CCC(=O)N2Cc1ccc(-c2ccccc2-c2nnn[nH]2)cc1,UMGWNXVFPXRTJJ-UHFFFAOYSA-N,synthetic
SD_138,Cc1nc2c(c(C(F)(F)F)n1)CC(C)C(=O)N2Cc1ccc(-c2ccccc2-c2nnn[nH]2)cc1,VOSRNWKPZUPYSM-UHFFFAOYSA-N,synthetic
SD_139,Cc1nc(C)c2c(n1)N(Cc1ccc(-c3ccccc3-c3nnn[nH]3)cc1)C(=O)C(C)(C)C2,ZCBZIEODXPGTIF-UHFFFAOYSA-N,synthetic
SD_140,CCc1nc(C)nc2c1CCC(=O)N2Cc1ccc(-c2ccccc2-c2nnn[nH]2)cc1,SPLZVIWJVWAWDZ-UHFFFAOYSA-N,synthetic
SD_141,Cc1nc(C(C)C)c2c(n1)N(Cc1ccc(-c3ccccc3-c3nnn[nH]3)cc1)C(=O)CC2,GLIKCYUBIISKTN-UHFFFAOYSA-N,synthetic
SD_142,CCCc1nc(C)nc2c1CCC(=O)N2Cc1ccc(-c2ccccc2-c2nnn[nH]2)cc1,FTMDBRIMXYJSJX-UHFFFAOYSA-N,synthetic
SD_143,CCc1nc(C)c2c(n1)N(Cc1ccc(-c3ccccc3-c3nnn[nH]3)cc1)C(=O)CC2,KDFBMTBNSCKZAB-UHFFFAOYSA-N,synthetic
SD_144,Cc1nc(C(C)C)nc2c1CCC(=O)N2Cc1ccc(-c2ccccc2-c2nnn[nH]2)cc1,WQECOURAYRIDKD-UHFFFAOYSA-N,synthetic
SD_145,CCCc1nc(C)c2c(n1)N(Cc1ccc(-c3ccccc3-c3nnn[nH]3)cc1)C(=O)CC2,HQFLNKUQWCVZMA-UHFFFAOYSA-N,synthetic
SD_146,Cc1nc(CO)c2c(n1)N(Cc1ccc(-c3ccccc3-c3nnn[nH]3)cc1)C(=O)CC2,BGSIWQLVFAOOGV-UHFFFAOYSA-N,synthetic
SD_147,Cc1nc(C=O)c2c(n1)N(Cc1ccc(-c3ccccc3-c3nnn[nH]3)cc1)C(=O)CC2,DKMLYADVVLIQTK-UHFFFAOYSA-N,synthetic
SD_148,Cc1nc(CO)nc2c1CCC(=O)N2Cc1ccc(-c2ccccc2-c2nnn[nH]2)cc1,PYGFPKLNGWVHGK-UHFFFAOYSA-N,synthetic
SD_149,Cc1nc(C)c2c(n1)N(Cc1ccc(-c3ccccc3-c3nnn[nH]3)cc1)CCC2,CRPBWMYAUJNKOV-UHFFFAOYSA-N,synthetic
SD_150,Cc1nc(C)c2c(n1)N(Cc1ccc(-c3ccccc3C(=O)O[K])cc1)C(=O)CC2.O,SFKCETDSSWWPKY-UHFFFAOYSA-M,synthetic
SD_152,Cc1nc(C)c2c(n1)N(Cc1ccc(-c3ccccc3-c3nnn[nH]3)nc1)C(=O)CC2,XSHXQLODFJYKON-UHFFFAOYSA-N,synthetic
SD_154,Cc1nc(C)c2c(n1)N(Cc1ccc(-c3ccccc3-c3nnn[nH]3)cn1)C(=O)CC2,HPKMJTIQUSGVRH-UHFFFAOYSA-N,synthetic
SD_155,C[C@H](NC(CCc1ccccc1)C(=O)O)C(=O)N1C(=O)NC[C@H]1C(=O)O,VQRWTUVJWQDHMN-VLIRHVTKSA-N,synthetic
SD_156,CCCCCCCCC(N[C@H](C)C(=O)N1C(=O)N(C)C[C@H]1C(=O)O)C(=O)O,UERNDUXVRTZBPS-YIOYIWSBSA-N,synthetic
SD_157,CCCCCCCCC(N[C@@H](C)C(=O)N1C(=O)N(C)C[C@H]1C(=O)O)C(=O)O,UERNDUXVRTZBPS-HPNRGHHYSA-N,synthetic
SD_158,CCCCCCCCC(N[C@@H](CC)C(=O)N1C(=O)N(C)C[C@H]1C(=O)O)C(=O)O,PVTGPGODYMYICV-LWEDLAQUSA-N,synthetic
SD_159,C[C@H](NC(CCc1ccccc1)C(=O)O)C(=O)N1C(=O)N(C)C[C@H]1C(=O)O,VFAVNRVDTAPBNR-UFPXDFCQSA-N,synthetic
SD_160,CCCCN1C[C@@H](C(=O)O)N(C(=O)[C@H](C)NC(CCc2ccccc2)C(=O)O)C1=O,YXKNPBOMMAVIAP-NZEUDUFCSA-N,synthetic
SD_161,CC(C)CC(N[C@@H](C)C(=O)N1C(=O)N(Cc2ccccc2)C[C@H]1C(=O)O)C(=O)O,PFDASPRFUYLYPB-VFDRBLODSA-N,synthetic
SD_162,CC(C)CCC(N[C@@H](C)C(=O)N1C(=O)N(Cc2ccccc2)C[C@H]1C(=O)O)C(=O)O,FBHXDPZPVJNMKH-NZEUDUFCSA-N,synthetic
SD_163,CCCCCCCCC(N[C@@H](C)C(=O)N1C(=O)N(Cc2ccccc2)C[C@H]1C(=O)O)C(=O)O,CKNHXDLZEFXBNR-SPFPWHRZSA-N,synthetic
SD_164,CCCCCCCCC(N[C@@H](CC)C(=O)N1C(=O)N(Cc2ccccc2)C[C@H]1C(=O)O)C(=O)O,MMGCSVIXPMTZFM-YSTUSHMSSA-N,synthetic
SD_165,C[C@H](NC(Cc1ccccc1)C(=O)O)C(=O)N1C(=O)N(Cc2ccccc2)C[C@H]1C(=O)O,CKJXIEFPECQCPK-GZMMRYBBSA-N,synthetic
SD_166,C[C@@H](NC(CCc1ccccc1)C(=O)O)C(=O)N1C(=O)N(Cc2ccccc2)C[C@H]1C(=O)O,JUKHDGIMURKPAP-VBHUFULTSA-N,synthetic
SD_167,C[C@H](NC(CCc1ccccc1)C(=O)O)C(=O)N1C(=O)N(Cc2ccccc2)C[C@H]1C(=O)O,JUKHDGIMURKPAP-LIXNJBPUSA-N,synthetic
SD_168,CC[C@H](NC(CCc1ccccc1)C(=O)O)C(=O)N1C(=O)N(Cc2ccccc2)C[C@H]1C(=O)O,YSRVQAHAXCLQNP-YSTUSHMSSA-N,synthetic
SD_169,C[C@H](N[C@@H](CCc1ccccc1)C(=O)O)C(=O)N1CCC[C@H]1C(=O)O,LZFZMUMEGBBDTC-QEJZJMRPSA-N,synthetic
SD_170,CCCCCCCCC(N[C@@H](C)C(=O)N1C(=O)N(C)C[C@H]1C(=O)O)C(=O)OCC,ITHJRJBUTDRAMW-AQOJYXMDSA-N,synthetic
SD_171,CCOC(=O)C(CCc1ccccc1)N[C@@H](C)C(=O)N1C(=O)N(C)C[C@H]1C(=O)O,KLZWOWYOHUKJIG-VFDRBLODSA-N,synthetic
SD_172,CCOC(=O)C(CCc1ccccc1)N[C@H](C)C(=O)N1C(=O)N(C)C[C@H]1C(=O)O,KLZWOWYOHUKJIG-BXCKNWRKSA-N,synthetic
SD_173,C.CCCCCCCCC(N[C@@H](C)C(=O)N1C(=O)N(Cc2ccccc2)C[C@H]1C(=O)O)C(=O)OCC,UUXIQSOSENHQFC-SXJSUMJGSA-N,synthetic
SD_175,NNc1ccc(-c2ccccc2)nn1,ZNGXOKMCRDQBON-UHFFFAOYSA-N,synthetic
SD_176,NNc1ccc(-c2ccc(Cl)cc2)nn1,AZCTXHPEZWKVGD-UHFFFAOYSA-N,synthetic
SD_177,COc1ccccc1-c1ccc(NN)nn1,USQCPILVLRVMCO-UHFFFAOYSA-N,synthetic
SD_178,COc1ccc(-c2ccc(NN)nn2)cc1,ASGDUFOXUMFAMV-UHFFFAOYSA-N,synthetic
SD_179,c1ccc(-c2ccc(-n3ccnc3)nn2)cc1,SIDDZDIUZDOWCS-UHFFFAOYSA-N,synthetic
SD_180,Clc1ccc(-c2ccc(-n3ccnc3)nn2)cc1,YWYCETYLBLGALY-UHFFFAOYSA-N,synthetic
SD_181,COc1ccccc1-c1ccc(-n2ccnc2)nn1,QLSQPBAQEHBYQV-UHFFFAOYSA-N,synthetic
SD_182,COc1ccc(-c2ccc(-n3ccnc3)nn2)cc1,BGVKFGUIMWOVAB-UHFFFAOYSA-N,synthetic
SD_183,c1cnnc(-c2ccccc2N2CCCC2)c1,KCPSHTZFQSQCBJ-UHFFFAOYSA-N,synthetic
SD_184,Clc1ccc(-c2ccc(N3CCCC3)nn2)cc1,XFPHUPQYBRXMAM-UHFFFAOYSA-N,synthetic
SD_185,COc1ccccc1-c1ccc(N2CCCC2)nn1,AJXGNWLLZPXIGJ-UHFFFAOYSA-N,synthetic
SD_186,Cc1cc(C)n(-c2ccc(-c3ccccc3)nn2)n1,BAAIMUNDXAWEBW-UHFFFAOYSA-N,synthetic
SD_187,Cc1cc(C)n(-c2ccc(-c3ccc(Cl)cc3)nn2)n1,DJBUCMQPADJSPF-UHFFFAOYSA-N,synthetic
SD_188,COc1ccccc1-c1ccc(-n2nc(C)cc2C)nn1,UGNAXOASOOSMIV-UHFFFAOYSA-N,synthetic
SD_189,COc1ccc(-c2ccc(-n3nc(C)cc3C)nn2)cc1,STWCADKYBUYKSR-UHFFFAOYSA-N,synthetic
SD_190,N#Cc1cnn(-c2ccc(-c3ccccc3)nn2)c1N,KEZUUUJPAJUBOD-UHFFFAOYSA-N,synthetic
SD_191,N#Cc1cnn(-c2ccc(-c3ccc(Cl)cc3)nn2)c1N,SWZLEMCSZZKCPN-UHFFFAOYSA-N,synthetic
SD_192,COc1ccccc1-c1ccc(-n2ncc(C#N)c2N)nn1,MMMVCNMYQBJJQD-UHFFFAOYSA-N,synthetic
SD_193,COc1ccc(-c2ccc(-n3ncc(C#N)c3N)nn2)cc1,XMYLAAJYHDWSFK-UHFFFAOYSA-N,synthetic
SD_194,CCOC(=O)c1cnn(-c2ccc(-c3ccccc3)nn2)c1N,YNQBAEWBKQOHEO-UHFFFAOYSA-N,synthetic
SD_195,CCOC(=O)c1cnn(-c2ccc(-c3ccc(Cl)cc3)nn2)c1N,XLTABBPJALUMHY-UHFFFAOYSA-N,synthetic
SD_196,CCOC(=O)c1cnn(-c2ccc(-c3ccccc3OC)nn2)c1N,LWWNOEHXASZHBZ-UHFFFAOYSA-N,synthetic
SD_197,CCOC(=O)c1cnn(-c2ccc(-c3ccc(OC)cc3)nn2)c1N,CKSQOSBKKJQVOC-UHFFFAOYSA-N,synthetic
SD_198,O=C(NNc1ccc(-c2ccc(Cl)cc2)nn1)NC1CCCCC1,IZLGQJQFBOQPSZ-UHFFFAOYSA-N,synthetic
SD_199,COc1ccccc1-c1ccc(NNC(=O)NC2CCCCC2)nn1,HSGCUAAQNSHIOW-UHFFFAOYSA-N,synthetic
SD_200,O=C(NNc1ccc(-c2ccc(Cl)cc2)nn1)Nc1ccccc1,QFSHTDJHBQUAKL-UHFFFAOYSA-N,synthetic
SD_201,FC(F)(F)c1ccc(/C=N/Nc2ccc(-c3ccc(Cl)cc3)nn2)cc1,NKRIMBCGUYEIFR-FOKLQQMPSA-N,synthetic
SD_202,COc1ccc(-c2ccc(N/N=C/c3ccc(C(F)(F)F)cc3)nn2)cc1,DJWCLIVSBKAKQT-FSJBWODESA-N,synthetic
SD_203,COc1ccc(/C=N/Nc2ccc(-c3ccc(Cl)cc3)nn2)cc1,DGLZDVBCGPIKJE-UDWIEESQSA-N,synthetic
SD_204,COc1ccc(/C=N/Nc2ccc(-c3ccc(OC)cc3)nn2)cc1,GXGWILZHEOYUNK-DEDYPNTBSA-N,synthetic
SD_205,COc1ccc(/C=N/Nc2ccc(-c3ccc(Cl)cc3)nn2)c(OC)c1,RAQWVUGDHGKVPB-CIAFOILYSA-N,synthetic
SD_206,COc1ccc(/C=N/Nc2ccc(-c3ccccc3OC)nn2)c(OC)c1,PPNDSUXAKPKZFU-FYJGNVAPSA-N,synthetic
SD_207,COc1cc(/C=N/Nc2ccc(-c3ccc(Cl)cc3)nn2)cc(OC)c1OC,QWYQEVZILXKETF-WSDLNYQXSA-N,synthetic
SD_208,COc1ccccc1-c1ccc(N/N=C/c2cc(OC)c(OC)c(OC)c2)nn1,HSZMRGCPLJILDN-LPYMAVHISA-N,synthetic
SD_209,CCOC(=O)[C@H](CCc1ccccc1)N[C@@H](C)C(=O)N1CC2(C[C@H]1C(=O)O)SCCS2,HRWCVUIFMSZDJS-SZMVWBNQSA-N,synthetic
SD_211,C[C@H](N[C@@H](CCc1ccccc1)C(=O)O)C(=O)N1CC2(C[C@H]1C(=O)O)SCCS2,FMMDBLMCSDRUPA-BPUTZDHNSA-N,synthetic
SD_212,C[C@H](N[C@H](CCc1ccccc1)C(=O)O)C(=O)N1CC2(C[C@H]1C(=O)O)SCCS2,FMMDBLMCSDRUPA-IMJJTQAJSA-N,synthetic
SD_213,NCCC[C@H](N[C@@H](CCc1ccccc1)C(=O)O)C(=O)N1CC2(C[C@H]1C(=O)O)SCCS2,XLDXYHRDTJBVEB-BZSNNMDCSA-N,synthetic
SD_214,CCOC(=O)[C@H](CCc1ccccc1)NCC(=O)N1CC2(C[C@H]1C(=O)O)SCCS2,FQISISIMLFMVEY-IRXDYDNUSA-N,synthetic
SD_215,CCOC(=O)[C@H](CCc1ccccc1)N[C@@H](C)C(=O)N1CCC[C@H]1C(=O)O,GBXSMTUPTTWBMN-XIRDDKMYSA-N,synthetic
SD_219,CCOC(=O)C(CCc1ccccc1)OC(C)C(=O)N1CCC[C@H]1C(=O)O,FOJRYJADYAOGSC-WIHSUSGWSA-N,synthetic
SD_220,CCOC(=O)C(CCc1ccccc1)OC(C)C(=O)N1CC2CCCCC2[C@H]1C(=O)O,KJGGXEGBIHOCTB-DFJPGDIZSA-N,synthetic
SD_221,CCOC(=O)C(CCc1ccccc1)OC(C)C(=O)N1CC2CCCCC2C[C@H]1C(=O)O,MPECDBDZHABNOE-IQVJOUTCSA-N,synthetic
SD_222,CCOC(=O)C(CCc1ccccc1)SC(C)C(=O)N1CCC[C@H]1C(=O)O,JFGSPCGBBXYKKA-WIHSUSGWSA-N,synthetic
SD_223,CCOC(=O)C(CCc1ccccc1)SC(C)C(=O)N1CSC[C@H]1C(=O)O,LPXVVEDQPNJYOF-SIWZUTFBSA-N,synthetic
SD_224,CCOC(=O)C(CCc1ccccc1)SC(C)C(=O)N1CC2CCCCC2[C@H]1C(=O)O,VLZZWEPWFKXZDG-DFJPGDIZSA-N,synthetic
SD_225,CCOC(=O)C(CCc1ccccc1)SC(C)C(=O)N1Cc2ccccc2C[C@H]1C(=O)O,FSCJXQKDXZLROY-LPBNZCGVSA-N,synthetic
SD_226,CC(OC(CCc1ccccc1)C(=O)O)C(=O)N1CCC[C@H]1C(=O)O,JFRPFZJSSBSVOO-BLZCZZARSA-N,synthetic
SD_227,CC(OC(CCc1ccccc1)C(=O)O)C(=O)N1Cc2ccccc2C[C@H]1C(=O)O,LQWNYMDUNAIMSA-YHDJDMAPSA-N,synthetic
SD_228,CC(SC(CCc1ccccc1)C(=O)O)C(=O)N1CCC[C@H]1C(=O)O,JVZOJVSKVSEJNC-BLZCZZARSA-N,synthetic
SD_229,CC(SC(CCc1ccccc1)C(=O)O)C(=O)N1CC2CCCCC2[C@H]1C(=O)O,PFTMAIADZAEIOG-BITBVIDPSA-N,synthetic
SD_230,CC(SC(CCc1ccccc1)C(=O)O)C(=O)NC1(C(=O)O)CCCC1,IRFLEJXVMMQAGR-UHFFFAOYSA-N,synthetic
SD_231,CC(S[C@@H](CCc1ccccc1)C(=O)O)C(=O)NC1(C=O)CCC(c2ccccc2)CC1,LESVLYGNJXROMX-FCCSPCGPSA-N,synthetic
SD_232,CCOCC(CCc1ccccc1)SOC(C)C(=O)N1C2CCCCC2C[C@H]1C(=O)O,YMMJWPHJWAMKSF-WTZHAPHZSA-N,synthetic
SD_233,CCOCC(CCc1ccccc1)S(=O)OC(C)C(=O)N1CCC[C@H]1C(=O)O,UNTJKVPEDMTDAL-WGJHYSAWSA-N,synthetic
SD_234,CCOC(=O)C(CCc1ccccc1)S(=O)(=O)C(C)C(=O)N1CCC[C@H]1C(=O)O,AJXNWOLLHVBCNI-WIHSUSGWSA-N,synthetic
SD_235,CCOC(=O)C(CCc1ccccc1)NC(C)C(=O)N1C(C(=O)O)c2ccccc2C[C@H]1C(=O)O,XUTWHCANXPTUTG-BGOWTXDTSA-N,synthetic
SD_236,CC(NC(CCc1ccccc1)C(=O)O)C(=O)N1C(C(=O)O)c2ccccc2C[C@H]1C(=O)O,SRLYSIJXJMTRAN-XAHBPJGFSA-N,synthetic
SD_237,CCOC(=O)C(CCc1ccccc1)NC(C)C(=O)N1CC2CCCCC2[C@H]1C(=O)O,AYECQRAXWBGXSZ-DFJPGDIZSA-N,synthetic
SD_238,CC(NC(CCc1ccccc1)C(=O)O)C(=O)N1CC2CCCCC2[C@H]1C(=O)O,OLMPXRUAQBIBRA-BITBVIDPSA-N,synthetic
SD_242,NCCCC[C@H](N[C@@H]1CCc2ccccc2N(CC(=O)O)C1=O)C(=O)O,AXTCRUUITQKBAV-KGLIPLIRSA-N,synthetic
SD_243,CCOC(=O)[C@H](CCCCN)N[C@@H]1CCc2ccccc2N(CC(=O)O)C1=O,BJPLYVULVZSLCO-CVEARBPZSA-N,synthetic
SD_244,O=C(O)CN1C(=O)[C@H](N[C@@H](CCCCNC(=O)OCc2ccccc2)C(=O)O)CCc2ccccc21,WKNDKOZNFFZORF-RTWAWAEBSA-N,synthetic
SD_245,CCOC(=O)[C@H](CCCCNC(=O)OCc1ccccc1)N[C@@H]1CCc2ccccc2N(CC(=O)O)C1=O,SGWDRFQPAPSOTL-PKTZIBPZSA-N,synthetic
SD_246,CC(C)(C)OC(=O)NCCCC[C@H](N[C@@H]1CCc2ccccc2N(CC(=O)O)C1=O)C(=O)O,SWAFCAYLJAGDHL-SJORKVTESA-N,synthetic
SD_247,CCOC(=O)[C@H](CCCCNCOc1ccccc1)N[C@@H]1CCc2ccccc2N(CC(=O)O)C1=O,XPUBRIORWWZECV-PKTZIBPZSA-N,synthetic
SD_248,O=C(O)CN1C(=O)[C@H](N[C@@H](COCc2ccccc2)C(=O)O)CCc2ccccc21,BSQTWZJZKHVTTN-MSOLQXFVSA-N,synthetic
SD_249,CCOC(=O)[C@H](COCc1ccccc1)N[C@@H]1CCc2ccccc2N(CC(=O)O)C1=O,YAVUFYQECTUCKD-UXHICEINSA-N,synthetic
SD_250,O=C(O)CN1C(=O)[C@H](N[C@@H](CSCc2ccccc2)C(=O)O)CCc2ccccc21,XCJANLVRPWZEHK-MSOLQXFVSA-N,synthetic
SD_251,CCOC(=O)[C@H](CSCc1ccccc1)N[C@@H]1CCc2ccccc2N(CC(=O)O)C1=O,AIMVOTANDHXULA-UXHICEINSA-N,synthetic
SD_252,O=C(O)CN1C(=O)[C@H](N[C@@H](CSCCc2ccccc2)C(=O)O)CCc2ccccc21,DHQXBKIHWXJRQL-MOPGFXCFSA-N,synthetic
SD_253,O=C(O)CN1C(=O)[C@H](N[C@@H](CSc2ccccc2)C(=O)O)CCc2ccccc21,ZXTSTZUERUGEPU-SJORKVTESA-N,synthetic
SD_254,CCOC(=O)[C@H](CSc1ccccc1)N[C@@H]1CCc2ccccc2N(CC(=O)O)C1=O,DGPRMEPFNWGGKJ-MOPGFXCFSA-N,synthetic
SD_255,O=C(O)CN1C(=O)[C@H](N[C@H](Cc2ccccc2)C(=O)O)CCc2ccccc21,VUCYCNRONPBINV-IAGOWNOFSA-N,synthetic
SD_256,CCOC(=O)[C@H](Cc1ccccc1)N[C@H]1CCc2ccccc2N(CC(=O)O)C1=O,QICHJVAYOFKCAC-OALUTQOASA-N,synthetic
SD_257,O=C(O)CN1C(=O)[C@H](N[C@@H](CC2=c3ccccc3=NC2)C(=O)O)CCc2ccccc21,ZGRWPIBEYNPMJC-MOPGFXCFSA-N,synthetic
SD_258,CCOC(=O)[C@@H](CC1=c2ccccc2=NC1)N[C@@H]1CCc2ccccc2N(CC(=O)O)C1=O,UHZFVGXJPUTNHL-NHCUHLMSSA-N,synthetic
SD_259,CC(C)C[C@H](N[C@@H]1CCc2ccccc2N(CC(=O)O)C1=O)C(=O)O,XXQDAAMXJXLXDD-KGLIPLIRSA-N,synthetic
SD_260,COC(=O)[C@@H](CC(C)C)N[C@H]1CCc2ccccc2N(CC(=O)O)C1=O,DIAKVMVEHAUODE-LSDHHAIUSA-N,synthetic
SD_261,CCCC[C@H](N[C@@H]1CCc2ccccc2N(CC(=O)O)C1=O)C(=O)O,OJBUNWORDYSDBG-KGLIPLIRSA-N,synthetic
SD_262,CCCC[C@@H](N[C@@H]1CCc2ccccc2N(CC(=O)O)C1=O)C(=O)OCC,CLYQVSLBVFEZBT-HZPDHXFCSA-N,synthetic
SD_263,CSCC[C@H](N[C@@H]1CCc2ccccc2N(CC(=O)O)C1=O)C(=O)O,AOIGNBXQHAONIJ-OLZOCXBDSA-N,synthetic
SD_264,CCOC(=O)[C@@H](CCSC)N[C@@H]1CCc2ccccc2N(CC(=O)O)C1=O,ZEFRGVLOSJHNPV-HUUCEWRRSA-N,synthetic
SD_265,CCC[C@H](N[C@@H]1CCc2ccccc2N(CC(=O)O)C1=O)C(=O)O,VVIRFPRKWLIIJA-OLZOCXBDSA-N,synthetic
SD_267,CC(CS)C(=O)NCC(=O)O,VXOCIBBWDLKODX-UHFFFAOYSA-N,synthetic
SD_268,CC(CS)C(=O)N(C)CC(=O)O,KHXJUBSGGXLCFM-UHFFFAOYSA-N,synthetic
SD_269,CCN(CC(=O)O)C(=O)C(C)CS,NEFQJOOROFDSGD-UHFFFAOYSA-N,synthetic
SD_270,CC(CS)C(=O)N(CC(=O)O)C(C)C,CXBHQULQNOOTII-UHFFFAOYSA-N,synthetic
SD_271,C.CC(=O)SCCC(=O)N(CC(=O)O)C(C)C,WJSICLSVALYGEC-UHFFFAOYSA-N,synthetic
SD_272,CC(CS)C(=O)N(CC(=O)O)C1CC1,OQXFHYHUXJEPQI-UHFFFAOYSA-N,synthetic
SD_273,CC(=O)SCC(C)C(=O)N(CC(=O)O)C1CC1,IUFNBYIQGPSJHJ-UHFFFAOYSA-N,synthetic
SD_274,CC(C(=O)O)N(C(=O)CCS)C1CC1,GOENAUONFPAZBX-UHFFFAOYSA-N,synthetic
SD_275,CC(=O)SCCC(=O)N(C1CC1)C(C)C(=O)O,FZXAXWFWGFLJIC-UHFFFAOYSA-N,synthetic
SD_276,CC(CS)C(=O)N(CC(=O)O)C1CCC1,HAHASCMUEWBAFT-UHFFFAOYSA-N,synthetic
SD_277,CC(=O)SCC(C)C(=O)N(CC(=O)O)C1CCC1,PBODOLPKDOKHOV-UHFFFAOYSA-N,synthetic
SD_278,CC(CS)C(=O)N(CC(=O)O)C1CCCC1,ALRGMGVUAWHELZ-UHFFFAOYSA-N,synthetic
SD_280,CC(=O)SCC(C)C(=O)N(CC(=O)O)C1CCCC1,UPEZQPMUYZATJA-UHFFFAOYSA-N,synthetic
SD_281,CC(CS)C(=O)N(CC(=O)O)C1CCCCC1,FGFHICIYRMWGIF-UHFFFAOYSA-N,synthetic
SD_282,CC(=O)SCC(C)C(=O)N(CC(=O)O)C1CCCCC1,DJTUXLGDNAMVJS-UHFFFAOYSA-N,synthetic
SD_283,CC(CS)C(=O)N(CC(=O)O)C1CCCCCC1,BDYGMDMPZALDDI-UHFFFAOYSA-N,synthetic
SD_284,CC(=O)SCC(C)C(=O)N(CC(=O)O)C1CCCCCC1,GWOKPYPGELGLLB-UHFFFAOYSA-N,synthetic
SD_285,CC(CS)C(=O)N(CC(=O)O)[C@@H]1C[C@H]2CC[C@@H]1C2,USAXCUHSDRCEKI-NVEZCULWSA-N,synthetic
SD_287,CC(=O)SCC(C)C(=O)N(CC(=O)O)C1CC2CC23CCC13,BGSKHHVRRAUKPB-UHFFFAOYSA-N,synthetic
SD_288,CC(CS)C(=O)N(CC[C@@H]1CC2CC(C1C)C2(C)C)CC(=O)O,YNTNUAUVNZTXCX-IOCOHYSWSA-N,synthetic
SD_289,CC(=O)SCC(C)C(=O)N(CCC1CC2CC(C1)C2(C)C)CC(=O)O,ZIIWVXPQVFNPJJ-UHFFFAOYSA-N,synthetic
SD_290,CC(CS)C(=O)N(CC(=O)O)C[C@H]1CC2CC(C1C)C2(C)C,AJDGOTYEQFIRKP-XHLRWWMNSA-N,synthetic
SD_291,CC(=O)SCC(C)C(=O)N(CC(=O)O)C[C@H]1CC2CC(C1C)C2(C)C,SLKDSLAWMQSCJY-GDNWTEEJSA-N,synthetic
SD_292,CC(=O)SCC(C)C(=O)N(CC(=O)O)[C@@H]1CCC2CC1C2(C)C,KXRIOZZBVJVHQC-VPGYJZJUSA-N,synthetic
SD_293,CC(CS)C(=O)N(CC(=O)O)C1Cc2ccccc2C1,KSVRHWYBXURNCF-UHFFFAOYSA-N,synthetic
SD_294,CC(=O)SCC(C)C(=O)N(CC(=O)O)C1Cc2ccccc2C1,XENJKTJZYMBEBZ-UHFFFAOYSA-N,synthetic
SD_295,COCCN(CC(=O)O)C(=O)C(C)CS,TZTHZQINDIJPGY-UHFFFAOYSA-N,synthetic
SD_296,CSCCCN(CC(=O)O)C(=O)C(C)CS,BRFHDYHPVSODIF-UHFFFAOYSA-N,synthetic
SD_297,CSCCCN(CC(=O)O)C(=O)C(C)CSC(C)=O,CULZBNYMCVLGBF-UHFFFAOYSA-N,synthetic
SD_298,CC(CS)C(=O)N(CCC1CCCO1)CC(=O)O,CITSYFVNXVVLPL-UHFFFAOYSA-N,synthetic
SD_299,CC(=O)SCC(C)C(=O)N(CCC1CCCO1)CC(=O)O,JJGOAVUFOUNTLF-UHFFFAOYSA-N,synthetic
SD_300,CC(CS)C(=O)N(CCc1ccco1)CC(=O)O,GKZRLQNLSYIUMB-UHFFFAOYSA-N,synthetic
SD_302,CC(CS)C(=O)N(CCc1cccs1)CC(=O)O,FWUJXVTVXVCWLQ-UHFFFAOYSA-N,synthetic
SD_303,CC(=O)SCC(C)C(=O)N(CCc1cccs1)CC(=O)O,OSWOLDPQZJTLPW-UHFFFAOYSA-N,synthetic
SD_304,CC(CS)C(=O)N(CC(=O)O)C1CCS(=O)(=O)C1,UVSVKNSUELWONQ-UHFFFAOYSA-N,synthetic
SD_305,CC(=O)SCC(C)C(=O)N(CC(=O)O)C1CCS(=O)(=O)C1,AJFQVKUJEYTCQF-UHFFFAOYSA-N,synthetic
SD_306,CCN1CCCC1CN(CC(=O)O)C(=O)C(C)CS,MBUNQOGWMVDDDM-UHFFFAOYSA-N,synthetic
SD_307,C=CCN(CC(=O)O)C(=O)C(C)CS,OZHXHHKPWBGXNA-UHFFFAOYSA-N,synthetic
SD_308,C=CCN(CC(=O)O)C(=O)C(C)CSC(C)=O,KSGDJHIHNLVWIO-UHFFFAOYSA-N,synthetic
SD_309,CC(CS)C(=O)N(CC(=O)O)c1ccccc1,KYSRQHDFTNPRNI-UHFFFAOYSA-N,synthetic
SD_310,CC(=O)SCC(C)C(=O)N(CC(=O)O)c1ccccc1,ZOLOJYDPQCQSLJ-UHFFFAOYSA-N,synthetic
SD_312,CC(=O)SCC(C)C(=O)N(CC(=O)O)c1ccccc1C,NXOWMKUZYDYGFZ-UHFFFAOYSA-N,synthetic
SD_313,C=C(C(C)CS)N(CC([O])=O)c1cccc(C)c1,KRBVEPZLJICFID-UHFFFAOYSA-N,synthetic
SD_314,CC(=O)SCC(C)C(=O)N(CC(=O)O)c1cccc(C)c1,KYLMCMYDQDSVTM-UHFFFAOYSA-N,synthetic
SD_315,C=C(C(C)CS)N(CC([O])=O)c1ccc(C)cc1,AQXMEVMYHNHRJA-UHFFFAOYSA-N,synthetic
SD_316,CC(=O)SCC(C)C(=O)N(CC(=O)O)c1ccc(C)cc1,SGBISVZAEWIZDT-UHFFFAOYSA-N,synthetic
SD_317,C=C(C(C)CS)N(CC([O])=O)c1cc(C)cc(C)c1,AXLSRWNJCJLBGC-UHFFFAOYSA-N,synthetic
SD_318,CC(=O)SCC(C)C(=O)N(CC(=O)O)c1cc(C)cc(C)c1,IGSRBHAOMLDLQK-UHFFFAOYSA-N,synthetic
SD_319,C=C(C(C)CS)N(CC([O])=O)c1ccc2c(c1)CCC2,DUZRYPPMYXFQCS-UHFFFAOYSA-N,synthetic
SD_320,CC(=O)SCC(C)C(=O)N(CC(=O)O)c1ccc2c(c1)CCC2,OMYMGFLPGNJKPU-UHFFFAOYSA-N,synthetic
SD_321,COc1cccc(N(CC(=O)O)C(=O)C(C)CSC(C)=O)c1,WNBTXZFHTRRRBT-UHFFFAOYSA-N,synthetic
SD_322,CSc1cccc(N(CC(=O)O)C(=O)C(C)CSC(C)=O)c1,UZMWMQIZJBDFQU-UHFFFAOYSA-N,synthetic
SD_323,CC(=O)SCC(C)C(=O)N(CC(=O)O)c1cccc(F)c1,HSEOJPROQPVZIC-UHFFFAOYSA-N,synthetic
SD_324,C=C(C(C)CS)N(CC([O])=O)c1ccc(F)cc1,PMDNRSJARFTVGH-UHFFFAOYSA-N,synthetic
SD_325,CC(=O)SCC(C)C(=O)N(CC(=O)O)c1ccc(F)cc1,OFXXBGPTOQAYRW-UHFFFAOYSA-N,synthetic
SD_326,C=C(C(C)CS)N(CC([O])=O)c1ccc(CCCC)cc1,HGXGSGUNJQVINN-UHFFFAOYSA-N,synthetic
SD_327,CCCCc1ccc(N(CC(=O)O)C(=O)C(C)CSC(C)=O)cc1,QRVPNSMLMPOHRT-UHFFFAOYSA-N,synthetic
SD_328,CC.CC(=O)SCC(C)C(=O)N(CC(=O)O)c1ccc(C(C)C)cc1,AWJRIAGDGSEDMH-UHFFFAOYSA-N,synthetic
SD_329,CC(CSC(=O)CC(C)(C)C)C(=O)N(CC(=O)O)C1CCCC1,NLBPJLBGGISTIW-UHFFFAOYSA-N,synthetic
SD_330,CC(CSC(=O)C(C)(C)C)C(=O)N(CC(=O)O)C1CCCC1,XRKXJJYSKUIIEN-UHFFFAOYSA-N,synthetic
SD_331,C[C@@H](CSC(=O)C(C)(C)C)C(=O)N(CC(=O)O)C1CCCC1,XRKXJJYSKUIIEN-NSHDSACASA-N,synthetic
SD_332,C[C@H](CSC(=O)C(C)(C)C)C(=O)N(CC(=O)O)C1CCCC1,XRKXJJYSKUIIEN-LLVKDONJSA-N,synthetic
SD_335,CC(S)C(=O)NCC(=O)O,YTGJWQPHMWSCST-UHFFFAOYSA-N,synthetic
SD_336,CCc1nc2c(C)cc(C)nc2n1Cc1ccc(-c2ccccc2-c2nn[nH]n2)cc1,YFWXFHNZGKNDBC-UHFFFAOYSA-N,synthetic
SD_337,CCCc1nc2c(C)cc(C)nc2n1Cc1ccc(-c2ccccc2-c2nn[nH]n2)cc1,VRBPVOFTDKMURN-UHFFFAOYSA-N,synthetic
SD_338,CCCCCn1c(=O)c2cccnc2n1Cc1ccc(-c2ccccc2-c2nn[nH]n2)cc1,LGLZPVSJGCVURZ-UHFFFAOYSA-N,synthetic
SD_339,CC(C)Cn1c(=O)c2cccnc2n1Cc1ccc(-c2ccccc2-c2nn[nH]n2)cc1,JKWVJTQZCHOGJJ-UHFFFAOYSA-N,synthetic
SD_340,CCCCn1c(=O)c2cccnc2n1Cc1ccc(-c2ccccc2-c2nn[nH]n2)cc1,BWKIOYBQMPZRBR-UHFFFAOYSA-N,synthetic
SD_341,CC(C)CCn1c(=O)c2cccnc2n1Cc1ccc(-c2ccccc2-c2nn[nH]n2)cc1,LSBPDXVQAPQQIU-UHFFFAOYSA-N,synthetic
SD_343,O=c1c2cccnc2n(Cc2ccc(-c3ccccc3-c3nn[nH]n3)cc2)n1Cc1ccccc1,MUTVQKXFOBCEHY-UHFFFAOYSA-N,synthetic
SD_344,CCn1c(=O)c2ccc(C)nc2n1Cc1ccc(-c2ccccc2-c2nn[nH]n2)cc1,PZSFAMFZXZAOHP-UHFFFAOYSA-N,synthetic
SD_345,CCCn1c(=O)c2ccc(C)nc2n1Cc1ccc(-c2ccccc2-c2nn[nH]n2)cc1,VVTDICDCDGMMCA-UHFFFAOYSA-N,synthetic
SD_346,CCCCn1c(=O)c2ccc(C)nc2n1Cc1ccc(-c2ccccc2-c2nn[nH]n2)cc1,GCRHVXYVQWLSJN-UHFFFAOYSA-N,synthetic
SD_347,CCCCn1c(=O)c2ccc(Cl)nc2n1Cc1ccc(-c2ccccc2-c2nn[nH]n2)cc1,BNYWWXJJGSMGLA-UHFFFAOYSA-N,synthetic
SD_348,CCCCn1c(=O)c2cc(F)c(Cl)nc2n1Cc1ccc(-c2ccccc2-c2nn[nH]n2)cc1,TVOTUWSBAXNGEN-UHFFFAOYSA-N,synthetic
SD_350,CCCCn1c(=O)c2cc(F)cnc2n1Cc1ccc(-c2ccccc2-c2nn[nH]n2)cc1,HHWOGTSOLUKYML-UHFFFAOYSA-N,synthetic
SD_351,CCCCn1c(=O)c2ccc(OC)nc2n1Cc1ccc(-c2ccccc2-c2nn[nH]n2)cc1,YJVNUQUHBWRFGG-UHFFFAOYSA-N,synthetic
SD_352,CCCCn1c(=O)c2ccc(NC)nc2n1Cc1ccc(-c2ccccc2-c2nn[nH]n2)cc1,CNYVHWIEPZCCRX-UHFFFAOYSA-N,synthetic
SD_353,CCCCn1c(=O)c2ccc(C3CNCCS3)nc2n1Cc1ccc(-c2ccccc2-c2nn[nH]n2)cc1,FJGJHIPSLRVYTH-UHFFFAOYSA-N,synthetic
SD_354,C.CCCN1C(=O)c2cccnc2C1Cc1ccc(-c2ccccc2-c2nn[nH]n2)cc1,FPLCSYVKKXEZJD-UHFFFAOYSA-N,synthetic
SD_355,CCCCn1c2ncccc2c(=O)n1Cc1ccc(-c2ccccc2-c2nn[nH]n2)cc1,NEJFAMVNQNXGLG-UHFFFAOYSA-N,synthetic
SD_356,CCCCn1c2nc(C)ccc2c(=O)n1Cc1ccc(-c2ccccc2-c2nn[nH]n2)cc1,KTPNSHNJZAUHMY-UHFFFAOYSA-N,synthetic
SD_357,CCCCn1c2nc(Cl)ccc2c(=O)n1Cc1ccc(-c2ccccc2-c2nn[nH]n2)cc1,VNUKLVWIQNHPIW-UHFFFAOYSA-N,synthetic
SD_358,O=C1c2cccnc2CN1Cc1ccc(-c2ccccc2-c2nn[nH]n2)cc1,YDOKIGAEIAQDLH-UHFFFAOYSA-N,synthetic
SD_359,CCC1c2ncccc2C(=O)N1Cc1ccc(-c2ccccc2-c2nn[nH]n2)cc1,DJLLOPXCLRKKSC-UHFFFAOYSA-N,synthetic
SD_360,CCCC1c2ncccc2C(=O)N1Cc1ccc(-c2ccccc2-c2nn[nH]n2)cc1,PBVMNRPKLPSZNJ-UHFFFAOYSA-N,synthetic
SD_361,CCCCC1c2ncccc2C(=O)N1Cc1ccc(-c2ccccc2-c2nn[nH]n2)cc1,PNNHQGDWIIUMFS-UHFFFAOYSA-N,synthetic
SD_362,C=[N].CCCC.CCCCn1c(=O)c2cccnc2n1Cc1ccc(-c2ccccc2-c2nn[nH]n2)cc1,YNUJCFNPWBMWKD-UHFFFAOYSA-N,synthetic
SD_363,CCCn1nc(OCc2ccc(-c3ccccc3-c3nn[nH]n3)cc2)c2cccnc21,SXLBZZWNBKTXEL-UHFFFAOYSA-N,synthetic
SD_364,CCCCn1nc(OCc2ccc(-c3ccccc3-c3nn[nH]n3)cc2)c2cccnc21,NLLLHDYGVUXTQW-UHFFFAOYSA-N,synthetic
SD_365,CCCCn1nc(OCc2ccc(-c3ccccc3-c3nn[nH]n3)cc2)c2ccccc2c1=O,NRGOMEBSHWHSCJ-UHFFFAOYSA-N,synthetic
SD_366,CCC(C)C(NC(=O)C(Cc1ccc(O)cc1)NC(=O)C(NC(=O)C(CCCNC(=N)N)NC(=O)C(N)CC(=O)O)C(C)C)C(=O)NC(Cc1c[nH]cn1)C(=O)N1CCCC1C(=O)NC(Cc1ccccc1)C(=O)O,CZGUSIXMZVURDU-UHFFFAOYSA-N,synthetic
SD_370,CCCCC(=O)N(Cc1ccc(-c2ccccc2-c2nnn[nH]2)cc1)[C@@H](CC(C)C)C(=O)OC,MKVAWNKOBRIWFI-QHCPKHFHSA-N,synthetic
SD_371,CCCCC(=O)N(CC(=O)O)Cc1ccc(-c2ccccc2-c2nnn[nH]2)cc1,WXYMNFMZFLUCSS-UHFFFAOYSA-N,synthetic
SD_372,CCCCC(=O)N(Cc1ccc(-c2ccccc2-c2nnn[nH]2)cc1)C(Cc1ccc(F)cc1)C(=O)O,HFMATXSUPNSWTN-UHFFFAOYSA-N,synthetic
SD_373,CCCCC(=O)N(Cc1ccc(-c2ccccc2-c2nnn[nH]2)cc1)[C@@H](C)C(=O)O,QFCDZSRVDUYPKU-HNNXBMFYSA-N,synthetic
SD_378,CCCCC(=O)N(Cc1ccc(-c2ccccc2-c2nnn[nH]2)cc1)C(Cc1ccccc1)C(=O)O,PJKUCOOPPKPDJQ-UHFFFAOYSA-N,synthetic
SD_379,CCCCC(=O)N(Cc1ccc(-c2ccccc2-c2nnn[nH]2)cc1)C(CC(C)C)C(N)=O,LAEWWLKDUYJDOB-UHFFFAOYSA-N,synthetic
SD_380,CCCCC(=O)N(Cc1ccc(-c2ccccc2-c2nnn[nH]2)cc1)C(CO)CC(C)C,OBXYUGKGGNDCHX-UHFFFAOYSA-N,synthetic
SD_381,O=C(CO[N+](=O)[O-])NNC(=O)c1ccc(NCC(O)CN2C(=O)/C(=C\c3ccccc3)S/C2=N/c2ccccc2)cc1,QYIPOXNEMKTMBY-VCUCLJMBSA-N,synthetic
SD_382,O=C(CO[N+](=O)[O-])NNC(=O)c1ccc(NCC(O)CN2C(=O)/C(=C\c3ccc(O)cc3)S/C2=N/c2ccccc2)cc1,LDTPGUBUVSYFHT-MXDAADOSSA-N,synthetic
SD_383,O=C(CO[N+](=O)[O-])NNC(=O)c1ccc(NCC(O)CN2C(=O)/C(=C/c3ccccc3O)S/C2=N/c2ccccc2)cc1,DGBMTRDXBIUCKR-ADKUPVABSA-N,synthetic
SD_384,COc1cc(/C=C2/S/C(=N/c3ccccc3)N(CC(O)CNc3ccc(C(=O)NNC(=O)CO[N+](=O)[O-])cc3)C2=O)cc(OC)c1OC,PZFVWPFXYLISTC-PZRUTKPKSA-N,synthetic
SD_385,CC1=C(C(=O)OC(C)C)C(c2cccc([N+](=O)[O-])c2)N(C(=O)N(C)C)C(=O)N1,MYCQCVOMONBCIS-UHFFFAOYSA-N,synthetic
SD_386,CNC(=O)N1C(=O)NC(C)=C(C(=O)OC(C)C)C1c1cccc([N+](=O)[O-])c1,DEZXGDQOCSRRMP-UHFFFAOYSA-N,synthetic
SD_387,CC1=C(C(=O)OC(C)C)C(c2cccc([N+](=O)[O-])c2)N(C(N)=O)C(=O)N1,JTILQSIVPVPOTG-UHFFFAOYSA-N,synthetic
SD_388,CC1=C(C(=O)OC(C)C)C(c2cccc([N+](=O)[O-])c2)NC(=O)N1,UDLOBPWBPRYOTP-UHFFFAOYSA-N,synthetic
SD_389,CCOC(=O)C1=C(C)NC(=O)N(C(N)=O)C1c1cccc([N+](=O)[O-])c1,NGEFFDYYNIRRME-UHFFFAOYSA-N,synthetic
SD_390,COC(=O)C1=C(C)NC(=O)N(C(N)=O)C1c1cccc([N+](=O)[O-])c1,CIKULUBECDKHFL-UHFFFAOYSA-N,synthetic
SD_391,CCNC(=O)N1C(=O)NC(C)=C(C(=O)OC(C)C)C1c1cccc([N+](=O)[O-])c1,DZEHOACOQBAKNP-UHFFFAOYSA-N,synthetic
SD_392,CC1=C(C(=O)OC(C)C)C(c2cccc([N+](=O)[O-])c2)N(C(=O)NC(C)C)C(=O)N1,OAKKHOGCUWAIRH-UHFFFAOYSA-N,synthetic
SD_393,CC1=C(C(=O)OC(C)C)C(c2cccc([N+](=O)[O-])c2)N(C(=O)NCc2ccccc2)C(=O)N1,YIOFPEQCJMBGBV-UHFFFAOYSA-N,synthetic
SD_394,CC1=C(C(=O)OC(C)C)C(c2cccc([N+](=O)[O-])c2)N(CCN(C)Cc2ccccc2)C(=O)N1,YMQZIAHMOKVIEJ-UHFFFAOYSA-N,synthetic
SD_395,CC1=C(C(=O)OC(C)C)C(c2ccccc2[N+](=O)[O-])N(C(N)=O)C(=O)N1,FCVDBJYRGKUHBC-UHFFFAOYSA-N,synthetic
SD_396,CC1=C(C(=O)OC(C)C)C(c2cccc(C(F)(F)F)c2)N(C(N)=O)C(=O)N1,IYHLOUNZKOVOAZ-UHFFFAOYSA-N,synthetic
SD_397,CC1=C(C(=O)OC(C)C)C(c2ccccc2C(F)(F)F)N(C(N)=O)C(=O)N1,LFRCBGUYFGOVRU-UHFFFAOYSA-N,synthetic
SD_398,CC1=C(C(=O)OC(C)C)C(c2cccc(Cl)c2)N(C(N)=O)C(=O)N1,NEORKLPGSMVSDS-UHFFFAOYSA-N,synthetic
SD_399,CC1=C(C(=O)OC(C)C)C(c2ccccc2Cl)N(C(N)=O)C(=O)N1,MJHVURZZWVIJRK-UHFFFAOYSA-N,synthetic
SD_400,CC1=C(C(=O)OC(C)C)C(c2cccc(Br)c2)N(C(N)=O)C(=O)N1,LSGMRPZJMHTJQV-UHFFFAOYSA-N,synthetic
SD_401,CC1=C(C(=O)OC(C)C)C(c2ccccc2Br)N(C(N)=O)C(=O)N1,CUFVZMKVSMNLPY-UHFFFAOYSA-N,synthetic
SD_402,CC1=C(C(=O)OC(C)C)C(c2c(Cl)cccc2Cl)N(C(N)=O)C(=O)N1,MVLYZUNXOOVSTL-UHFFFAOYSA-N,synthetic
SD_403,CC1=C(C(=O)OC(C)C)C(c2cccc(Cl)c2Cl)N(C(N)=O)C(=O)N1,XCKMRLIWGNQJMU-UHFFFAOYSA-N,synthetic
SD_404,CC1=C(C(=O)OC(C)C)C(c2cccc(-c3conn3)c2-c2conn2)N(C(N)=O)C(=O)N1,GCLSFQQANUXQHJ-UHFFFAOYSA-N,synthetic
SD_405,CC1=C(C(=O)OC(C)C)[C@@H](c2cccc([N+](=O)[O-])c2)N(C(N)=O)C(=O)N1,JTILQSIVPVPOTG-CYBMUJFWSA-N,synthetic
SD_406,CC1=C(C(=O)OC(C)C)[C@H](c2cccc([N+](=O)[O-])c2)N(C(N)=O)C(=O)N1,JTILQSIVPVPOTG-ZDUSSCGKSA-N,synthetic
SD_407,COC(=O)C1=C(C)NC(C)=C(C(=O)OC)C1c1ccccc1[N+](=O)[O-],HYIMSNHJOBLJNT-UHFFFAOYSA-N,synthetic
SD_408,CCOC(=O)C1=C(COCCN)NC(C)=C(C(=O)OC)C1c1ccccc1Cl,HTIQEAQVCYTUBX-UHFFFAOYSA-N,synthetic
SD_409,COc1ccc(OC)c2c1C[C@H](NCCc1ccccc1)[C@@H](O)C2,YAAPKISLLAABEK-ROUUACIJSA-N,synthetic
SD_410,COc1ccc(OC)c2c1C[C@H](NCCCc1ccccc1)[C@@H](O)C2.Cl,PURLUGHPESZSPL-HLRBRJAUSA-N,synthetic
SD_411,COc1ccc(OC)c2c1C[C@H](NCCCCc1ccccc1)[C@@H](O)C2.Cl,OJYNMTOQYHTSDW-FKLPMGAJSA-N,synthetic
SD_412,COc1ccc(OC)c2c1C[C@H](NCCCc1c[nH]c3ccccc13)[C@@H](O)C2.Cl,KVAVCBCHSXWXDA-GUTACTQSSA-N,synthetic
SD_413,COc1ccc(OC)c2c1C[C@H](NCCCc1nc3ccccc3s1)[C@@H](O)C2.Cl,CTEICORIZQCHMV-APTPAJQOSA-N,synthetic
SD_414,COc1ccc(OC)c2c1C[C@H](NCC(c1ccccc1)c1ccccc1)[C@@H](O)C2.Cl,PDRHRBGJGIOAJG-UKOKCHKQSA-N,synthetic
SD_415,COc1ccc(OC)c2c1C[C@H](NCCC(c1ccccc1)c1ccccc1)[C@@H](O)C2.Cl,FMBCOIIKBCPCFX-DKIIUIKKSA-N,synthetic
SD_416,C=C/C(=C\C)C(CCCN[C@H]1Cc2c(OC)ccc(OC)c2C[C@@H]1O)c1ccccc1.Cl,XAOSKPDNUZYJKQ-VDZUMBPESA-N,synthetic
SD_417,COc1ccc(OC)c2c1C[C@H](NCCCCC(c1ccccc1)c1ccccc1)[C@@H](O)C2.Cl,MEHGKBPEHRVCRH-WMXJXTQLSA-N,synthetic
SD_418,COc1ccc(OC)c2c1C[C@H](NCCC(C1CCCCC1)C1CCCCC1)[C@@H](O)C2.Cl,ZKXNBWBDVVMICH-DKIIUIKKSA-N,synthetic
SD_419,COc1ccc(CCN(C)CCCC(C#N)(c2ccc(OC)c(OC)c2)C(C)C)cc1OC,SGTNSNPWRIOYBX-UHFFFAOYSA-N,synthetic
SD_420,CCCc1nc2c(C)cc(C(=O)NCc3ccccc3)cc2n1Cc1ccc(-c2ccccc2C(=O)O)cc1,WQKSTZXYHFYAKY-UHFFFAOYSA-N,synthetic
SD_421,CCCc1nc2c(C)cc(C(=O)NCc3ccccc3OC)cc2n1Cc1ccc(-c2ccccc2C(=O)O)cc1,NKVLENIRXUJTOR-UHFFFAOYSA-N,synthetic
SD_422,CCCc1nc2c(C)cc(C(=O)NCc3cccc(OC)c3)cc2n1Cc1ccc(-c2ccccc2C(=O)O)cc1,PKDGXLSODONGNA-UHFFFAOYSA-N,synthetic
SD_423,CCCc1nc2c(C)cc(C(=O)NCc3ccc(OC)cc3)cc2n1Cc1ccc(-c2ccccc2C(=O)O)cc1,LMZZNBSYLVXJQQ-UHFFFAOYSA-N,synthetic
SD_424,CCCc1nc2c(C)cc(C(=O)NCc3ccc(OC)c(OC)c3)cc2n1Cc1ccc(-c2ccccc2C(=O)O)cc1,STQJLCIXSTXFST-UHFFFAOYSA-N,synthetic
SD_425,CCCc1nc2c(C)cc(C(=O)NCCc3cccc(OC)c3)cc2n1Cc1ccc(-c2ccccc2C(=O)O)cc1,NCAWYFSYLMNGPT-UHFFFAOYSA-N,synthetic
SD_426,CCCc1nc2c(C)cc(C(=O)NCCc3ccc(OC)cc3)cc2n1Cc1ccc(-c2ccccc2C(=O)O)cc1,RIZLSQIVYHEYRR-UHFFFAOYSA-N,synthetic
SD_427,CCCc1nc2c(C)cc(C(=O)NCCc3ccc(OC)c(OC)c3)cc2n1Cc1ccc(-c2ccccc2C(=O)O)cc1,WMGJGWKGRCCRQX-UHFFFAOYSA-N,synthetic
SD_428,CCCc1nc2c(C)cc(C(=O)NCCc3cc(OC)ccc3OC)cc2n1Cc1ccc(-c2ccccc2C(=O)O)cc1,VOOYDDCVNCKBLQ-UHFFFAOYSA-N,synthetic
SD_429,CCCc1nc2c(C)cc(C(=O)NCCc3ccccc3F)cc2n1Cc1ccc(-c2ccccc2C(=O)O)cc1,UEBSEYNILIIMEL-UHFFFAOYSA-N,synthetic
SD_430,CCCc1nc2c(C)cc(C(=O)NCCc3ccc(F)cc3)cc2n1Cc1ccc(-c2ccccc2C(=O)O)cc1,SGICQOPXUHBZIZ-UHFFFAOYSA-N,synthetic
SD_432,CCCc1nc2c(C)cc(-c3nc4ccccc4n3C)cc2n1Cc1ccc(-c2ccccc2C(=O)O)cc1,RMMXLENWKUUMAY-UHFFFAOYSA-N,synthetic
SD_434,CCc1nc2c(C)cc(C)nc2n1[C@H]1CCc2cc(-c3ccccc3-c3nnn[nH]3)ccc21,PACFDFGGIPMOKL-QFIPXVFZSA-N,synthetic
SD_436,CCc1nc2c(C)cc(C)nc2n1[C@@H]1CCc2cc(-c3ccccc3-c3nnn[nH]3)ccc21,PACFDFGGIPMOKL-JOCHJYFZSA-N,synthetic
SD_437,CCCc1nc2c(C)cc(C)nc2n1[C@H]1CCc2cc(-c3ccccc3-c3nnn[nH]3)ccc21,UVDVRIXPMWDFIT-QHCPKHFHSA-N,synthetic
SD_438,CCCCc1nc2c(C)cc(C)nc2n1[C@@H]1CCc2cc(-c3ccccc3-c3nnn[nH]3)ccc21,HBYVOFWUGXPDMO-XMMPIXPASA-N,synthetic
SD_439,Cc1cc(C)c2nc(C(C)C)n([C@@H]3CCc4cc(-c5ccccc5-c5nnn[nH]5)ccc43)c2n1,HIAQXCKTDNPVSH-HSZRJFAPSA-N,synthetic
SD_440,Cc1cc(C)c2nc(C3CC3)n(C3CCc4cc(-c5ccccc5-c5nnn[nH]5)ccc43)c2n1,KVHCBGFGXVLDGD-UHFFFAOYSA-N,synthetic
SD_441,CCc1nc2c(C)c(C)c(C)nc2n1C1CCc2cc(-c3ccccc3-c3nnn[nH]3)ccc21,PQLMUUHTNDBXNG-UHFFFAOYSA-N,synthetic
SD_442,CCc1c(C)nc2c(nc(CC)n2C2CCc3cc(-c4ccccc4-c4nnn[nH]4)ccc32)c1C,BOHFIMKUULPBBT-UHFFFAOYSA-N,synthetic
SD_443,CCc1cc(C)c2nc(CC)n(C3CCc4cc(-c5ccccc5-c5nnn[nH]5)ccc43)c2n1,XXWXOZMPDDSSEJ-UHFFFAOYSA-N,synthetic
SD_444,CCc1cc(C)c2nc(C(C)C)n(C3CCc4cc(-c5ccccc5-c5nnn[nH]5)ccc43)c2n1,BYKYONJSKPPTTO-UHFFFAOYSA-N,synthetic
SD_445,CCc1nc2c(C)cc(CC(C)C)nc2n1C1CCc2cc(-c3ccccc3-c3nnn[nH]3)ccc21,HHFWRZYDWOGTJX-UHFFFAOYSA-N,synthetic
SD_446,Cc1cc(CC(C)C)nc2c1nc(C(C)C)n2C1CCc2cc(-c3ccccc3-c3nnn[nH]3)ccc21,HHBRJKDGDMTATE-UHFFFAOYSA-N,synthetic
SD_447,CCc1nc2c(CC(C)C)cc(C)nc2n1C1CCc2cc(-c3ccccc3-c3nnn[nH]3)ccc21,AEXHTGISYTXJPO-UHFFFAOYSA-N,synthetic
SD_448,CCc1nc2c(C)cc(Cc3ccccc3)nc2n1C1CCc2cc(-c3ccccc3-c3nnn[nH]3)ccc21,VNCRGDCFGIGDGA-UHFFFAOYSA-N,synthetic
SD_449,CCc1nc2c(C)cc(CC(C)C)nc2n1[C@@H]1CCc2cc(-c3ccccc3C(=O)O)ccc21,PSGXDVSUDNDHBN-RUZDIDTESA-N,synthetic
SD_450,CCc1nc2c(C)cc(C)nc2n1Cc1ccc(-c2ccccc2-c2nnn[nH]2)cc1,YFWXFHNZGKNDBC-UHFFFAOYSA-N,synthetic
SD_451,CCCNC(=O)c1cc(C)c2nc(CCC)n(Cc3ccc(-c4ccccc4C(=O)O)cc3)c2c1,MZEZWAFSRHXIMS-UHFFFAOYSA-N,synthetic
SD_452,CCCCNC(=O)c1cc(C)c2nc(CCC)n(Cc3ccc(-c4ccccc4C(=O)O)cc3)c2c1,ILYZQINMZKUAIE-UHFFFAOYSA-N,synthetic
SD_453,CCCc1nc2c(C)cc(C(=O)NN3CCOCC3)cc2n1Cc1ccc(-c2ccccc2C(=O)O)cc1,MPPHJTGDWROIOP-UHFFFAOYSA-N,synthetic
SD_454,CCCc1nc2c(C)cc(C(=O)N3CCCCC3)cc2n1Cc1ccc(-c2ccccc2C(=O)O)cc1,RDMYIZJSQUDLBW-UHFFFAOYSA-N,synthetic
SD_455,CCCc1nc2c(C)cc(C(=O)Nc3ccc(C)cc3)cc2n1Cc1ccc(-c2ccccc2C(=O)O)cc1,BZHLUYSOYJBCMN-UHFFFAOYSA-N,synthetic
SD_456,CCCc1nc2c(C)cc(C(=O)NCCc3ccccc3)cc2n1Cc1ccc(-c2ccccc2C(=O)O)cc1,RLIIGJWNLLPVGV-UHFFFAOYSA-N,synthetic
SD_457,CCCc1nc2c(C)cc(C(=O)NCCN3CCOCC3)cc2n1Cc1ccc(-c2ccccc2C(=O)O)cc1,KMSJMALTKMNVCA-UHFFFAOYSA-N,synthetic
SD_458,CCCc1nc2c(C)cc(C(=O)NCCCc3ccccc3)cc2n1Cc1ccc(-c2ccccc2C(=O)O)cc1,ORALIHVHMAFAHT-UHFFFAOYSA-N,synthetic
SD_459,CCCc1nc2c(C)cc(C(=O)NCCCN3CCOCC3)cc2n1Cc1ccc(-c2ccccc2C(=O)O)cc1,SGTORJCNPYSWIC-UHFFFAOYSA-N,synthetic
SD_460,CCCc1nc2c(C)cc(NC(C)=O)cc2n1Cc1ccc(-c2ccccc2C(=O)O)cc1,GTIKATHHODGEGX-UHFFFAOYSA-N,synthetic
SD_461,CCCc1nc2c(C)cc(NC(=O)CC)cc2n1Cc1ccc(-c2ccccc2C(=O)O)cc1,GEUPXOVRFJSXDQ-UHFFFAOYSA-N,synthetic
SD_462,CCCC(=O)Nc1cc(C)c2nc(CCC)n(Cc3ccc(-c4ccccc4C(=O)O)cc3)c2c1,DGXVMSJCVAIYLV-UHFFFAOYSA-N,synthetic
SD_463,CCCc1nc2c(C)cc(NC(=O)c3ccccc3)cc2n1Cc1ccc(-c2ccccc2C(=O)O)cc1,GJJWDDROTHWGIF-UHFFFAOYSA-N,synthetic
SD_464,CCCc1nc2c(C)cc(NC(=O)c3ccc(C)cc3)cc2n1Cc1ccc(-c2ccccc2C(=O)O)cc1,YDMPQPKAXQRBIE-UHFFFAOYSA-N,synthetic
SD_466,CCCc1nc2c(C)cc(NC(=O)CCc3ccccc3)cc2n1Cc1ccc(-c2ccccc2C(=O)O)cc1,PWVCJTQDCHXRDQ-UHFFFAOYSA-N,synthetic
