key,input,np_score
"58ab4d5702ef2154380f716521e3d9e8","C=CCSS/C=C/C[S+]([O-])CC=C",12.414552688598633
"d6f1e6d6b9da513bc5ef96602a4d8102","C=CCSC[C@H](N)C(=O)O",11.74953842163086
"9facb60c588f05421d5de4052365cf25","C=CCSSCC=C",10.946839332580566
"cd7b0ae0f9edbdeca8c9708a316ad5bd","COS([O-])=S",6.27592658996582
"ede72477deae3a839aa128f182daa744","C=CCSSSCC=C",12.276691436767578
"0bc0b957b1c3f99babfe2edaa6e9246e","C=CC(C)(O)CCC=C(C)C",10.729665756225586
"74df9844f3aa3c3fa2afccdf0557f65a","CC(=O)OC/C=C(\C)CCC=C(C)C",9.545856475830078
"bb9fff4ac89c27b717a0eb55406ca9a7","CC1=CCC(C(C)C)=CC1",4.597149848937988
"6ddf5c60c537132b723e803ff6f693cf","COc1ccc2ccc(=O)oc2c1CC=C(C)C",9.82595157623291
"1e44e78c5ceffc109c30c58489dd2bb0","O=C1O[C@H]2[C@@H]3OC(=O)c4cc(O)c(O)c(O)c4-c4c(cc(O)c(O)c4O)C(=O)OC[C@H]2O[C@@H](OC(=O)c2cc(O)c(O)c(O)c2)[C@@H]3OC(=O)c2cc(O)c(O)c3c2[C@@H]2C1=CC(=O)[C@](O)(O3)C2(O)O",14.788089752197266
"d7d22d5990c48af27fdcd6fdc647dba6","CN1CCc2cc3c(c4c2[C@H]1Cc1ccccc1-4)OCO3",9.977545738220215
"d11dd36cbc04f37e55e65e4ef720a806","COc1cc2c3cc1Oc1c(OC)c(OC)cc4c1[C@@H](Cc1ccc(O)c(c1)Oc1ccc(cc1)C[C@@H]3N(C)CC2)N(C)CC4",9.824457168579102
"f0f2209e264665629166fb80d351657f","COc1cc2c3cc1Oc1c(OC)c(OC)cc4c1[C@H](Cc1ccc(cc1)Oc1cc(ccc1O)C[C@H]3N(C)CC2)N(C)CC4",9.824456214904785
"0db4e31ce866b97439e37d5beffbdd1b","COc1ccc2cc1Oc1ccc(cc1)C[C@H]1c3cc(c(OC)cc3CCN1C)Oc1c(OC)c(OC)cc3c1[C@H](C2)N(C)CC3",9.927546501159668
"ccfa6d49fbe5c34f3628d9fc9662d8a7","COc1ccc2cc1Oc1ccc(cc1)C[C@H]1c3cc(c(OC)cc3CCN1C)Oc1c(O)c(OC)cc3c1[C@H](C2)N(C)CC3",10.241065979003906
"3ca62c194e7808e91b882f79bef0cbd0","COc1cc2c(cc1O)[C@@H](Cc1ccc(OC)c(Oc3ccc(C[C@H]4c5cc(O)c(OC)cc5CCN4C)cc3)c1)N(C)CC2",10.857942581176758
"5910d9ad9a43d55ff07f569e50310557","C=C1C(OC(=O)CC(c2ccccc2)N(C)C)CCC2(C)C(O)C(OC(C)=O)C3=C(C)C(=O)CC(O)(C(O)C12)C3(C)C",9.269006729125977
"54ed066ddb52ada5a49fb5a525508997","COc1c(O)c(CC=C(C)C)c2c(c1O)C(=O)[C@H](O)[C@@H](c1ccccc1O)O2",9.839786529541016
"a6950b03a8e8fe5185675b427531d6aa","Oc1cc(O)cc(/C=C/c2ccc(O)c(O)c2)c1",10.510835647583008
"05ec32bf100d3efbcb64af697dffd113","Oc1ccc(/C=C/c2cc(O)cc(O)c2)cc1",9.458600997924805
"ea3429c9b99ad47c050936b01e7ff056","COc1ccc(/C=C/c2cc(O)cc(O)c2)cc1",8.049440383911133
"1816f1488eefbcd634053978d1ae5be8","Oc1ccc(/C=C/c2cc(O)cc3c2[C@@H](c2cc(O)cc(O)c2)[C@H](c2ccc(O)cc2)O3)cc1",9.942870140075684
"bd76025cb21276d7256ee6f7f2b3ceab","O=C(/C=C/c1ccc(O)c2c1[C@H](C(=O)O[C@H](Cc1ccc(O)c(O)c1)C(=O)O)[C@@H](c1ccc(O)c(O)c1)O2)O[C@H](Cc1ccc(O)c(O)c1)C(=O)O",8.906916618347168
"f7a10ae965f218f12a4719b798ab11cd","C/C=C/c1ccc(O)c(OC)c1O",11.226493835449219
"b2d96c6de812437ab8623458dde7acae","C[C@@]12C[C@@]3(O)O[C@@H](O1)[C@]1(COC(=O)c4ccccc4)[C@H]3C[C@@]12O[C@@H]1O[C@H](CO)[C@@H](O)[C@H](O)[C@H]1O",10.522205352783203
"302e736f30f032f30098139ee3d0baad","COC1C[C@@]2(C)CC(=O)[C@@H]3C[C@]2(O[C@@H]2O[C@H](CO)[C@@H](O)[C@H](O)[C@H]2O)[C@@]13COC(=O)c1ccccc1",10.383316993713379
"6564ac326a0ded6d967b3f653821ca41","CO[C@]12C[C@]3(C)O[C@H](O1)[C@]1(COC(=O)c4ccccc4)[C@@H]2C[C@]13O[C@@H]1O[C@H](CO)[C@@H](O)[C@H](O)[C@H]1O",8.405340194702148
"9ff6d8a37e74c9a7b730154cb29bef61","O=C(OC[C@H]1O[C@@H](OC(=O)c2cc(O)c(O)c(O)c2)[C@H](OC(=O)c2cc(O)c(O)c(O)c2)[C@@H](OC(=O)c2cc(O)c(O)c(O)c2)[C@@H]1OC(=O)c1cc(O)c(O)c(O)c1)c1cc(O)c(O)c(O)c1",13.384441375732422
"5e281492a2e4dc547c8deb91dfe4bad1","O=C(O[C@H]1O[C@@H](CO)[C@H](OC(=O)c2cc(O)c(O)c(O)c2)[C@@H](OC(=O)c2cc(O)c(O)c(O)c2)[C@@H]1OC(=O)c1cc(O)c(O)c(O)c1)c1cc(O)c(O)c(O)c1",10.997702598571777
"fea81696230dfd5f981208710ce53769","O=C1OC[C@@H](O)[C@H]([C@@H]2OC(=O)c3cc(O)c(O)c(O)c3-c3c(O)c(O)c(O)c4c3C(=O)O[C@H]2[C@H]4O)OC(=O)c2cc(O)c(O)c(O)c2-c2c1cc(O)c(O)c2O",12.758186340332031
"b7f3552d9018ffc4b671058f00f3ebd3","COc1cc2c(c(O)c1OC)C(=O)C[C@@H](c1cc(O)ccc1O)O2",11.111742973327637
"41a9fdd6c0d1cbd042f185343692d92c","C=C(C)[C@@H]1C[C@H](O)[C@]2(C(=O)O[C@@H]3O[C@H](CO[C@@H]4O[C@H](CO)[C@@H](O[C@@H]5O[C@@H](C)[C@H](O)[C@@H](O)[C@H]5O)[C@H](O)[C@H]4O)[C@@H](O)[C@H](O)[C@H]3O)CC[C@]3(C)[C@H](C[C@H]4OC(=O)C[C@@H](O)[C@]5(C)[C@@H]4[C@@]3(C)CC[C@H]5C(=C)C)[C@@H]12",10.009642601013184
"23d774dc4d77189f5a804ac20e75225a","C=C(C)[C@@H]1C[C@H](O)[C@]2(C(=O)O)CC[C@]3(C)[C@H](C[C@H]4OC(=O)C[C@@H](O)[C@]5(C)[C@@H]4[C@@]3(C)CC[C@H]5C(=C)C)[C@@H]12",10.582884788513184
"67efcc908b2311308b0169ec3795660e","C=C(C)[C@@H]1CC[C@]2(C(=O)O[C@@H]3O[C@H](CO[C@@H]4O[C@H](CO)[C@@H](O[C@@H]5O[C@@H](C)[C@H](O)[C@@H](O)[C@H]5O)[C@H](O)[C@H]4O)[C@@H](O)[C@H](O)[C@H]3O)CC[C@]3(C)[C@H](C[C@H]4OC(=O)C[C@@H](O)[C@]5(C)[C@@H]4[C@@]3(C)CC[C@H]5C(=C)C)[C@@H]12",8.748119354248047
"0ee06ecd48e369037db3841db7fc7e0a","C=C(C)[C@@H]1CC[C@]2(C(=O)O)CC[C@]3(C)C(C[C@H]4OC(=O)C[C@@H](O)[C@]5(C)C4[C@@]3(C)CC[C@H]5C(=C)C)C12",10.696535110473633
"e9fd6207d47a4b73f87a6508084f281f","CC1(C)CC[C@]2(C(=O)O)CC[C@]3(C)C(=CC[C@@H]4[C@@]5(C)CC[C@H](O[C@@H]6O[C@H](C(=O)O)[C@@H](O)[C@H](O)[C@H]6O)C(C)(C)[C@@H]5CC[C@]43C)[C@@H]2C1",12.111145973205566
"21f2a83718aaefa15ec1027ca544fd0a","O=C1C=CC[C@H](C[C@@H](O)CCc2ccc(O)cc2)O1",10.966262817382812
"861c5a8f2d9665bf7919e84aa927e254","C=CCSS(=O)OC",8.89466667175293
"025b4d4fe128004f167903277f6aeaab","O=C(O)c1ccc(O)c(O)c1",11.363465309143066
"28ac6b1c09b5e20d11025effc550e84b","COc1cc(C(=O)O)ccc1O",9.510432243347168
"4cf834409c0da8fce07fa410ef761d0c","O=C(O)c1ccc(O)cc1",7.079792499542236
"200dea8e5229de3839db7e0488bdee12","COc1cc(/C=C/C(=O)O)ccc1O",10.387639045715332
"9a6a7124cab4c09ecf9808ee6abd7a35","COc1cc(/C=C/C(=O)O)cc(OC)c1O",10.968450546264648
"a963c26d3ad16a449b0143adfc78a861","C[C@@H]1O[C@@H](OC[C@H]2O[C@@H](Oc3c(-c4ccc(O)c(O)c4)oc4cc(O)cc(O)c4c3=O)[C@H](O)[C@@H](O)[C@@H]2O)[C@H](O)[C@H](O)[C@H]1O",9.749344825744629
"ae4a693e1fa32b1bf5c768deed8a887f","O=C(O)[C@H]1O[C@@H](Oc2c(-c3ccc(O)cc3)oc3cc(O)cc(O)c3c2=O)[C@H](O)[C@@H](O)[C@@H]1O",10.348596572875977
"28bcb832dfe24e2f73417a1e6803e911","CC1=CC(=O)CC(C)(C)[C@@]1(O)/C=C/[C@@H](C)O[C@@H]1O[C@H](CO)[C@@H](O)[C@H](O)[C@H]1O",11.160246849060059
"b82591da37e3b4f0275fd244964f3fee","COc1cc(C2c3cc(O)c(OC)cc3CC(COC3OC(CO)C(O)C(O)C3O)C2CO)ccc1O",8.640771865844727
"4ca14436a55f1d73460850158b2d2209","COc1cc([C@H]2Oc3c(O)cc(CCCO)cc3[C@@H]2CO)ccc1O[C@@H]1O[C@@H](C)[C@H](O)[C@@H](O)[C@H]1O",10.73323917388916
"216301133ce84d2a650993badaac2a50","COc1cc([C@@H]2Oc3c(OC)cc(CCCO)cc3[C@H]2CO)ccc1O[C@@H]1O[C@@H](C)[C@H](O)[C@@H](O)[C@H]1O",9.123908042907715
"a34dd0b1892a11f92e9b5e554b5ba073","C[C@@H]1O[C@@H](OC[C@H]2O[C@@H](Oc3c(-c4ccc(O)cc4)oc4cc(O)cc(O)c4c3=O)[C@H](O)[C@@H](O)[C@@H]2O)[C@H](O)[C@H](O)[C@H]1O",9.274527549743652
"34e99e70200505c6c07989db059845f9","CC(C)=CCOc1c2occc2cc2ccc(=O)oc12",11.032626152038574
"f5882f2b7fa90606b3a8d98de9394bfc","CC(C)=CC(=O)O[C@H]1Cc2cc3ccc(=O)oc3cc2OC1(C)C",11.138299942016602
"3a6bac2a56bce9291db1fccbe6adfabc","CC(C)(O[C@@H]1O[C@H](CO)[C@@H](O)[C@H](O)[C@H]1O)[C@H]1Cc2cc3ccc(=O)oc3cc2O1",10.964645385742188
"76a299dbe8170e1461c211cf270e32f5","CCCCC1OC(=O)c2ccccc21",10.579242706298828
"9042f6f695790d0b9fe929f1f680a1a9","C[C@@]12C[C@@H](c3ccoc3)OC(=O)[C@@H]1CC[C@]1(C)[C@H]2[C@H]2C=C[C@]1(O)C(=O)O2",8.193211555480957
"d26dd851df5893aa2063dc52ffba5559","Cc1cc(O)c2c(c1)C(=O)c1cccc(O)c1C2=O",11.550955772399902
"6651512558012a4351bd62d7e5055e75","COc1c(O)cc2c(c1O)C(=O)c1c(cc(C)c(O)c1OC)C2=O",9.979292869567871
"7f77770b25e7ad77be226fde3813be52","Cc1cc2c(c(O)c1O)C(=O)c1c(O)cc(O)cc1C2=O",11.450823783874512
"75d007001648714ea07ae8fe67237d2b","COc1cc2c(c(OC)c1OC)C(=O)c1c(cc(C)c(O)c1OC)C2=O",11.44237995147705
"630af55ccece9e3f6005cc3d7476d124","CC[C@H](CC[C@@H](C)[C@H]1CC[C@H]2[C@@H]3CC=C4C[C@@H](O)CC[C@]4(C)[C@H]3CC[C@]12C)C(C)C",10.58901596069336
"0e2d67a4758ce7f21c71f476c75ddc3a","CC#CC#CC#Cc1ccccc1",10.565936088562012
"258195cc03791a73b187ee97450d12a1","CCCCC/C=C\C/C=C\CCCCCCCC(=O)O",10.197063446044922
"a2031017673cceb0d66c03afcf083e4c","COc1cc2c(O[C@@H]3OC[C@@H](OC)[C@H](OC)[C@H]3O)c3c(c(-c4ccc5c(c4)OCO5)c2cc1OC)C(=O)OC3",12.247601509094238
"1e4230f4884f9cbfcfca3a721a28b140","COc1cc2c(O[C@@H]3O[C@H](CO)[C@@H](O)[C@H](O)[C@H]3O)c3c(c(-c4ccc5c(c4)OCO5)c2cc1OC)C(=O)OC3",10.661548614501953
"81abc0476590f9aa456f2f2ccf3dc775","O=c1c(O[C@@H]2O[C@H](CO)[C@H](O)[C@H](O)[C@H]2O)c(-c2ccc(O)c(O)c2)oc2cc(O)cc(O)c12",9.463288307189941
"6d94d0a374b7a18df3dd1d945100da6d","CC1OC(OC2C(OC(=O)C34CCC(C)(C)CC3C3=CCC5C6(C)CCC(OC7OC(C(=O)O)C(O)C(O)C7O)C(C)(C)C6CCC5(C)C3(C)CC4O)OCC(O)C2O)C(O)C(O)C1OC1OCC(O)C(OC2OCC(O)C(O)C2O)C1O",9.953993797302246
"97f3f29fcbe45d0d6081dceb1e5423ed","C[C@H](NC(=O)CN)C(=O)N[C@@H](C)C(=O)NCC(=O)NCC(=O)N[C@@H](C)C(=O)N[C@@H](Cc1ccccc1)C(=O)O",1.6637839078903198
"05448a5cd45d5560b16bea3b3ad7bfa6","OC[C@H]1OC(O)[C@@H](O)[C@@H](O)[C@@H]1O",12.674164772033691
"ab5a1c6632201a850de067136006edb5","OC[C@H]1OC(O)[C@H](O)[C@@H](O)[C@@H]1O",12.674164772033691
"d08c88064be3e16ea0d76dbb2679eaad","OC[C@H]1OC(O)[C@H](O)[C@@H](O)[C@H]1O",12.674164772033691
"95e73942038a16924646d52170265b89","CC12CCC(CC1=O)C2(C)C",10.935144424438477
"2a35be0c16802f05dfd4bff843731cbc","C=C1C2CCC(C2)C1(C)C",9.289718627929688
"a9acbbe2773e619d87bc4bd619f16bac","C=C(C)C1CC=C(C)C(=O)C1",10.030531883239746
"b7989e9b02a89d033c8159f554a30b8e","CC12CCC(CC1)C(C)(C)O2",8.554190635681152
"ef4601022b7def61e11cc19173467500","Cc1ccc(C(C)C)cc1",2.509324312210083
"66c133a92e85ba500d78175611465d48","COc1c2ccoc2cc2cc(C)oc(=O)c12",10.59217357635498
"79fec01e4ed52567b4c0974a901b7897","C=C(C)C1CC=C(C)CC1",9.207298278808594
"b6a850d1f86b1213d532570bd86e79b0","C=CC(=C)CCC=C(C)C",10.752981185913086
"173d9a34baabaab64949f8217c0fbbb7","CCCCCCCCCCCCCC(=O)O",10.935812950134277
"bd9903ebfec1726373f65e99584d257f","CCCCCCCC/C=C\CCCCCCCC(=O)O",9.93293571472168
"8df44dcfeb1f036aa4ec084a0dc4a5dc","CCCCCCCCCCCCCCCC(=O)O",10.935812950134277
"3371bd65fa93aec37b167a744c1b286a","CC1=CCC(C(C)C)C=C1",11.26428508758545
"5913453c6d559ac9e3cffa2d89d318e0","C=C1C=CC(C(C)C)CC1",10.227616310119629
"e267552e778ebde434db7eff0e72651d","CC1=CC=C(C(C)C)CC1",7.12962532043457
"e3d13f9b82d68efc88b3fdb8c6ab3754","CC(/C=C/C=C(\C)C(=O)O[C@@H]1O[C@H](CO[C@@H]2O[C@H](CO)[C@@H](O)[C@H](O)[C@H]2O)[C@@H](O)[C@H](O)[C@H]1O)=C\C=C\C=C(C)\C=C\C=C(/C)C(=O)O[C@@H]1O[C@H](CO[C@@H]2O[C@H](CO)[C@@H](O)[C@H](O)[C@H]2O)[C@@H](O)[C@H](O)[C@H]1O",7.799882888793945
"d9548894a0241e3159a3043137dd53e6","CC(/C=C/C=C(\C)C(=O)O)=C\C=C\C=C(C)\C=C\C=C(/C)C(=O)O",8.192947387695312
"e4e996f311852bfd869d84caaffc6f83","CC1=C(C=O)C(C)(C)CC=C1",9.4961519241333
"8ce2b8c3b7a80082df90309fc9e3df64","COc1ccc(-c2cc(=O)c3c(O)cc(O[C@@H]4O[C@H](CO[C@@H]5O[C@@H](C)[C@H](O)[C@@H](O)[C@H]5O)[C@@H](O)[C@H](O)[C@H]4O)cc3o2)cc1",8.994171142578125
"fa09531472111becd5f19151e4596dc3","COc1c(O)cc(O)c2c(=O)cc(-c3ccccc3)oc12",10.957501411437988
"716200d95eab9346c6c6089e672531ca","CC1(C)CC[C@]2(C)CC[C@]3(C)C(=CC[C@@H]4[C@@]5(C)CC[C@H](O)C(C)(C)[C@@H]5CC[C@]43C)[C@@H]2C1",10.064290046691895
"f408b477171d29501e9a0c4ca2685a02","C=C(C)[C@@H]1CC[C@]2(C)CC[C@]3(C)[C@H](CC[C@@H]4[C@@]5(C)CC[C@H](O)C(C)(C)[C@@H]5CC[C@]43C)[C@@H]12",10.234391212463379
"4e0f802b2d4718b834de79a321d7f4da","CC1(C)CCC2(C)CCC3(C)C(=CCC4C5(C)CCC(OC(=O)/C=C/c6ccccc6)C(C)(C)C5CCC43C)C2C1",10.070815086364746
"b9a1fa8dde3f179e0ec30121153f2362","COc1c2ccoc2cc2oc(=O)ccc12",11.229493141174316
"acee6d32f7cecc3a487d742b77e20699","CC(C)=CCC/C=C(\C)CCC=C(C)C",10.802597999572754
"0cdbf04043106ff3adb877aefee44d1d","C=C[C@]1(C)CC[C@@H](C(=C)C)C[C@H]1C(=C)C",11.048663139343262
"c322dc142a678dbdd490da865db8642c","CC[C@H](/C=C/[C@@H](C)[C@H]1CC[C@H]2[C@@H]3CC=C4C[C@@H](O)CC[C@]4(C)[C@H]3CC[C@]12C)C(C)C",10.380849838256836
"a9eefc878a29e91abd4e47709d7f03c2","C=C(C)[C@@H]1CC[C@]2(C)CC[C@]3(C)[C@H](CC[C@@H]4[C@@]5(C)CCC(=O)C(C)(C)[C@@H]5CC[C@]43C)[C@@H]12",10.459256172180176
"93d18c9779e1ebc4e70bf69103b3d04f","C[C@H]1[C@H](C)CC[C@]2(C)CC[C@]3(C)C(=CC[C@@H]4[C@@]5(C)CCC(=O)C(C)(C)[C@@H]5CC[C@]43C)[C@H]12",10.448275566101074
"836b7e114ec8e491f514b51612f3fb5b","Oc1ccc([C@H]2COc3cc(O)ccc3C2)cc1",9.028624534606934
"96e98eca1f875e787f80d1c1692ee244","O=C1C[C@@H](c2ccc(O)cc2)Oc2cc(O)cc(O)c21",10.619040489196777
"87247006e6d38ba34a3097656d2b861b","O=C1C[C@@H](c2ccccc2)Oc2cc(O)cc(O)c21",10.014019966125488
"0b98cc20c02cc17e563b02bb6b7a8313","O=c1c(O)c(-c2ccc(O)c(O)c2)oc2cc(O)cc(O)c12",11.751132011413574
"17bac554d50607dc7662afd23dcd0ca4","O=c1cc(-c2ccc(O)c(O)c2)oc2cc(O)cc(O)c12",11.362495422363281
"fb8ce006203a8605a8b0e64c4cd8d92e","CC(C)=CCc1cc(C(=O)CCc2ccccc2)c(O)c(CC=C(C)C)c1O",9.604541778564453
"bc863e1d80ddb10e8d644c7fc62b2408","CC(C)=CCc1c(O)ccc(C(=O)/C=C/c2ccccc2)c1O",10.159070014953613
"8bf2e5a7e2f7dbd60fa50e1bab8e6e39","Cc1c(C)c2c(c(C)c1O)CC[C@@](C)(CCC[C@H](C)CCC[C@H](C)CCCC(C)C)O2",11.784393310546875
"021d83e54827eb331bfe0bbf197ffa0e","CC(C)=CCC/C(C)=C/C=C/C(C)=C/C=C/C(C)=C/C=C/C=C(C)/C=C/C=C(C)/C=C/C=C(\C)CCC=C(C)C",9.72462272644043
"6ba862234f66b92a62f1628e572ad81e","CC1=C(/C=C/C(C)=C/C=C/C(C)=C/C=C/C=C(C)/C=C/C=C(C)/C=C/C2=C(C)CCCC2(C)C)C(C)(C)CCC1",9.609736442565918
"b385a0b77ff0520abb516293bec6fd39","CC(C)=CCC/C(C)=C/CC/C(C)=C/CC/C(C)=C/C=C/C=C(\C)CC/C=C(\C)CC/C=C(\C)CCC=C(C)C",9.13306713104248
"a3c51c2b9cb9f45796e3df17757db3de","CC(C)=CCC/C(C)=C/CC/C(C)=C/C=C/C(C)=C/C=C/C=C(\C)CC/C=C(\C)CC/C=C(\C)CCC=C(C)C",9.26054859161377
"c7fb2fb081f1ad438d34a6346a92fbf8","O=c1cc(-c2ccc(O)cc2)oc2c(C3OC(CO)C(O)C(O)C3O)c(O)c(C3OC(CO)C(O)C(O)C3O)c(O)c12",9.385651588439941
"804a40647421e9408e88c3cf421c30c5","CC[C@@H]1CN2CCc3c([nH]c4cccc(OC)c34)[C@@H]2C[C@@H]1/C(=C\OC)C(=O)OC",11.932671546936035
"d55febd0b5e2dfc80fba320e8c99ec43","COC(=O)C1=CO[C@@H](C)[C@H]2CN3CC[C@]4(C(=O)Nc5ccccc54)[C@@H]3C[C@H]12",10.657902717590332
"df6c40aa2c8fd62a8dca2ccf5569fe33","COC(=S)NCc1ccc(O[C@@H]2O[C@@H](C)[C@H](OC(C)=O)[C@@H](O)[C@H]2O)cc1",7.483335494995117
"899196458f052df90cb6db186ec77539","CCOC(=O)NCc1ccc(OC2OC(C)C(OC(C)=O)C(O)C2O)cc1",7.346310615539551
"0ab76b44f3d4d2e738ddc24cc12f83dd","CCOC(=S)C=NCc1ccc(O[C@@H]2O[C@@H](C)[C@H](OC(C)=O)[C@@H](O)[C@H]2O)cc1",9.89997673034668
"e564b8fb66caba18618547161f860ef9","CC1OCc2c(ccc(O)c2O)C1=O",10.69432544708252
"3c95eeabd34aab000b7a74b16cabfa32","CC(C)[C@@H]1CC[C@]2(C)CCCC(=O)[C@]2(C)C1",9.097228050231934
"a08eb6647b366bc59a8e7b4420462358","CC1CCC=C2CCC3C(C3(C)C)C21C",10.557229042053223
"396d491faf3b90640e863c47c10a18e4","C=C1CC[C@@H](C(C)C)C[C@@]12CCC[C@]2(C)O",8.86313533782959
"57495a1db1a97017e3d16f5a127ffd60","C[C@@H]1CCCC2=CC(=O)[C@@H]3[C@@H](C3(C)C)[C@]21C",8.974013328552246
"6bef53c0091a23cc10623c95ac97eea1","C=C(C)[C@@H]1CCC2=CCC[C@@H](C)[C@]2(C)C1",9.74183177947998
"08d21139d21401cd1f7c7db343b27ae5","C[C@H]1CC[C@@]2(O)C(C)(C)[C@@H]3CC[C@@]2(C)[C@H]1C3",9.481240272521973
"e7120c699de9152cf3b78fd0a811fd23","CC1=CCC2CC1C2(C)C",9.904072761535645
"e468765566327fd9d3377ca95008ab9b","CC1=C2C3C(CCC2(C)CCC1)C3(C)C",10.721060752868652
"0864a3b3be37c0283f358f592a7b252e","O=C(/C=C/c1ccc(O)c(O)c1)Oc1ccc2c(c1)C(=O)OCC2",11.188054084777832
"df32f7c36bc4adecd88a2ea41121b1ab","CC(C)=CCC[C@](C)(O[C@@H]1O[C@H](CO)[C@@H](O)[C@H](O)[C@H]1O)[C@H]1CC[C@]2(C)[C@@H]1[C@H](O)C[C@@H]1[C@@]3(C)CC[C@H](O)C(C)(C)[C@@H]3[C@@H](O[C@@H]3O[C@H](CO)[C@@H](O)[C@H](O)[C@H]3O)C[C@]12C",9.544231414794922
"8ffab974751473b5ac1ec03ca31ae1cb","CC(C)=CCC[C@](C)(O[C@@H]1O[C@H](CO[C@@H]2O[C@H](CO)[C@@H](O)[C@H](O)[C@H]2O)[C@@H](O)[C@H](O)[C@H]1O)[C@H]1CC[C@]2(C)[C@@H]1[C@H](O)C[C@@H]1[C@@]3(C)CC[C@H](O[C@@H]4O[C@H](CO)[C@@H](O)[C@H](O)[C@H]4O[C@@H]4O[C@H](CO)[C@@H](O)[C@H](O)[C@H]4O)C(C)(C)[C@@H]3CC[C@]12C",9.900527000427246
"a89c8cc13b17ded3ea98e3cc9a02fccd","COc1cc(OC)c(OC)cc1CC1=c2c(OC)c(OC)cc(OC)c2=CC1",10.808188438415527
"0983677386c2ffaa2caa741328f4b557","COc1ccc([C@H]2CC[C@H]2c2ccc(OC)c(OC)c2OC)c(OC)c1OC",9.033600807189941
"b3068fddb22220b7fa31f35e048d688b","NCCCC(=O)O",12.12976360321045
"1f8f360693fe76d6689c2997c6cc5c83","CC(C)=CCC/C(C)=C/CC/C(C)=C/CC/C=C(\C)CC/C=C(\C)CCC=C(C)C",10.802597999572754
"07b43db36064dd10fff11816ab8e3b63","CCCCCCCCCCCC(=O)O",10.935812950134277
"e138727e95a67327a49123c5a47756de","CCCCCCCCCC(=O)[O-]",13.450100898742676
"5c99d7ca75530704407eed73370157c0","CCCCCCCCCCCCCCCCCC(=O)[O-]",13.450100898742676
"f4f9a774bac881b8a5c40fbd62cfcbb1","C/C(=C\CO)CCC[C@H](C)CCC[C@H](C)CCCC(C)C",11.604012489318848
"2803f1d08ae6a535abfe31da61dc357a","O[C@@H]1CO[C@H]2[C@@H]1OC[C@@H]2O",10.888344764709473
"bb5750952c4d1062d723545929074da6","O=C(/C=C/C=C/c1ccc2c(c1)OCO2)N1CCCCC1",10.427454948425293
"a617c15fd762cbb4fc0883f947265d52","N#C[C@H](O[C@@H]1O[C@H](CO[C@@H]2O[C@H](CO)[C@@H](O)[C@H](O)[C@H]2O)[C@@H](O)[C@H](O)[C@H]1O)c1ccccc1",10.706026077270508
"a866b538e4b4100c9091c096e638730a","N#C[C@H](O[C@@H]1O[C@H](CO)[C@@H](O)[C@H](O)[C@H]1O)c1ccccc1",11.889508247375488
"a8b20e31c26e45abdb03e3af55164878","O=c1c(O)c(-c2ccc(O)cc2)oc2cc(O)cc(O)c12",11.203028678894043
"906eab9c53b590f769cfce8920507ed0","O=C(O)/C=C/c1ccc(O)cc1",10.550023078918457
"f85dc6aac29fd758b3fd394cf3ea60d6","C[C@@H]1O[C@@H](Oc2c(-c3ccc(O)c(O)c3)oc3cc(O)cc(O)c3c2=O)[C@H](O)[C@H](O)[C@H]1O",9.706497192382812
"62adc84d6a328cfff44343856cebc1ae","O=C(O)C1(O)C[C@@H](O)C(O)[C@H](O)C1",13.378707885742188
"368c945b8bd6ffca6cd73698cefe53ed","O=C(/C=C/c1ccc(O)c2c1[C@H](C(=O)O[C@H](Cc1ccc(O)c(O)c1)C(=O)[O-])[C@@H](c1ccc(O)c(O)c1)O2)O[C@H](Cc1ccc(O)c(O)c1)C(=O)[O-].[Mg+2]",10.345699310302734
"dafdbd4b639a40d45309c2b74bbbdf28","CC(=O)O[C@H]1C[C@]2(C)[C@@H]3C(=CC(=O)[C@@H]2C[C@H]1OC(C)=O)[C@]1(O)CC[C@H]([C@@](C)(O)[C@@H](CCC(C)C)OC(C)=O)[C@@]1(C)C[C@H]3OC(C)=O",10.901466369628906
"c3b0434d0a606c8ee8004b4e7491e5d3","COc1cc2ccc(=O)oc2cc1O",10.72700309753418
"d0b0f3ddf81360e9c1714ca7c788e956","COc1cc([C@H]2Oc3c(OC)cc4ccc(=O)oc4c3O[C@@H]2CO)ccc1O",10.189440727233887
"a3e95dc788b0b61d4fe5c4ccb21bbd28","COc1cc([C@H]2Oc3c(OC)cc4ccc(=O)oc4c3O[C@@H]2CO)cc(OC)c1O",11.19431209564209
"5f8bdf5cd7676350f3f18e5cd64ad78f","COc1ccc(-c2oc3cc(OC)c(OC)c(O)c3c(=O)c2OC)cc1OC",10.88952922821045
"3885faa5726c2061feea44293874b9ed","COc1ccc(-c2cc(=O)c3c(O)cc(O[C@@H]4O[C@H](CO)[C@@H](O)[C@H](O)[C@H]4O)cc3o2)cc1",8.517851829528809
"2034a25b803c1c2da7d3bc5c8426450d","C=C(C)C(O)CC/C(C)=C/Cc1c(O)ccc(C(=O)/C=C/c2ccc(O)cc2)c1O",10.686501502990723
"934d0fdc6598857fd10da54749629ed7","COc1ccc(C(=O)/C=C/c2ccc(O)cc2)c(O)c1CC=C(C)C",10.178927421569824
"dae384003b4601e50073b2b243685858","O=c1cc(-c2ccccc2)oc2cc(O)cc(O)c12",10.6675386428833
"785d706591b6c12312175ea30ec927b4","COc1ccc([C@@H]2CC(=O)c3c(O)cc(O)cc3O2)cc1O",10.52466106414795
"dd0394bdced9518649d7709412ce3ca5","C[C@@H]1O[C@@H](O[C@@H]2[C@@H](O)[C@H](OCCc3ccc(O)c(O)c3)O[C@H](CO[C@@H]3O[C@H](CO)[C@@H](O)[C@H](O)[C@H]3O)[C@H]2O)[C@H](O)[C@H](O)[C@H]1O",10.313311576843262
"ed5c78154e33372be0e71cc463f5d949","C[C@@H]1O[C@@H](CO[C@@H]2[C@@H](O)[C@H](O)O[C@H](CO[C@@H]3O[C@H](CO)[C@@H](O)[C@H](O)[C@H]3O)[C@H]2OC(=O)/C=C/c2ccc(O)c(O)c2)[C@H](O)[C@H](O)[C@H]1O",9.931441307067871
"c2b4a2584a175467f24c4998cfc9440a","C[C@@H]1O[C@@H](O[C@@H]2[C@@H](O)[C@H](OCCc3ccc(O)c(O)c3)O[C@H](CO[C@@H]3O[C@H](CO)[C@@H](O)[C@H](O)[C@H]3O)[C@H]2OC(=O)/C=C/c2ccc(O)c(O)c2)[C@H](O)[C@H](O)[C@H]1O",10.150168418884277
"e58a233b9317f083d6ea0b61aefb4d6d","C[C@@H]1O[C@@H](O[C@@H]([C@H](OC(=O)/C=C/c2ccc(O)c(O)c2)[C@H](O)CO)[C@@H](O)C=O)[C@H](O)[C@H](O)[C@H]1O",10.170563697814941
"c9a723cf3c8d9f8fcbea9daa21c1275e","C[C@@H]1O[C@@H](O[C@@H]2[C@@H](O)[C@H](OCCc3ccc(O)c(O)c3)O[C@H](CO)[C@H]2OC(=O)/C=C/c2ccc(O)c(O)c2)[C@H](O)[C@H](O)[C@H]1O",10.325589179992676
"3c71e66bcb0595cfd6536017bbf7a00c","O=C(/C=C/c1ccc(O)c(O)c1)O[C@@H]1C[C@](O)(C(=O)O)C[C@@H](O)[C@H]1O",8.813009262084961
"52fc0e0333faa8a072cb65c866dc60e4","O=c1c(O[C@@H]2O[C@H](CO)[C@@H](O)[C@H](O)[C@H]2O)c(-c2ccc(O)c(O)c2)oc2cc(O)cc(O)c12",9.463290214538574
"5b56a5e076d627826068a3cd49cc2294","C[C@@H]1O[C@@H](O[C@H]2C(=O)c3c(O)cc(O)cc3O[C@@H]2c2ccc(O)c(O)c2)[C@H](O)[C@H](O)[C@H]1O",9.33392333984375
"a16cef0542a25ccf8e4ce75f3fce9853","O=C(O[C@@H]1O[C@@H]2COC(=O)c3cc(O)c(O)c(O)c3-c3c(cc(O)c(O)c3O)C(=O)O[C@H]([C@H]1O)[C@@H]2O)c1cc(O)c(O)c(O)c1",12.448363304138184
"031919d7a51fa01dd08e4fefe68f9826","COc1cc(O)c2c(=O)c3c(OC)c(O)ccc3oc2c1",10.30843448638916
"49de0484916d196597c70e7116ac186a","COc1cc(O)c2c(=O)c3c(O)c(O)ccc3oc2c1",10.844244956970215
"30bea5b74a192979ef81e87323b7c69b","O=C1OC[C@@H](O)[C@H]([C@@H]2OC(=O)c3cc(O)c(O)c(O)c3-c3c(O)c(O)c(O)c4c3C(=O)O[C@H]2[C@@H]4O)OC(=O)c2cc(O)c(O)c(O)c2-c2c1cc(O)c(O)c2O",12.758186340332031
"e251d3dc01e48e9a87275d0ee3a0a3c7","Oc1cc(O)c2c(c1)OC(c1ccc(O)c(O)c1)C(OC1(c3ccc(O)c(O)c3)Oc3cc(O)cc(O)c3C(O)C1O)C2",8.88537883758545
"4c729739313d9acd5b88b066cd307f8e","Cc1nc(C)c(C)nc1C",-3.0814154148101807
"51834e83f3c1621e51c18f8d5b5429c3","COc1cc(/C=C/C(=O)O[C@H]2[C@H](O[C@@H]3O[C@@H](C)[C@H](O)[C@@H](O)[C@H]3O)[C@@H](O)[C@H](OCCc3ccc(O)c(O)c3)O[C@@H]2CO)ccc1O",10.079445838928223
"b2886279bf5711f68bc386c4a7c3eb62","COc1ccc(CCO[C@@H]2O[C@H](CO)[C@@H](OC(=O)/C=C/c3ccc(O)c(OC)c3)[C@H](O[C@@H]3O[C@@H](C)[C@H](O)[C@@H](O)[C@H]3O)[C@H]2O)cc1O",9.27121353149414
"04f860d98287d920a653727b08288bd0","COc1cc2c(cc1OC)-c1c3c(cc4c1[C@H](C2)N(C)CC4)OCO3",10.618477821350098
"90914eaeba1a0046d9044f0355fc4ec4","COC(=O)C1CC(=O)c2oc(=O)c3cc(O)c(O)c(O)c3c21",12.183506965637207
"608b57b10b1798a21a8d60a1a09aadbe","O=C(/C=C/c1ccc(O)c2c1[C@H](C(=O)O)[C@@H](c1ccc(O)c(O)c1)O2)O[C@H](Cc1ccc(O)c(O)c1)C(=O)O",9.152441024780273
"7a3c44ec24eaa30ed7b75e037be50102","O=c1cc(-c2ccc(O)c(-c3c(O)cc(O)c4c(=O)cc(-c5ccc(O)cc5)oc34)c2)oc2cc(O)cc(O)c12",12.6455717086792
"78d09c6897c79801099c0f6bcf7e4b2d","CCCCC[C@H](O)CC(=O)CCc1ccc(O)c(OC)c1",9.607605934143066
"d7e7a07fbf4415cea6003ef61a657969","CCCCC/C=C/C(=O)CCc1ccc(O)c(OC)c1",9.793551445007324
"fa598fdb78747b53c75f8387c89f2033","COc1cc(CCC(C)=O)ccc1O",10.360352516174316
"3c4303230e203eae764fda0ea1531c0b","CCCCCCCC(=O)CCc1ccc(O)c(OC)c1",10.203011512756348
"3236c094c5350c8c3253cab7718ae3d7","c1ccc2c(c1)C[C@H]1NCCc3cc4c(c-2c31)OCO4",9.924792289733887
"b7e08e31ce002e91116a83cceb0ebc33","CN1CCc2cc3c(c4c2[C@H]1Cc1cccc(O)c1-4)OCO3",9.125750541687012
"70659f53ec35582d9d163b4cb6717646","COc1cc2c(cc1OC)-c1c3c(c(OC)c4c1[C@H](C2)N(C)CC4)OCO3",10.472945213317871
"e92df66bb7066ca8b13ea19d50355af2","COc1cc2c(cc1OC)C1Cc3ccc(OC)c(OC)c3CN1CC2",9.48486042022705
"7d598085654abce29d0b8c6c16a310a7","O=c1c2ccccc2nc2n1CCc1c-2[nH]c2ccccc12",7.300743103027344
"005d4270bbd583d9498b94fa2aca1a64","COc1cc2c(cc1O)CC1c3c(cc4c(c3-2)OCO4)CCN1C",10.860843658447266
"0a1ae7e482b4c727c5b864883c252eff","COc1cc2c3c(c1O)-c1cc4c(cc1C[C@@H]3N(C)CC2)OCO4",11.72900104522705
"4e70613064509928894a95ce24932c94","COc1cc2c3c(c1OC)-c1cc4c(cc1C[C@@H]3N(C)CC2)OCO4",11.107799530029297
"3772c42cb7151b3e3372b9bdceb1499a","COc1cc2c3c(c1OC)Oc1ccc(cc1)C[C@@H]1c4c(cc(OC)c(OC)c4Oc4ccc(cc4)C[C@H]3N(C)CC2)CCN1C",8.762181282043457
"6de01522da29fec2c0bca1f1790e1ad7","CC[C@H]1CN2CCc3c([nH]c4ccccc34)[C@H]2C[C@@H]1/C(=C\OC)C(=O)OC",11.868355751037598
"bc0249b9b1128db5625b1761c0bcff5b","CC[C@H]1CN2CC[C@]3(C(=O)Nc4ccccc43)[C@@H]2C[C@@H]1/C(=C\OC)C(=O)OC",11.533426284790039
"2b9f59d83fe9993980efd1f4ff1d29f7","COc1cc(C(=O)OCCCCN=C(N)N)cc(OC)c1O",11.377690315246582
"4a9328714f9d474c84300a6c3cd151da","COc1ccc([C@@H]2[C@@H](C(=O)NCCCCNC(N)=NCC=C(C)C)[C@@H](C(=O)NCCCCNC(N)=NCC=C(C)C)[C@@H]2c2ccc(OC)c(OC)c2)cc1OC",6.518408298492432
"a4a7c74a3283078d4335ecc9f1a9a641","CC(C)=CCC/C(C)=C/COc1ccc2ccc(=O)oc2c1",12.363909721374512
"6b4b4a66ba50740d72a96b4026423899","C=C1CC[C@@H]2[C@](C)(CO)[C@H](O)CC[C@@]2(C)[C@@H]1/C=C/C1=CCOC1=O",8.558441162109375
"8d791832f87e7aeeefbd6585c96cce75","C=C[C@@]1(C)CC(=O)[C@]2(O)[C@@]3(C)[C@@H](O)CCC(C)(C)[C@@H]3[C@H](O)[C@H](OC(C)=O)[C@@]2(C)O1",12.345608711242676
"d36624087bb1ac743007f13816e2356f","CC1=CC(=O)C[C@H]2[C@H]1CC[C@@H](C)[C@]21C[C@H](c2ccoc2)OC1=O",7.784748077392578
"b1cb27b63fd4fd85defb40d494536860","C[C@@H]1C[C@@H](O)[C@H]2[C@@](C)(CO)CCC[C@]2(C)[C@@]1(O)CCc1ccoc1",12.013726234436035
"20af1eef4770d5c2f7b0e7ddab08ee06","CC(C)=C1CC[C@]2(C)O[C@@H]2C1=O",10.242443084716797
"452fc5260b03eae8fa30f8afd0f712b7","C=C1CCC2C(C)(C)CCCC2(C)C1CCC(C)CC(=O)O",8.33384895324707
"9f14c3f5a7c97b6d0692b311c61665ff","C=CCc1ccc(O)c(OC)c1",9.340967178344727
"411a3f7e4aa0e5abb0d604063884a7a5","C/C=C(/C)C(=O)O[C@@H]1CCC2=CC(=O)C(=C(C)C)C[C@]2(C)[C@H]1C",8.423757553100586
"31917b7a41202be311965e2d85f20951","CC1=CCC[C@@H]2[C@@](C)(CC/C(C)=C/C(=O)O)[C@H](C)CC[C@@]12C",9.90169620513916
"f5fbf3a91699c2257c6ca000fc71cca0","C=C1C[C@@]23CC[C@H]4[C@@](C)(CCC[C@@]4(C)C(=O)O[C@@H]4O[C@H](CO)[C@@H](O)[C@H](O)[C@H]4O)[C@@H]2CC[C@]1(O[C@@H]1O[C@H](CO)[C@@H](O)[C@H](O)[C@H]1O[C@@H]1O[C@H](CO)[C@@H](O)[C@H](O)[C@H]1O)C3",8.763571739196777
"a530cbcb0d3fdee2483afdf8d0c532a5","C=C[C@]1(C)C=C2C(=O)C[C@H]3[C@@](C)(CCC[C@@]3(C)C(=O)O)[C@@H]2CC1",9.130178451538086
"d68cc5eebcb5842847e05bfcfa6e08d7","CO[C@]1(C)CC23CCC4[C@@](C)(CCC[C@@]4(C)C(=O)O)C2C=CC1C3",8.838395118713379
"1558629b3cbc74c11cfb16de4c67a357","C[C@@H]1CC[C@@]2(OC1)O[C@H]1C[C@H]3[C@@H]4CC=C5C[C@@H](O)[C@H](O)C[C@]5(C)[C@H]4CC[C@]3(C)[C@H]1[C@@H]2C",12.191725730895996
"77e4987b08923cd3c59ad08a8ca8b12f","C[C@@H]1CC[C@@]2(OC1)O[C@H]1C[C@H]3[C@@H]4CC[C@@]5(O)C[C@@H](O)[C@H](O)C[C@]5(C)[C@H]4CC[C@]3(C)[C@H]1[C@@H]2C",11.050896644592285
"f69a5e7917eb35a0cc570e7abdfa9811","CCCCC(CC)COC(=O)c1ccccc1C(=O)[O-]",12.556266784667969
"a52c68f48156e10de40c7f79eddf1777","O=C(O)c1ccccc1C(=O)O",1.875390887260437
"6a4098653ac2327e62b3d0b6530f38a8","C=CCSS(=O)CC=C",11.892293930053711
"d6377685df7fdd338911e7375efae30b","O=C(O)c1cccnc1",3.830857992172241
"42c95a74d07a408a9df69a9de27a6cca","Cc1ncc(C[n+]2csc(CCO)c2C)c(N)n1",-8.261399269104004
"cf4e83f7204128d4af13e11540383651","Cc1cc2nc3c(=O)[nH]c(=O)nc-3n(C[C@H](O)[C@H](O)[C@H](O)CO)c2cc1C",9.690468788146973
"c6ab6a9919a66680ffeea94bdb7ebd5e","O=C1O[C@H]([C@@H](O)CO)C(O)=C1O",12.543662071228027
"8aeea6a6940bd5326bb39ecfe10e8179","OC[C@H]1O[C@@H](OCCc2ccc(O)cc2)[C@H](O)[C@@H](O)[C@@H]1O",11.390681266784668
"1465a31bd5f41220f2514262e3a6037c","OC[C@H]1O[C@@H](OCc2ccccc2)[C@H](O)[C@@H](O)[C@@H]1O",9.384003639221191
"c7488c3e621eb95b9d616157bbfc0346","CCCCCCCCCCCCCCCCCCCCCC(=O)O",10.935812950134277
"1d9c515a18b3a9b6c5f2254bf2b6f577","O=C(O)C1=N[C@H](C(=O)O)CC(/C=C/N2c3cc(O)c(O)cc3C[C@H]2C(=O)O)=C1",11.811482429504395
"8d45bebb0dd92662fd1dd0d41583739d","O=C(O)C1=N[C@@H](C(=O)O)CC(/C=C/N2c3cc(O)c(O[C@@H]4O[C@H](CO)[C@@H](O)[C@H](O)[C@H]4O)cc3C[C@H]2C(=O)O)=C1",10.910503387451172
"af885c7e35142a4bd6158b0c7613ec37","CC1=CC(=O)C(C(C)C)=CC1=O",11.360156059265137
"6065fc0c2bceae16a67a6d152c3a814a","C/C=C1/[C@H](O[C@@H]2O[C@H](CO)[C@@H](O)[C@H](O)[C@H]2O)OC=C(C(=O)OC)[C@H]1CC(=O)OCCc1ccc(O)c(O)c1",10.453234672546387
"84ac00e905e03d88aee07af33a88b670","O=c1ccc2cc(O[C@@H]3O[C@H](CO)[C@@H](O)[C@H](O)[C@H]3O)c(O)cc2o1",11.43799877166748
"d11aba576a1083dd62ebdf292e22b182","COc1cc2ccc(=O)oc2cc1O[C@@H]1O[C@H](CO)[C@@H](O)[C@H](O)[C@H]1O",10.936394691467285
"5604384b8e0f7ca4a2574ee2c6926f2e","CC1(C)CC[C@]2(C(=O)O)CC[C@]3(C)C(=CC[C@@H]4[C@@]5(C)CC[C@H](O)C(C)(C)[C@@H]5CC[C@]43C)[C@@H]2C1",10.874390602111816
"29fb2ad1a4b91a993544fc1db302298e","O=C(/C=C/c1ccc(O)c(O)c1)O[C@H](Cc1ccc(O)c(O)c1)C(=O)O",10.34195327758789
"42474e67e891d14bbd222e1089bf62f9","O=C(O)[C@H]1O[C@@H](Oc2cc3oc(-c4ccccc4)cc(=O)c3c(O)c2O)[C@H](O)[C@@H](O)[C@@H]1O",8.642782211303711
"aefa5db4a294c21565e1f79af6c05ab9","O=C(/C=C/c1ccc(O)c(O)c1)O[C@@H]1[C@H](O)C[C@@](O)(C(=O)O)C[C@H]1OC(=O)/C=C/c1ccc(O)c(O)c1",9.134196281433105
"8ed6f2412a2d7e2fed270aff9c25f4ee","O=C(/C=C/c1ccc(O)c(O)c1)O[C@@H]1CC(O)(C(=O)O)C[C@@H](OC(=O)/C=C/c2ccc(O)c(O)c2)C1O",8.72607135772705
"7d5aeb52de717740c87795bfbb02ef7d","O=C(/C=C/c1ccc(O)c(O)c1)O[C@H]1[C@H](O)C[C@](O)(C(=O)O)C[C@H]1OC(=O)/C=C/c1ccc(O)c(O)c1",9.134196281433105
"faa9527d13595ebda100dcb20d2ed4db","O=c1cc(-c2ccc(O)cc2)oc2c([C@@H]3O[C@H](CO)[C@@H](O)[C@H](O)[C@H]3O)c(O)c([C@@H]3O[C@H](CO)[C@@H](O)[C@H](O)[C@H]3O)c(O)c12",9.385651588439941
"8d47b8db6b1db401776fd534564a3ed8","COc1ccc2cc3[n+](cc2c1OC)CCc1cc2c(cc1-3)OCO2",10.939972877502441
"d5636d9cf4b379222387b93e9575cf64","CCCCCCCC(O)CC(=O)CCc1ccc(O)c(OC)c1",9.418108940124512
"3b12c9270fd632a5cc5401df40571614","Oc1cc(O)c2c(c1)O[C@H](c1ccc(O)c(O)c1)[C@H](O)[C@H]2c1c(O)cc2c(c1O)C[C@@H](O)[C@@H](c1ccc(O)c(O)c1)O2",12.112435340881348
"305aa15bb5083c93dc215f14df81bde9","Oc1cc(O)c2c(c1)O[C@H](c1ccc(O)c(O)c1)[C@@H](O)[C@@H]2c1c(O)cc(O)c2c1O[C@H](c1ccc(O)c(O)c1)[C@@H](O)C2",10.857857704162598
"db0a7af85af79f78ec7f084368c66a49","Oc1cc(O)c2c(c1)O[C@H](c1ccc(O)c(O)c1)[C@@H](O)C2",10.043973922729492
"1caf04e2d0c10a33af066cb09e7e6e60","Oc1cc(O)c2c(c1)O[C@H](c1ccc(O)c(O)c1)[C@H](O)[C@H]2c1c(O)cc(O)c2c1O[C@H](c1ccc(O)c(O)c1)[C@H](O)[C@H]2c1c(O)cc(O)c2c1O[C@H](c1ccc(O)c(O)c1)[C@H](O)C2",10.29610538482666
"fd02e54100c3a9c90e1918c0b6a9972d","O=c1cc(-c2ccc(O)c(O)c2)oc2cc(O)c([C@@H]3O[C@H](CO)[C@@H](O)[C@H](O)[C@H]3O)c(O)c12",9.903754234313965
"f31e051e94b155fce36eb9996b4dba8e","O=c1cc(-c2ccc(O)cc2)oc2cc(O)c([C@@H]3O[C@H](CO)[C@@H](O)[C@H](O)[C@H]3O)c(O)c12",10.192427635192871
"e703c5e81c04033ca38785cbe88086e9","O=c1c(O)c(-c2ccc(O)c(O)c2)oc2cc(O[C@@H]3O[C@H](CO)[C@@H](O)[C@H](O)[C@H]3O)c(O)c(O)c12",9.076245307922363
"cef42b724bd884c15790d1711d70febd","O=C1C[C@@H](c2ccc(O)c(O)c2)Oc2c1ccc(O[C@@H]1O[C@H](CO)[C@@H](O)[C@H](O)[C@H]1O)c2O",9.110993385314941
"e1bc597fa4c34f738b9c9db8ad38dd39","O=C(/C=C/c1ccc(O)c(O)c1)c1ccc(O[C@@H]2O[C@H](CO)[C@@H](O)[C@H](O)[C@H]2O)c(O)c1O",9.145747184753418
"2b4092e46725cc8e68ba094378c32ba4","O=C(O)c1ccccc1O",8.01774787902832
"6881103ef15022cf127f808bc7b1e1a9","O=C1c2c(O)cc(O)cc2O[C@H](c2ccc(O)cc2)C1O",11.74394702911377
"92da7b6d2eb7cb3cbac4d9ee8a2dbcb7","O=C1c2c(O)cc(O)cc2O[C@H](c2ccc(O)c(O)c2)[C@H]1O",10.961451530456543
"5b6de28980c4177b806e69915d8b7121","COc1cc(-c2oc3cc(O)cc(O)c3c(=O)c2O)ccc1O",11.460675239562988
"804199723840c4b59135977939b05152","O=C(/C=C/c1ccc(O)c(O)c1)O[C@@H]1C[C@@](OC(=O)/C=C/c2ccc(O)c(O)c2)(C(=O)O)C[C@@H](O)[C@@H]1O",8.329230308532715
"bccf5f43aa20f38e67d675d8c11f53f4","COc1c(O)c(-c2c(O)c(OC)c(OC)c3c2cc(OC)c2cc(O)ccc23)c2cc(OC)c3cc(O)ccc3c2c1OC",11.758511543273926
"309b0fb549b74e68fac85bb68d3e113f","COc1cc(C[C@@H](CO[C@@H]2O[C@H](CO)[C@@H](O)[C@H](O)[C@H]2O)[C@H](CO[C@@H]2O[C@H](CO)[C@@H](O)[C@H](O)[C@H]2O)Cc2ccc(O)c(OC)c2)ccc1O",9.929791450500488
"623ae6fbdb5a940994e9a0f24f994ada","CO[C@H]1OC(OC(=O)c2cc(O)c(O)c(O)c2)[C@H](O)[C@@H](O)[C@@H]1O",10.705079078674316
"cd2b6098d7be78a4dddd8b24681d4f8f","O=C(O)C1=C[C@@H](OC(=O)c2cc(O)c(O)c(O)c2)[C@@H](O)[C@H](OC(=O)c2cc(O)c(O)c(O)c2)C1",10.98412799835205
"9ae72567f8b47edce900eb97c23635ac","COC(=O)c1cc(O)c(O)c(O)c1",11.595980644226074
"6b834b4725e4fb6d1c0a1d00a6d63085","O=C(Oc1c(O)cc(C(=O)O[C@@H]2C[C@@](O)(C(=O)O)C[C@@H](OC(=O)c3cc(O)c(O)c(O)c3)[C@@H]2OC(=O)c2cc(O)c(O)c(O)c2)cc1O)c1cc(O)c(O)c(O)c1",11.219991683959961
"41cf4175baf198be6879a5c9ef7c65e3","O=C(O)c1cc(O)c(O)c(OC(=O)c2cc(O)c(O)c(O)c2)c1",12.140535354614258
"c3015b7de8f5cd65fc82d84b81622577","O=C(C(=O)[C@@](O)(C(=O)c1cc(O)c(O)c(O)c1)[C@](O)(C(=O)c1cc(O)c(O)c(O)c1)[C@H](O)[C@H](O)CO)c1cc(O)c(O)c(O)c1",11.233796119689941
"1d86660160b0b14993a78fb213a048ef","COc1cc(O)c2c(=O)cc(-c3ccc(OC)c(OC)c3)oc2c1",10.530110359191895
"fb4de81950cfa3cca622d6747fce8f2e","O=c1cc(-c2ccc(O)cc2)oc2cccc(OC[C@@H]3O[C@H](CO)[C@@H](O)[C@H](O)[C@H]3O)c12",9.124794960021973
"6e9234e54a50e96e97ab1cec3a3bc586","O=C(O)/C=C/c1ccccc1",6.952466011047363
"ef36c6ed870c79b380390bd050b92b87","COc1cc2ccc(=O)oc2c(OC)c1OC",10.597535133361816
"17f34c6225a9890fa55fad168e48f144","COc1cc2ccc(=O)oc2cc1OC",10.373751640319824
"75249f991419f909c61b7c16b71a303b","C=C1CC[C@@H]2[C@H]([C@H]3[C@H]1CC[C@]3(C)O)C2(C)C",11.552576065063477
"21b18e9f2f2a4dc969cb12837bc29d30","O=C(O[C@H]1Cc2c(O)cc(O)cc2O[C@H]1c1ccc(O)c(O)c1)c1cc(O)c(O)c(O)c1",10.21146011352539
"f92cfeb4c97b5e7a03ac15ba6f5272be","O=C(O[C@@H]1Cc2c(O)cc(O)cc2O[C@@H]1c1cc(O)c(O)c(O)c1)c1cc(O)c(O)c(O)c1",10.67255687713623
"a72070a15172016cb04c531f8cd913ac","CCCCCCC(=O)c1cc(O)c(O)c(O)c1",10.59743595123291
"efb6760cc1afc347e065ee8867939ee2","C=C1CC[C@@H]2[C@](C)(CO)[C@H](O)CC[C@@]2(C)[C@@H]1CCC1=CCOC1=O",6.775857925415039
"191bff32c6619296aca9939a00e518f0","CC1=C(C=O)C(C)(C)C[C@H](O[C@@H]2O[C@H](CO)[C@@H](O)[C@H](O)[C@H]2O)C1",9.181355476379395
"06491b8e97be4ac7a8d55845fa3e3a0e","CC(C)=CCC/C(C)=C/C=O",11.433504104614258
"3a60aa26dddcf96f2f13b1f3c3f748f5","CC(C)=CCCC(C)CC=O",9.773032188415527
"a71cf00b622ce268ea9037e3d8a42b88","Cc1ccc(C(C)C)c(O)c1",9.399989128112793
"4623dce5fb271ec0d1698ac7c8068028","Cc1cc(O)c(C(C)C)cc1O",9.134779930114746
"169b5fd5eecec369a27ad096dd824bcc","CC(C)C1=CC(=O)C2(C)C(C1=O)C1(C)C(=O)C=C(C(C)C)C(=O)C21",9.77563190460205
"51b03baa7495dd36c1a0764ffbe7373b","CC(C)=CCC[C@](C)(O)[C@H]1CC[C@]2(C)[C@@H]1[C@H](O)C[C@@H]1[C@@]3(C)CC[C@H](O[C@@H]4O[C@H](CO)[C@@H](O)[C@H](O)[C@H]4O[C@@H]4O[C@H](CO)[C@@H](O)[C@H](O)[C@H]4O)C(C)(C)[C@@H]3CC[C@]12C",8.612881660461426
"95164356b4ff360ace9eb2e60c9175b6","CC(C)=CCC[C@](C)(O[C@@H]1O[C@H](CO)[C@@H](O)[C@H](O)[C@H]1O)[C@H]1CC[C@]2(C)[C@@H]1[C@H](O)C[C@@H]1[C@@]3(C)CC[C@H](O)C(C)(C)[C@@H]3[C@@H](O[C@@H]3O[C@H](CO)[C@@H](O)[C@H](O)[C@H]3O[C@@H]3O[C@@H](C)[C@H](O)[C@@H](O)[C@H]3O)C[C@]12C",8.904435157775879
"407866583097d08d35a5a6067bf3daf1","Cc1coc2c1C(=O)C(=O)c1c-2ccc2c(C)cccc12",9.94197940826416
"36e6ca7ca1cb1eb1652a7137cc9955bb","Cc1coc2c1C(=O)C(=O)c1c-2ccc2c1CCCC2(C)C",10.357454299926758
"8c1b5e31678ab2ac65f01294ecfea32f","O=C(/C=C/c1ccc(O)c(O)c1/C=C/c1ccc(O)c(O)c1)O[C@H](Cc1ccc(O)c(O)c1)C(=O)O",10.047749519348145
"a60b425f508db27b8634fabed8ba4c03","CCCCC[C@H](O)C[C@H](O)CCc1ccc(O)c(OC)c1",9.505982398986816
"4a8e2d70b5add39472e9a419c47da47e","CCCCCC(=O)CC(=O)CCc1ccc(O)c(OC)c1",10.451554298400879
"562f772d2806460358fc9388d7b14716","COc1cc(CNC(=O)CCCC/C=C/C(C)C)ccc1O",7.776960372924805
"07186cc013558bbb2d2795430b720504","COc1cc(/C=C/C(=O)CC(=O)/C=C/c2ccc(O)c(OC)c2)ccc1O",10.902253150939941
"66e8b1ebc989b142635878448606514f","CCCCC/C=C/C(=O)CCc1ccc(O[Si](C)(C)C)c(OC)c1",8.068378448486328
"4ff347ebd9848e3b5f72efb7ddc446bd","C[C@@H]1CC[C@@]2(OC1)O[C@H]1C[C@H]3[C@@H]4CC[C@H]5C[C@@H](O)CC[C@]5(C)[C@H]4CC[C@]3(C)[C@H]1[C@@H]2C",10.56745719909668
"2e6af00030c7f8af550ed32b3beb0b24","C[C@H]1CC[C@@]2(OC1)O[C@H]1C[C@H]3[C@@H]4CC[C@H]5C[C@@H](O)CC[C@]5(C)[C@H]4CC[C@]3(C)[C@H]1[C@@H]2C",10.56745719909668
"7a947bb6412bb9d5476ca1e56aa1be9f","C[C@@H]1CC[C@@]2(OC1)O[C@H]1C[C@H]3[C@@H]4CC[C@H]5C[C@@H](O)CC[C@]5(C)[C@H]4CC(=O)[C@]3(C)[C@H]1[C@@H]2C",10.17990779876709
"e7f7f3c58d064a0e7daec1b11f61edc8","C[C@H]1CC[C@@]2(OC1)O[C@@]1(C)C[C@H]3[C@@H]4CC[C@H]5C[C@@H](O)CC[C@]5(C)[C@H]4CC(=O)[C@]3(C)[C@H]1[C@@H]2C",10.412074089050293
"643c1ea117541d21447f2ba1052417ed","C[C@@H]1CC[C@@]2(OC1)O[C@H]1C[C@H]3[C@@H]4CC[C@H]5C[C@@H](O)[C@H](O)C[C@]5(C)[C@H]4CC[C@]3(C)[C@H]1[C@@H]2C",10.867321014404297
"512c4b78ffdd8063ad02ee96739e91b0","C[C@@H]1CC[C@@]2(OC1)O[C@H]1C[C@H]3[C@@H]4CC=C5C[C@@H](O)CC[C@]5(C)[C@H]4CC[C@]3(C)[C@H]1[C@@H]2C",10.74423885345459
"dd3596cabe3d5f47fb150613f2406819","COC(=O)C1=CO[C@@H](C)[C@H]2CN3CCc4c([nH]c5ccccc45)[C@@H]3C[C@H]12",9.615445137023926
"6c65ea39b7de2cb1cb758b646edacb9c","COC(=O)[C@H]1[C@H]2C[C@@H]3c4[nH]c5cc(OC)ccc5c4CCN3C[C@H]2C[C@@H](OC(=O)c2cc(OC)c(OC)c(OC)c2)[C@@H]1OC",12.330348014831543
"90cc87cab29765144706b542363a6ddc","COC1=CC=C2[C@H]3Cc4ccc(OC)c5c4[C@@]2(CCN3C)[C@H]1O5",11.108739852905273
"726b722028d59011492b66eb448a2af1","COC(=O)[C@@H]1[C@H]2C[C@H]3c4[nH]c5ccccc5c4CCN3C[C@@H]2CC[C@@H]1O",12.512892723083496
"fd2adf560143b3a2cf5e37302d2b11bd","COc1ccc(Cc2nccc3cc(OC)c(OC)cc23)cc1OC",9.457653999328613
"93de14c938eefd0ef4725700ed8ce379","COc1ccc(C2CC(=O)c3c(OC)cc(OC)cc3O2)c(OC)c1",10.067353248596191
"b029fdeef073d28d84670242e863d310","COc1c(O)cc(C2Oc3c(c(O)cc(O)c3C3c4c(O)cc(O)cc4CC(c4ccc(O)cc4)C3O)CC2O)cc1O",10.78983211517334
"df4e9be59ab8f4e823c3f17656e6efcf","O=c1oc2c(O)c(O)cc3c(=O)oc4c(O)c(O)cc1c4c23",11.791205406188965
"7af4ef498c96eccb32b9e7865b682e25","O=C(O)c1cc(O)c(O)c(O)c1",11.89194393157959
"764c20d4752e64477379ebf3d12efbdc","CC1(C)CC[C@]2(C(=O)O)CC[C@]3(C)C(=CC[C@@H]4[C@@]5(C)C[C@@H](O)[C@H](O)C(C)(C)[C@@H]5CC[C@]43C)[C@@H]2[C@@H]1O",11.234963417053223
"84e11771ef5b1c8ed1f84b5992d462de","COc1ccc(-c2cc(=O)c3c(OC)c(OC)c(OC)cc3o2)cc1OC",10.394698143005371
"319fcf1ad494bb4d697105f5bb4186f3","COc1ccc(-c2cc(=O)c3c(OC)c(OC)c(OC)cc3o2)cc1",10.000554084777832
"d75d45c7f1b129b1fc7f8a4f76a1f7da","COc1ccc(-c2cc(=O)c3c(O)c(OC)c(OC)cc3o2)cc1O",10.867891311645508
"5500d6e0da87419a093cad6a615b4402","COc1ccc(-c2cc(=O)c3c(O)c(OC)c(OC)cc3o2)cc1OC",11.079639434814453
"f00b8f7c2391f6cef0addc61e4842438","C=C[C@@]1(C)C[C@@H](OC(=O)c2ccccc2)[C@H]2[C@](O)(C1=O)[C@H](OC(C)=O)C[C@H]1C(C)(C)[C@H](O)[C@H](OC(C)=O)[C@H](OC(=O)c3ccccc3)[C@@]12C",11.548185348510742
"eaea14094ba52f95e95a7f0b30155bb5","C=C[C@@]1(C)C[C@@H](OC(=O)c2ccccc2)[C@H]2[C@](O)(C1=O)[C@H](OC(C)=O)C[C@H]1C(C)(C)[C@H](OC(C)=O)[C@H](O)[C@H](OC(=O)c3ccccc3)[C@@]12C",10.162135124206543
"2a0eda7932e4762a707267b6fd20aab0","C=C[C@@]1(C)CC(=O)[C@H]2[C@](O)(C1=O)[C@H](OC(C)=O)C[C@H]1C(C)(C)[C@H](OC(=O)c3ccccc3)[C@H](OC(C)=O)[C@H](OC(=O)c3ccccc3)[C@@]12C",8.585359573364258
"1144247ba51b3efdbf9605f9968291fc","C=C[C@@]1(C)C[C@@H](OC(=O)c2ccccc2)[C@H]2[C@](O)(C1=O)[C@H](OC(C)=O)C[C@H]1C(C)(C)C(=O)[C@H](OC(C)=O)[C@H](OC(=O)c3ccccc3)[C@@]12C",11.442357063293457
"28d0d9fd2a10dbf089e8ccebc9cde4a6","C=C[C@H]1[C@@H](OC(=O)c2ccccc2)[C@H]2[C@](O)(C(=O)[C@@]1(C)O)[C@H](OC(C)=O)C[C@H]1C(C)(C)[C@H](O)[C@H](OC(C)=O)[C@H](OC(=O)c3ccccc3)[C@@]12C",11.371174812316895
"beaed52f33974b91f7879da3cd13794e","COc1cc(O)c2c(=O)c(OC)c(-c3ccc(OC)c(OC)c3)oc2c1",10.703487396240234
"9345d62f46a9f246bdd255a93517f1db","C=C1CC23CCC4[C@@](C)(CCC[C@@]4(C)C(=O)O)C2[C@@H](OC(C)=O)CC1C3",10.232250213623047
"ade4f0df546e4c795feb028abdbb9c07","C=C1[C@@H]2CCC3[C@]4(C)CCC[C@@](C)(C(=O)O)C4CC[C@]3(C2)[C@@H]1OC(C)=O",9.768158912658691
"3f76f2d3589a35595fe394866e5c8805","C=C1C[C@@]23CC[C@H]4[C@@](C)(CCC[C@@]4(C)C(=O)O)[C@@H]2CC[C@@H]1C3",9.456464767456055
"6da4de6b4f41e95a7b5aba4b7dbefa7b","C=C1CC2(CCC3[C@@]4(C)CCC[C@]3(C)OC4=O)CC1CCC2=O",8.42176342010498
"a10f8879f2cf14335ed8101a59e4c7d7","C=C1C(=O)C23CCC4[C@@](C)(CCC[C@@]4(C)C(=O)O)C2CCC1C3",9.519538879394531
"2b7246e081a7fe681345c38931005e05","COc1cc2c(cc1O)C[C@@H]1NCCc3cc(OC)c(OC)c-2c31",10.029816627502441
"330c7230fdfeb08c8b451abcd155d695","CN1C2=C3N=c4ccccc4=C3CCN2C(=O)c2ccccc21",11.258988380432129
"aa12d8db15e06e4b5487fab78bcf5b31","CC[C@H]1CN2CCc3c([nH]c4ccccc34)[C@@H]2C[C@@H]1/C(=C\OC)C(=O)OC",11.868355751037598
"c08f5afe4fc16c6146b971beb1c438aa","CC[C@H]1CN2CC[C@@]3(C(=O)Nc4ccccc43)[C@@H]2C[C@@H]1/C(=C\OC)C(=O)OC",11.533426284790039
"eea9ee9b6d9fcc431bac935716d7cd21","COc1ccc(C[C@@H]2c3cc(Oc4cc(C[C@@H]5c6cc(O)c(OC)cc6CCN5C)ccc4O)c(OC)cc3CCN2C)cc1",10.490952491760254
"53009da238209c5cd8c26e1f8b024151","CN1[C@@H](CC(=O)c2ccccc2)CCC[C@H]1C[C@H](O)c1ccccc1",4.952761650085449
"ccfafa02861939a5b0e26b211ac7d621","CC1=C2C[C@H]3[C@@H](C[C@@H](O)[C@H]4C[C@@H](O)CC[C@@]43C)[C@@H]2CC[C@@H]1[C@@H](C)[C@@H]1[C@H](O)C[C@@H](C)CN1C",10.041709899902344
"d3868348b0771a88dc561a3ec24d22cd","CC1=C2C[C@H]3[C@@H](CC(=O)[C@H]4C[C@@H](O)CC[C@@]43C)[C@@H]2CC[C@@H]1[C@@H](C)[C@@H]1[C@H](O)C[C@@H](C)CN1C",9.996190071105957
"54e13ae2e3de1f5625179de5954f2eff","C=C/C(C)=C/C[C@@H]1C(=C)CCC2[C@@](C)(C(=O)O)CCC[C@]21C",10.189303398132324
"1dec59278454c360e17a3c75f3a831f7","CC(C)[C@]12O[C@H]1[C@@H]1O[C@]13[C@]1(O[C@H]1C[C@H]1C4=C(CC[C@@]13C)C(=O)OC4)[C@@H]2O",10.183305740356445
"4b35e829ee745972b03f4c93e4e03a74","C/C=C(/C)C(=O)O[C@H]1[C@@H](OC(C)=O)c2c(ccc3ccc(=O)oc23)OC1(C)C",10.134552955627441
"b2556342e0e4b07a75661c89dc7bb976","C/C=C(/C)C(=O)O[C@H](COc1c2ccoc2cc2oc(=O)ccc12)C(C)(C)O",12.542862892150879
"d6f25559a5a4a416e30e590ba1445607","O=c1cc(-c2ccc(O)c(O)c2)oc2c([C@@H]3O[C@H](CO)[C@@H](O)[C@H](O)[C@H]3O)c(O)cc(O)c12",9.673600196838379
"794fcb7ee0331229a40bf18da2baebc3","COc1cc(O)cc(O)c1C(=O)/C=C/c1ccccc1",11.066967964172363
"89d2e6dfdd0da061744b88a17bba9f0f","COc1cc(O)cc2c1C(=O)C[C@@H](c1ccccc1)O2",10.108149528503418
"4d5f7aca03c2381b65bb3c8a19a0c74f","CC1(C)C=Cc2c(ccc3c2O[C@@H](O)[C@@H]2c4ccc(O)cc4O[C@H]32)O1",8.401779174804688
"8f561928bf4ae475dcf036f8640dcc59","O=C(/C=C/c1ccc(O)c2c1C(C(=O)OC(Cc1ccc(O)c(O)c1)C(=O)[O-])C(c1ccc(O)c(O)c1)O2)OC(Cc1ccc(O)c(O)c1)C(=O)[O-].[Mg+2]",10.345699310302734
"c071d289b63f8422555a999ae5c27abc","C=CCCC[C@@H](C)C1CCC2C3CCC4C[C@H](OS(=O)(=O)O)[C@@H](OS(=O)(=O)O)C[C@]4(C)C3CC[C@@]21C",10.546957015991211
"787a74eec8802616655598d88dc32b08","CC1(C)C=C2C3CC[C@@H]4[C@@]5(C)CCC(=O)C(C)(C)[C@@H]5CC[C@@]4(C)[C@]3(C)CC[C@@]2(C(=O)O)CC1",10.399502754211426
"402e2be1e2007f48dea0c25450ee1856","C=C(C)[C@@H]1CC[C@]2(C)CC[C@]3(C)[C@H](CC[C@@H]4[C@@]5(C)CC[C@H](OC(C)=O)C(C)(C)[C@@H]5CC[C@]43C)[C@@H]12",10.574265480041504
"26c323746d7d1d559dc5fb9fa9cafc99","C[C@@H]1O[C@@H](O[C@H]2C(=O)c3c(O)cc(O)cc3O[C@H]2c2ccc(O)c(O)c2)[C@H](O)[C@H](O)[C@H]1O",9.33392333984375
"a432318b868df7555bb709199d80d6f1","C/C(=C\CNc1ncnc2nc[nH]c12)CO",2.5682904720306396
"9535172638db265025d721a23858e826","CC1(C)C=Cc2c(ccc3ccc(=O)oc23)O1",10.587616920471191
"d1dee1111e711f5a5d89a4c196afc303","c1cc2c(cc1[C@H]1OC[C@H]3[C@@H]1CO[C@@H]3c1ccc3c(c1)OCO3)OCO2",11.134626388549805
"c3934d9c9393b93d6f500810a00c3bac","CC(C)[C@H](C)CC[C@@H](C)[C@H]1CC[C@H]2[C@@H]3CC=C4C[C@@H](O)CC[C@]4(C)[C@H]3CC[C@]12C",10.34718132019043
"5f98ea4b2d65b3599a6c4963774992c9","Cc1cc(O)c2c(c1)C(=O)c1cc(O)cc(O)c1C2=O",11.721367835998535
"457fc39c9faf0affc72be5cc72db862b","NC(=O)[S-]",-2.8324038982391357
"410b67d571865a4f1536b53b035d2db9","COc1c(O)ccc2c1-c1c3c(cc4c1[C@H](C2)NCC4)OCO3",10.18159008026123
"6a7049bc56aea5af58f1f2414d7db187","c1cc2c(c3c1CC1NCCc4cc5c(c-3c41)OCO5)OCO2",9.711596488952637
"9ce68d3a10fd6a58f7c4fc47abfe855d","COC(=O)N1c2c(OC)cccc2[C@@]23CCN4CC=C[C@]5(CC[C@]12[C@](O)(C(=O)OC)[C@@H]5O)[C@H]43",12.537798881530762
"803aa048474d01b79e0d3526688d8418","COc1c2ccccc2nc2occc12",10.777149200439453
"ff48712e9431c5fec259f15f710165a2","C=C(C)C(Cc1c(OC)ccc(C(=O)/C=C/c2ccc(O)cc2)c1O)OO",10.65676212310791
"2aa61936cc4017aea9894a3d40f141fc","COc1ccc(C(=O)/C=C/c2ccc(O)cc2)c(O)c1C/C=C(\C)CCC=C(C)C",9.54233455657959
"c2f319e7036343522589e9bcdc02a91d","OCC1OC(Oc2cc3c(O)cc(O)cc3[o+]c2-c2cc(O)c(O)c(O)c2)C(OC2OCC(O)C(O)C2O)C(O)C1O",9.71749496459961
"a1d66ef4e5fc34d51c4ba7355b83c7bc","OC[C@H]1O[C@@H](Oc2cc3c(O)cc(O)cc3[o+]c2-c2ccc(O)c(O)c2)[C@H](O[C@@H]2OC[C@@H](O)[C@H](O)[C@H]2O)[C@@H](O)[C@@H]1O.[Cl-]",9.051043510437012
"7f5ebd023a50066f0b47ffa7bcbfbd82","OCC1OC(Oc2cc3c(O)cc(O)cc3[o+]c2-c2ccc(O)c(O)c2)C(O)C(O)C1O.[Cl-]",9.7333402633667
"dcc525abfcc1ce0b14f3e94178bbc211","O=c1cc(-c2ccc(O)c(O)c2)oc2cc(O[C@@H]3O[C@H](CO)[C@@H](O)[C@H](O)[C@H]3O)cc(O)c12",9.270462036132812
"427f0b1b4ff8fc94ec6c84d8977a4c6f","O=C(O)[C@H]1O[C@@H](Oc2c(-c3ccc(O)c(O)c3)oc3cc(O)cc(O)c3c2=O)[C@H](O)[C@@H](O)[C@@H]1O",9.929880142211914
"98fcbe88fc3832be0db2efdb7f0bb7b5","O=C(O[C@@H]1O[C@@H](Oc2c(-c3ccc(O)c(O)c3)oc3cc(O)cc(O)c3c2=O)[C@@H](O)[C@H](O)[C@@H]1O)c1cc(O)c(O)c(O)c1",10.445773124694824
"a2211e6e6ccb4652e671fd386fcadc73","C[C@@H]1O[C@@H](Oc2c(-c3ccc(O)c(O)c3)oc3cc(O)cc(O)c3c2=O)[C@H](O[C@@H]2O[C@H](COC(=O)/C=C/c3ccc(O)c(O)c3)[C@@H](O)[C@H](O)[C@H]2O)[C@H](O)[C@H]1O",9.236138343811035
"259e8d6bb824c95c0de599608fe0d56b","C[C@@H]1O[C@@H](Oc2c(-c3ccc(O)c(O)c3)oc3cc(O)cc(O)c3c2=O)[C@H](O[C@@H]2O[C@H](COC(=O)/C=C/c3ccc(O)cc3)[C@@H](O)[C@H](O)[C@H]2O)[C@H](O)[C@H]1O",8.744185447692871
"65d14b250e4456af8a6d383437576874","O=c1c(O[C@H]2OC[C@@H](O)[C@@H](O)[C@@H]2O)c(-c2ccc(O)c(O)c2)oc2cc(O)cc(O)c12",10.051071166992188
"3afa9efad2a122be9f216addb73dbf8b","O=c1c(OC2OC[C@@H](O)[C@@H](O)[C@@H]2O)c(-c2ccc(O)cc2)oc2cc(O)cc(O)c12",10.24692153930664
"1f6598ef88fb6e2bf994e5c5f19fee00","O=C(/C=C/c1ccc(O)c(O)c1)c1ccc(O)cc1O",11.159408569335938
"ed7f3644927c24af5971db9f8bbbc825","O=c1c(-c2ccc(O)cc2)coc2cc(O)cc(O)c12",10.521721839904785
"e04288993370fa236e8cbfd05fc7cae9","C[C@H]1[C@H](C)CC[C@]2(C(=O)O)CC[C@]3(C)C(=CC[C@@H]4[C@@]5(C)CC[C@H](O)C(C)(C)[C@@H]5CC[C@]43C)[C@H]12",10.877067565917969
"424aec29da8b31744c7d8e5d4e660739","N[C@@H](Cc1ccc(O)c(O)c1)C(=O)O",11.610724449157715
"4ce433084b63c1f7ec9889e96e7d0caa","O=c1cc(-c2ccc(O)cc2)oc2cc(O)cc(O)c12",11.15822696685791
"ebad45f6174931385d41225a71aff145","O=c1c(OC2O[C@H](CO)[C@@H](O)[C@@H]2O)c(-c2ccc(O)cc2)oc2cc(O)cc(O)c12",9.720332145690918
"cf7184d7617f2f89b0f20c34ec7bf42c","O=c1c(O[C@@H]2O[C@H](CO)[C@H](O)[C@H](O)[C@H]2O)c(-c2ccc(O)cc2)oc2cc(O)cc(O)c12",9.492064476013184
"cfc05c346aa66bd0caabe5aaa14970d5","O=c1c(OC2O[C@H](CO)[C@@H](O)[C@@H]2O)c(-c2ccc(O)c(O)c2)oc2cc(O)cc(O)c12",9.534489631652832
"a28ab27577fb3a3c481f730a386df138","O=c1cc(-c2ccc(O)c(O)c2)oc2cc(O[C@@H]3O[C@H](CO[C@@H]4O[C@H](CO)[C@@H](O)[C@H](O)[C@H]4O)[C@@H](O)[C@H](O)[C@H]3O)cc(O)c12",9.485692024230957
"8284c836c678ab2c78ff97150bb12afc","C[C@H]1CC[C@@H]2N(C1)C[C@H]1[C@@H]3C[C@H]4[C@@H](CC(=O)[C@H]5C[C@@H](O)CC[C@@]54C)[C@@H]3CC[C@@H]1[C@]2(C)O",10.206083297729492
"9b9672898a2a3dc94173d5acd01bf191","C[C@H]1CC[C@@H]2N(C1)C[C@H]1[C@@H]3C[C@H]4[C@@H](C[C@H](O)[C@H]5C[C@@H](O)CC[C@@]54C)[C@@H]3CC[C@@H]1[C@]2(C)O",10.665902137756348
"8b72cba7b70db5eb27ab438f5a34ec0e","CC1=C2C[C@H]3[C@@H](CC(=O)[C@H]4C[C@@H](O)CC[C@@]43C)[C@@H]2CC[C@]12O[C@@H]1C[C@H](C)CN[C@H]1[C@H]2C",9.814431190490723
"3f3c9f9477dbb5d1d1006fe87845acc1","O=C(O)[C@H](O)Cc1ccc(O)c(O)c1",11.680937767028809
"316fc35617543b85c3bc781810142fcc","COc1c(-c2ccc(O)cc2)oc2cc(O)cc(O)c2c1=O",10.762560844421387
"2b83ef7373ff7047738b645cd3e63102","COc1cc(C(C)=O)cc2c1OC(C)(C)C=C2",10.596819877624512
"65a8f40edf6c04d7a49c092d66444301","COc1c(C(C)O)cc2c(c1OC)OC(C)(C)C=C2",11.182892799377441
"7ce0a3736217dc3ec052bf97a68e9d03","C=CC1[C@@H](OC(=O)c2ccccc2)[C@H]2[C@](O)(C(=O)[C@]1(C)O)[C@H](OC(C)=O)C[C@H]1C(C)(C)[C@H](OC(C)=O)[C@H](O)[C@H](OC(=O)c3ccccc3)[C@@]12C",10.828703880310059
"4160efbe6e5598e717d4ccf2a9fa90df","C[C@@H]1C[C@@H](O)[C@@H]([C@H](C)[C@H]2CCC3=C(C[C@H]4C3=CC(=O)[C@H]3C[C@@H](O)CC[C@@]34C)[C@H]2C)N(C)C1",10.281898498535156
"54acc0d8ac2107c378244146b914683c","C=CCC1=C[C@]2(OC)C(=CC1=O)O[C@H](c1ccc(OC)c(OC)c1)[C@H]2C",11.70340633392334
"4ea5f9b6dee7cce1ab2663bfadf7dab2","O=c1c(O[C@@H]2O[C@H](CO)[C@@H](O)[C@H](O)[C@H]2O)c(-c2ccc(O)cc2)oc2cc(O)cc(O)c12",9.492064476013184
"c839d99a0408154673aea52757b7bb7f","O=C(O[C@H]1[C@H](Oc2c(-c3ccc(O)cc3)oc3cc(O)cc(O)c3c2=O)O[C@H](CO)[C@@H](O)[C@@H]1O)c1cc(O)c(O)c(O)c1",10.06257152557373
"05763acc7c2b813d8a4b041a1b2b9848","CCOC(=O)C1=C(C)NC(C)=C(C(=O)OCC)C1c1ccccc1/C=C/C(=O)OC(C)(C)C",0.13772544264793396
"0c488d2ea214806d88db651f7715486d","CCOC(=O)C1=C(C)NC(C)=C(C(=O)OCC)C1c1ccccc1/C=C/C(=O)NC(C)(C)C",-5.799905776977539
"0b15c9c567dd0e56b7c9c00b45abc7d8","CCOC(=O)C1=C(C)NC(C)=C(C(=O)OCC)C1c1ccccc1/C=C/C(=O)NCC(C)C",-4.671504020690918
"9f2fd06dfdedfa47ea8fa3199c6b8d4f","CCOC(=O)C1=C(C)NC(C)=C(C(=O)OCC)C1c1ccccc1/C=C/C(=O)N(CC)CC",-6.566433906555176
"d0c6bdc6df70299eebe756f03fa1af2d","CCCCN(C)C(=O)/C=C/c1ccccc1C1C(C(=O)OCC)=C(C)NC(C)=C1C(=O)OCC",-6.317278861999512
"a36358e8222b6990c740f11a516a2882","CCOC(=O)C1=C(C)NC(C)=C(C(=O)OCC)C1c1ccccc1/C=C/C(=O)N(C)C(C)(C)C",-2.512134075164795
"2dad4c1f14d6e041f3a68346cdb42145","CCCCCN(CCCCC)C(=O)/C=C/c1ccccc1C1C(C(=O)OCC)=C(C)NC(C)=C1C(=O)OCC",-1.801261067390442
"5eb80401e1b9e1c0f28ac9c5edfba42d","CCCCc1nc(Cl)c(C(=O)N[C@@H](Cc2ccccc2)C(=O)OC)n1C",-7.815594673156738
"93a5bcc6c761ee1567da56367fdc3295","CCCCc1nc(Cl)c(C(=O)N[C@@H](Cc2cc3ccccc3[nH]2)C(=O)OC)n1C",-7.690773010253906
"2ac156bb1582b2979de54e3686273f15","CCCCc1nc(Cl)c(C(=O)N[C@H](C(=O)O)[C@@H](C)CC)n1C",-7.2770256996154785
"9492455ca0e1469caacf4652cb4ae35a","CCCCc1nc(Cl)c(C(=O)N[C@@H](CCSC)C(=O)O)n1C",-6.003770351409912
"6dbc2d12266ec6e6fc61bf1da3d33c3b","CCCCc1nc(Cl)c(C(=O)N[C@@H](Cc2ccccc2)C(=O)O)n1C",-8.901012420654297
"6cc78dad2407c88bb1ad5b991f73df36","CCCOC(=O)[C@H](CCc1ccccc1)N[C@@H](C)C(=O)N1N=C(C(C)(C)C)S[C@H]1C(=O)O",-8.75815486907959
"653e7570e038a1607ea3211aaed2683e","C[C@H](N[C@@H](CCc1ccccc1)C(=O)O)C(=O)N1N=C(C(C)(C)C)S[C@H]1C(=O)O",-4.021500587463379
"9d1534e8532be826f9b3abb95b2a8566","CNC(=S)C1=CC(C)(C)Oc2ccc([N+](=O)[O-])cc21",1.4000399112701416
"09d944fe1c1a8f3b6ea8a379fe9f137a","CNC(=O)C1=CC(C)(C)Oc2ccc([N+](=O)[O-])cc21",-1.0906307697296143
"645e14436f6c043a63ea7c7784daac72","CC1(C)C=C(C(=S)NCCC#N)c2cc([N+](=O)[O-])ccc2O1",-6.877893924713135
"80cb51d16ea3aa2c9d4642090273e3fe","CC1(C)C=C(C(=O)NCCC#N)c2cc([N+](=O)[O-])ccc2O1.O",-8.182718276977539
"7414455fdd757a795ae2a2ee1671f898","CNC(=S)C1=CC(C)(CF)Oc2ccc([N+](=O)[O-])cc21",3.2304842472076416
"f0f3abbe07d4ac938a495736c0d594af","CNC(=O)C1=CC(C)(CF)Oc2ccc([N+](=O)[O-])cc21",0.48069822788238525
"bc07827464f769db891de89bcfdc9137","CC1(CF)C=C(C(=S)NCCC#N)c2cc([N+](=O)[O-])ccc2O1",-3.291707992553711
"84315681353c25a2a8479c4479c43a6d","CC1(CF)C=C(C(=O)NCCC#N)c2cc([N+](=O)[O-])ccc2O1",-6.317386150360107
"f745b27586f8688d276886b119461384","CNC(=S)C1=CC(CF)(CF)Oc2ccc([N+](=O)[O-])cc21",1.0064955949783325
"170c83d1d6d14c21006a5cac35989a5e","CNC(=O)C1=CC(CF)(CF)Oc2ccc([N+](=O)[O-])cc21",-5.4883928298950195
"ddff411f32041eafc46d45878582fd50","N#CCCNC(=S)C1=CC(CF)(CF)Oc2ccc([N+](=O)[O-])cc21",-8.767945289611816
"cf26497e4cb942f3e6f9da55dddb7ecb","N#CCCNC(=O)C1=CC(CF)(CF)Oc2ccc([N+](=O)[O-])cc21",-10.124117851257324
"20292b8acbb52767fc67d360e24c211e","CNC(=S)C1=CC(C)(C(F)(F)F)Oc2ccc([N+](=O)[O-])cc21",-5.154587745666504
"8797c4cf64e365f004aea6bb296e94a3","CNC(=O)C1=CC(C)(C(F)(F)F)Oc2ccc([N+](=O)[O-])cc21",-7.130843162536621
"4bb37e75e527f56e599fb20174a8bf9b","CC1(C(F)(F)F)C=C(C(=S)NCCC#N)c2cc([N+](=O)[O-])ccc2O1",-8.655115127563477
"5b46650be9f0aa69a5d93bf2f94bcbba","CC1(C(F)(F)F)C=C(C(=O)NCCC#N)c2cc([N+](=O)[O-])ccc2O1",-8.8668851852417
"eb920ba0410db86bd16276e1a42f10e0","CNC(=S)C1=CC(C(F)(F)F)(C(F)(F)F)Oc2ccc([N+](=O)[O-])cc21",-2.906134605407715
"0fd929c28f72560c1ba9fe092d2c2b3d","CNC(=O)C1=CC(C(F)(F)F)(C(F)(F)F)Oc2ccc([N+](=O)[O-])cc21",-3.932487726211548
"185c87b45169174967a44357d066afdb","N#CCCNC(=S)C1=CC(C(F)(F)F)(C(F)(F)F)Oc2ccc([N+](=O)[O-])cc21",-8.986495018005371
"a26f106bab37069e2e94533b98177322","N#CCCNC(=O)C1=CC(C(F)(F)F)(C(F)(F)F)Oc2ccc([N+](=O)[O-])cc21",-8.306753158569336
"825964af23abafb1058aa8928771b6d2","N#Cc1ccc2c(c1)[C@@H](N1CCCC1)CCO2",-5.2452921867370605
"35e8688d6e498b746c6bd2c457286ac3","CC(N/C(=N\C#N)Nc1ccncc1)C(C)(C)C",-4.7638983726501465
"ca6fe7b246d035857272187adf230722","CNC(=S)[C@]1(c2cccnc2)CCCCS1=O",-2.164656400680542
"ae2c73b078f0c5d3a95ff485709509aa","CCc1nc2ccc(C3Nc4c(C)cccc4O3)cc2n1Cc1cccc2c1CCN2c1ccccc1C(=O)O",-7.54998779296875
"68d51c60dd347296dc068016e0624306","CCCc1nc2ccc(C3Nc4c(C)cccc4O3)cc2n1Cc1cccc2c1CCN2c1ccccc1C(=O)O",-5.000045299530029
"10b7a513db3b6daca45e0085f339b12d","CCCCc1nc2ccc(C3Nc4c(C)cccc4O3)cc2n1Cc1cccc2c1CCN2c1ccccc1C(=O)O",-1.023156762123108
"8e8a96cf14543baea545a19060c2b5b2","CCc1nc2ccc(C3Nc4cccc(C)c4O3)cc2n1Cc1cccc2c1CCN2c1ccccc1C(=O)O",4.585420608520508
"b3ad21ce65a9eceab8e3313936162d22","CCCc1cc2ccc(C3Nc4cccc(C)c4O3)cc2n1Cc1cccc2c1CCN2c1ccccc1C(=O)O",4.386949062347412
"d48711ff2d894b9034387dcc81eda6d8","CCCCc1cc2ccc(C3Nc4cccc(C)c4O3)cc2n1Cc1cccc2c1CCN2c1ccccc1C(=O)O",5.442500591278076
"9bd0465edf97158e80053943cd7a1785","CCc1cc2ccc(C3Nc4c(C)cccc4O3)cc2n1Cc1cccc2c1CCN2c1ccccc1C(=O)O",-9.393752098083496
"759a519454a31e1ef444d5cdca349101","CCCc1cc2ccc(C3Nc4c(C)cccc4O3)cc2n1Cc1cccc2c1CCN2c1ccccc1C(=O)O",-6.058640480041504
"8093be5990cb47440521068fd89ed5fa","CCCCc1cc2ccc(C3Nc4c(C)cccc4O3)cc2n1Cc1cccc2c1CCN2c1ccccc1C(=O)O",-3.6000497341156006
"23d97dda216bf126f8da15d9027a3162","CCc1cc2ccc(C3Nc4cccc(C)c4O3)cc2n1Cc1cccc2c1CCN2c1ccccc1C(=O)O",-0.2112097442150116
"07b9200dd8a030b92304908286cafc28","O=c1c2ccccc2nc2n(Cc3ccccc3)cnn12",-9.312661170959473
"7c5ca65233d6e5292011504331b6a072","Cc1nn2c(=O)c3ccccc3nc2n1Cc1ccccc1",-8.562187194824219
"c40974a481954eaea6ead751581e42bb","CCCc1nn2c(=O)c3ccccc3nc2n1Cc1ccccc1",-9.1873140335083
"4bd1ea453b983f63016fe399533d563a","O=c1c2ccccc2nc2n(Cc3ccccc3)c(CCl)nn12",-10.998448371887207
"f44abf0879e1b65382059fbb47f16a46","CN1CC[C@]23c4c5ccc(OCc6nn7c(=O)c8ccccc8nc7n6Cc6ccccc6)c4O[C@H]2[C@@H](O)C=C[C@H]3[C@H]1C5",5.119604110717773
"5adb74b5d6b10b5faa59ce08f647a1da","O=c1c2ccccc2nc2n(Cc3ccccc3)c(CN3CCCCC3)nn12",-11.83292293548584
"4b46981d32c4415dea4c6c7ef14f5d26","O=c1c2ccccc2nc2n(Cc3ccccc3)c(-c3ccccc3)nn12",-11.844094276428223
"5aff0036ab66ac71948f8bbd822895d8","Cc1ccc(-c2nn3c(=O)c4ccccc4nc3n2Cc2ccccc2)cc1",-11.024374008178711
"ea8f116dc14b76edc7bc3970a7f727e0","COc1ccc(-c2nn3c(=O)c4ccccc4nc3n2Cc2ccccc2)cc1",-10.75649356842041
"408837153c5718b2fe181a3a523f6e7a","CCOc1ccc(-c2nn3c(=O)c4ccccc4nc3n2Cc2ccccc2)cc1",-10.204419136047363
"ed93a9bf28fa21e55dd18c34db71ef2a","COc1cc2nc(N3CCN(C(=O)c4ccco4)CC3)nc(N)c2cc1OC",-8.468682289123535
"e6852ab2f15205bcbda21b8c7c3951fd","COc1ccc(CC2C(=O)CCN2C(=O)C(C)CS)cc1",6.7198028564453125
"dcda8ed2231cf3ecb09f8716ee95e7e1","COc1ccc(CC2C(=NO)CCN2C(=O)C(C)CS)cc1",4.9659810066223145
"188e6d836679f4a2a5da45fa680f71ea","COc1ccc(CC2C(=NCCO)CCN2C(=O)C(C)CS)cc1",8.349416732788086
"655d2450d766ff736ddb0c51a4142ece","CCOC(=O)C(C)N=C1CCN(C(=O)C(C)CS)C1Cc1ccc(OC)cc1",3.8989615440368652
"b71ee86e04504ca6f70aa6d796355bad","C[C@H](CS)C(=O)N1CCC[C@H]1C(=O)O",4.703852653503418
"eb7d232aaaf6d82cdb8cc660a88931c5","O=[N+]([O-])c1ccccc1-c1nc2cc(C(F)(F)F)ccc2[nH]1",-8.304046630859375
"325b8c7161ae1c81ea3d1d059d710e81","COc1cc(-c2nc3cc(C(F)(F)F)ccc3[nH]2)ccc1O",-7.863625526428223
"1436563aa69b6fe933771727369af745","FC(F)(F)c1ccc2[nH]c(-c3ccc4c(c3)OCO4)nc2c1",-10.142996788024902
"1db2be913ce10e56fbb14228e85ccb1a","O=[N+]([O-])c1ccc2[nH]c(-c3ccccc3)nc2c1",-9.649100303649902
"ee2acb6660830ff2d148a6ccc9e540e4","COc1ccccc1-c1nc2cc([N+](=O)[O-])ccc2[nH]1",-9.091551780700684
"94f89151bff8541ab420084a3ddfaedb","CCOc1ccccc1-c1nc2cc([N+](=O)[O-])ccc2[nH]1",-7.021274566650391
"89d9f014f7930349606bfba6ad5a8298","COc1cc(-c2nc3cc([N+](=O)[O-])ccc3[nH]2)ccc1O",-9.11737060546875
"ed79cf6de27563b3cd8efd982194c444","COc1ccc(-c2nc3cc([N+](=O)[O-])ccc3[nH]2)cc1OC",-10.014044761657715
"899204a2b4896c514f119924270f6d40","COc1ccc(-c2nc3cc([N+](=O)[O-])ccc3[nH]2)c(OC)c1OC",-6.363342761993408
"64b186a6d2f5d6edd0f152137a67f92c","CCCCC(=O)N(Cc1ccc(-c2ccccc2-c2noc(=O)[nH]2)cc1)[C@@H](CCC)C(=O)O",-7.791810035705566
"d31a890610caf568c67301e9e1bae13b","CCCC(=O)N(Cc1ccc(-c2ccccc2-c2noc(=O)[nH]2)cc1)[C@@H](CC)C(=O)O",-6.9871673583984375
"5a708a0a4d299eadadaf395cbaffea92","CCC[C@@H](C(=O)O)N(Cc1ccc(-c2ccccc2-c2noc(=O)[nH]2)cc1)C(=O)CC",-3.558194875717163
"65f27210f4ed10efb0d7a4cef64b3264","CCCCC(=O)N(Cc1ccc(-c2ccccc2-c2noc(=O)[nH]2)cc1)[C@@H](CCCC)C(=O)O",-6.578323841094971
"f387214b0146556b44aff81925078f2d","CCCC[C@@H](C(=O)O)N(Cc1ccc(-c2ccccc2-c2noc(=O)[nH]2)cc1)C(=O)CCC",-4.6003875732421875
"92ed52ad570bd81ce496ab4878ab5935","CCCC[C@@H](C(=O)O)N(Cc1ccc(-c2ccccc2-c2noc(=O)[nH]2)cc1)C(=O)Cc1ccccc1",-0.14026609063148499
"abd19259d798add5f761a94efe76a361","CCC[C@@H](C(=O)O)N(Cc1ccc(-c2ccccc2-c2noc(=O)[nH]2)cc1)C(=O)Cc1ccccc1",0.035865336656570435
"27d0c0559818053b90cbbcd625012eaf","CCCC(=O)N(Cc1ccc(-c2cc(F)ccc2-c2noc(=O)[nH]2)cc1)[C@@H](CCC)C(=O)O",-4.93740177154541
"ae77fb6f97dbe178d3a885620b0373b4","CCCCC(=O)N(Cc1ccc(-c2ccccc2-c2nnn[nH]2)cc1)[C@H](C(=O)O)C(C)C",-10.237432479858398
"fc3a58665e0e18662a4b801a10a39b37","NCCCC[C@H](N[C@@H](CCc1ccccc1)C(=O)O)C(=O)N1CCC[C@H]1C(=O)O",1.9561220407485962
"6740453dabcfbfa201f1aed8c6a67c8a","CCOC(=O)[C@H](CCc1ccccc1)N[C@@H](C)C(=O)N1[C@H](C(=O)O)C[C@@H]2CCC[C@@H]21",5.131628036499023
"e44f21816da696c3b50df7d9289cdaf0","CCOC(=O)[C@H](CCc1ccccc1)N[C@H]1CCc2ccccc2N(CC(=O)O)C1=O",4.787570953369141
"875d2d279ccecf1b7f8c659117471c2d","O=C1[C@@H]2C[C@@H](O)CN2C(=O)c2ccccc2N1Cc1cccc(Br)c1",1.6567591428756714
"713a17493d84f30d2170f67ad882ce58","O=C1[C@@H]2C[C@@H](O)CN2C(=O)c2ccccc2N1Cc1ccc(Br)cc1",-1.1491502523422241
"d171ad8fe6a064926d333f1e96fdafe3","COc1cc(CN2C(=O)[C@@H]3C[C@@H](O)CN3C(=O)c3ccccc32)cc(OC)c1OC",1.4232324361801147
"133690bb06ede39b574c0fd0d225a10f","O=C1[C@@H]2C[C@@H](O)CN2C(=O)c2ccccc2N1Cc1cc(Br)cs1",4.692185401916504
"e6d3898c169e6ea1cbee160e9591ebf3","CCc1nc2cc([N+](=O)[O-])ccc2n1Cc1cccc2c1ccn2-c1ccccc1C(=O)O",-10.219276428222656
"cde73ed1f6fc7e0bbd30917755cf86b7","CCCc1nc2cc([N+](=O)[O-])ccc2n1Cc1cccc2c1ccn2-c1ccccc1C(=O)O",-10.051313400268555
"7cdff7548ac220c6bf8cdbaaf61a6b15","CCCCc1nc2cc([N+](=O)[O-])ccc2n1Cc1cccc2c1ccn2-c1ccccc1C(=O)O",-8.835875511169434
"6cb21ba813765a4719ef34aee8b9cb42","CCCCCc1nc2cc([N+](=O)[O-])ccc2n1Cc1cccc2c1ccn2-c1ccccc1C(=O)O",-5.569695949554443
"ab189545e5e8c70f36ce9dd78cc4a3f5","CCCc1nc2cc([N+](=O)[O-])ccc2n1Cc1ccc2c(ccn2-c2ccccc2C(=O)O)c1",-11.086930274963379
"848750878e82bb8fe25f0f176e12e624","CCCCc1nc2cc([N+](=O)[O-])ccc2n1Cc1ccc2c(ccn2-c2ccccc2C(=O)O)c1",-8.906476020812988
"0b5bbb22c4938d88c44d3ffdd7de58c0","CCCCc1nc(Cl)c(CO)n1Cc1ccc(-c2ccccc2-c2nnn[nH]2)cc1",-11.785561561584473
"f5b3449a3d055b9f337191e736deb6a1","CNCC(O)c1cccc(O)c1",8.181743621826172
"f0a7cb4f3eb3dc5525806371c8c6702c","COc1cc2nc(N3CCN(C(=O)C4CCCO4)CC3)nc(N)c2cc1OC",-11.4036865234375
"6f1345255f584c00f81b34d8150ab55b","Cl.O=C1CCCN1CCCCN1CCN(C(c2ccc(F)cc2)c2ccc(F)cc2)CC1",-7.9767608642578125
"480675a07063d02b693dd8a8c69c320c","Cl.O=C1CCCN1CCCCN1CCN(c2ccccc2Cl)CC1",-7.593903541564941
"bb788f6df5be8ebe53c47489799160a5","Cc1ccccc1N1CCN(CCCCN2CCCC2=O)CC1.Cl",-4.934277534484863
"e7c741d3c434710a33d9c6602b8a5245","Cl.O=C1CCCN1CCCCN1CCN(c2ccccc2O)CC1",-3.21431827545166
"6261977a3b12f414bb1af568ee3afd03","Cl.O=C1CCCN1CCCCN1CCN(c2ccc(F)cc2F)CC1",-6.762409210205078
"4b9d21f3618cad5bed7e691443d4fd80","Cl.O=C1CCCN1CCCCN1CCN(C(c2ccccc2)c2ccccc2)CC1",-5.007721900939941
"0ac53415711b1bcefb648f12c14a7e20","COc1cc2ncn(Cc3ccccc3)c(=O)c2cc1OC",-6.059553146362305
"9076ce68c086fe5f4488999a88e719d2","COc1cc2ncn(Cc3ccc(F)cc3)c(=O)c2cc1OC",-8.46442985534668
"06399c4e877ef623b4355ec868a963a5","COc1ccc(Cn2cnc3cc(OC)c(OC)cc3c2=O)cc1",-6.009567737579346
"a0ebfb9b4ab82967b00f33044acb98bf","COc1cc2ncn(Cc3ccccc3Cl)c(=O)c2cc1OC",-10.716458320617676
"5e63a97525fe555d59d1962a4ccf14d6","COc1cc2ncn(Cc3ccccc3C)c(=O)c2cc1OC",-10.161153793334961
"bf0b532f8091ce2f0410d26cd14546ce","COc1ccc(Cn2cnc3ccc(OC=O)cc3c2=O)cc1",-3.328033685684204
"ff76985b958f4fc63f2a6ebce24474dd","COc1cc(OC)c(OC)cc1Cn1cnc2cc(OC)c(OC)cc2c1=O",-2.986985206604004
"b14da2bfd5b7fc5c1e4f424a82ac9f16","COc1cc2ncn(Cc3ccccc3OC=O)c(=O)c2cc1OC",2.919684648513794
"235cdcff23f5d912723dd1ec25f97a07","CCOC(=O)C1=C(C)NC(C)=C(C(=O)OC)C1c1cccc([N+](=O)[O-])c1",-0.4351724088191986
"0b605f643057d95f1ee4730024169076","COc1cc2ncn(Cc3ccc(OC)c(Oc4ccccc4)c3)c(=O)c2cc1OC",-5.251218795776367
"776ccc5c0778af7f5ba88db3fbdb1092","COc1cc2ncn(Cc3ccc(Oc4ccccc4)c(OC)c3)c(=O)c2cc1OC",-8.202947616577148
"7aa9fce2c73194d140b068937a3a050c","COc1cc2ncn(Cc3ccc(OCc4ccc(F)cc4)c(OC)c3)c(=O)c2cc1OC",-9.732662200927734
"89e31b37b68f5d6d81b215673db1ca37","COc1cc2ncn(Cc3ccc(OCc4cccc(F)c4)c(OC)c3)c(=O)c2cc1OC",-11.457855224609375
"c5359c5fe8f33983d4aabc002038ee51","COc1ccc(COc2ccc(Cn3cnc4cc(OC)c(OC)cc4c3=O)cc2OC)cc1OC",-4.484579086303711
"b2604a8872da724ccf624f16a4bb90cd","COc1cc2ncn(Cc3ccc(OCc4ccc(F)c(Cl)c4)cc3)c(=O)c2cc1OC",-9.644593238830566
"7924aa51a023a2abfeb6ca618e7561fd","COc1cc2ncn(Cc3ccc(OCc4ccc(F)c(F)c4)cc3)c(=O)c2cc1OC",-11.07071304321289
"b1bb2c161e52e86043523de7d3f52a41","COc1cc(COc2ccc(Cn3cnc4cc(OC)c(OC)cc4c3=O)cc2)ccc1O",1.4322623014450073
"6f7dacb3b9c410cd84c7f5aebc6a654b","COc1cc2ncn(Cc3ccc(OCc4ccc(Cl)cc4Cl)cc3)c(=O)c2cc1OC",-11.491989135742188
"eb571f7d0f4a1ba00b531344dc4a1c66","CCCc1nc2c(C)cc(C(=O)NC[C@H](C)c3ccccc3)cc2n1Cc1ccc(-c2cccc(-c3nnn[nH]3)c2)cc1",-9.352798461914062
"f33fb2be8f536e60b78723f264f5e6f5","CCCc1nc2c(C)cc(C(=O)N[C@@H](C)c3ccccc3)cc2n1Cc1ccc(-c2cccc(C(=O)O)c2)cc1",-4.162459373474121
"e20530fcb435f728a64a3ea32320c53b","CCCc1nc2c(C)cc(C(=O)N[C@H](C)c3ccccc3)cc2n1Cc1ccc(-c2cccc(C(=O)O)c2)cc1",-4.162459373474121
"840c3025ebfb1e1643eeea581ac26745","CCCc1nc2c(C)cc(C(=O)N[C@@H](C)c3ccccc3)cc2n1Cc1ccc(-c2cccc(-c3nnn[nH]3)c2)cc1",-10.628240585327148
"38720d758866fa984a0f72f4329d36c3","CCCc1nc2c(C)cc(C(=O)N[C@H](C)c3ccccc3)cc2n1Cc1ccc(-c2cccc(-c3nnn[nH]3)c2)cc1",-10.628241539001465
"4c6b542a076853e965340ed9c555a3fc","CCCc1nc2c(C)cc(C(=O)N[C@H](CO)c3ccccc3)cc2n1Cc1ccc(-c2cccc(C(=O)O)c2)cc1",-1.8900004625320435
"0eba3d9139b75c66a6661ca9dbcffc7a","CCCc1nc2c(C)cc(C(=O)N[C@@H](CO)c3ccccc3)cc2n1Cc1ccc(-c2cccc(C(=O)O)c2)cc1",-1.8900004625320435
"d1651f0b879363161e78376593c71f3a","CCCc1nc2c(C)cc(C(=O)N[C@H](CO)c3ccccc3)cc2n1Cc1ccc(-c2cccc(-c3nnn[nH]3)c2)cc1",-10.7826509475708
"f18d5a359c4ea389025518a0088b8a14","CCCc1nc2c(C)cc(C(=O)N[C@@H](CO)c3ccccc3)cc2n1Cc1ccc(-c2cccc(-c3nnn[nH]3)c2)cc1",-10.7826509475708
"9a4244d76709bf82ba5e971cb481f90a","CCCc1nc2c(C)cc(C(=O)N[C@H](COC)c3ccccc3)cc2n1Cc1ccc(-c2cccc(C(=O)O)c2)cc1",1.4595938920974731
"1effe69ca148e4490c6fc19508ce513e","CCCc1nc2c(C)cc(C(=O)N[C@@H](COC)c3ccccc3)cc2n1Cc1ccc(-c2cccc(C(=O)O)c2)cc1",1.4595938920974731
"cf49bf2881970021c1b421a72cdd65e3","CCCc1nc2c(C)cc(C(=O)N[C@H](COC)c3ccccc3)cc2n1Cc1ccc(-c2cccc(-c3nnn[nH]3)c2)cc1",-8.417731285095215
"584448c4845965cdeec072a79d0a3a4f","CCCc1nc2c(C)cc(C(=O)N[C@@H](COC)c3ccccc3)cc2n1Cc1ccc(-c2cccc(-c3nnn[nH]3)c2)cc1",-8.417731285095215
"c889c140554a9a8986cb5116c43cbf86","CCCc1nc2c(C)cc(C(=O)NC[C@@H](C)c3ccccc3)cc2n1Cc1ccc(-c2cccc(C(=O)O)c2)cc1",-4.731766223907471
"72eec57380686488b39e4b27a779293f","CCCc1nc2c(C)cc(C(=O)NC[C@H](C)c3ccccc3)cc2n1Cc1ccc(-c2cccc(C(=O)O)c2)cc1",-4.731766223907471
"921ebd4575dcf91f84d00383889c5ff8","CCCc1nc2c(C)cc(C(=O)NC[C@@H](C)c3ccccc3)cc2n1Cc1ccc(-c2cccc(-c3nnn[nH]3)c2)cc1",-9.352798461914062
"dcfb8460547c786dee10b7c284b4e825","CCCc1nc2c(C)cc(C(=O)NCC(C)c3ccccc3)cc2n1Cc1ccc(-c2cccc(-c3nnn[nH]3)c2)cc1",-9.352798461914062
"b7595c1712d50d2ddc56a9ce2af1a5fe","CCCc1nc2c(C)cc(C(=O)NC[C@@H](O)c3ccccc3)cc2n1Cc1ccc(-c2cccc(C(=O)O)c2)cc1",-4.721365928649902
"ca0eeda4582aa9c9d49a1f663fb97864","CCCc1nc2c(C)cc(C(=O)NC[C@H](O)c3ccccc3)cc2n1Cc1ccc(-c2cccc(C(=O)O)c2)cc1",-4.721365928649902
"85280fee3867348b0b231e9e7c354ef4","CCCc1nc2c(C)cc(C(=O)NC[C@@H](O)c3ccccc3)cc2n1Cc1ccc(-c2cccc(-c3nnn[nH]3)c2)cc1",-9.386027336120605
"37bc0799a54b3884105c2a7115c0eafe","CCCc1nc2c(C)cc(C(=O)NC[C@H](O)c3ccccc3)cc2n1Cc1ccc(-c2cccc(-c3nnn[nH]3)c2)cc1",-9.386027336120605
"df6c018c606aba0d2476dc1dbe8cc83f","CCCc1nc2c(C)cc(C(=O)NCCc3ccccc3)cc2n1Cc1ccc(-c2cccc(C(=O)O)c2)cc1",-6.987124443054199
"301a385dcb232c1bc8c5e5485285dbd9","CCCc1nc2c(C)cc(C(=O)NCc3ccccc3)cc2n1Cc1cccc2c1ccn2-c1ccccc1C(=O)O",-7.051243782043457
"81714373239ce478fd2b47dbf8a8b2e4","CCCc1nc2c(C)cc(C(=O)NCCc3ccccc3)cc2n1Cc1ccc2c(ccn2-c2ccccc2C(=O)O)c1",-11.38202953338623
"123e2efb22c79d1de38c4d531c4c7640","Cc1nc(C)c2c(n1)N(Cc1ccc(-c3ccccc3-c3nnn[nH]3)cc1)C(=O)CC2",-12.208216667175293
"e0cf4684830cccdba95478ae129ad65c","Cc1nc2c(c(C(F)(F)F)n1)CCC(=O)N2Cc1ccc(-c2ccccc2-c2nnn[nH]2)cc1",-11.99657154083252
"eeed6498ea722404a1def649814e9f75","Cc1nc2c(c(C(F)(F)F)n1)CC(C)C(=O)N2Cc1ccc(-c2ccccc2-c2nnn[nH]2)cc1",-11.17365550994873
"7948570fda6134f43d7381b1b9c3875d","Cc1nc(C)c2c(n1)N(Cc1ccc(-c3ccccc3-c3nnn[nH]3)cc1)C(=O)C(C)(C)C2",-8.27274227142334
"a9e2a1564b74b3b6644af5fc96969fb7","CCc1nc(C)nc2c1CCC(=O)N2Cc1ccc(-c2ccccc2-c2nnn[nH]2)cc1",-11.614296913146973
"9bda8759fcc292b85bfd33748f55a7ad","Cc1nc(C(C)C)c2c(n1)N(Cc1ccc(-c3ccccc3-c3nnn[nH]3)cc1)C(=O)CC2",-11.677630424499512
"796a94c4f15138afd20dd3366c306633","CCCc1nc(C)nc2c1CCC(=O)N2Cc1ccc(-c2ccccc2-c2nnn[nH]2)cc1",-11.49257755279541
"6bae723f21f1bc2ca3e6ff115ef72f3f","CCc1nc(C)c2c(n1)N(Cc1ccc(-c3ccccc3-c3nnn[nH]3)cc1)C(=O)CC2",-11.439974784851074
"424c0a464c38305444924745c9e918ce","Cc1nc(C(C)C)nc2c1CCC(=O)N2Cc1ccc(-c2ccccc2-c2nnn[nH]2)cc1",-11.131532669067383
"c9f7b82f4fe9eb4c6af801f14f49ad72","CCCc1nc(C)c2c(n1)N(Cc1ccc(-c3ccccc3-c3nnn[nH]3)cc1)C(=O)CC2",-10.5529203414917
"e1d45717e91ca0ac8fee3f464f3f1bed","Cc1nc(CO)c2c(n1)N(Cc1ccc(-c3ccccc3-c3nnn[nH]3)cc1)C(=O)CC2",-12.075966835021973
"6e3e9dfe4361be5e1fc6efb4664b69d4","Cc1nc(C=O)c2c(n1)N(Cc1ccc(-c3ccccc3-c3nnn[nH]3)cc1)C(=O)CC2",-10.551403999328613
"8e2b4f8b38fb31f18a19e6978f316ff9","Cc1nc(CO)nc2c1CCC(=O)N2Cc1ccc(-c2ccccc2-c2nnn[nH]2)cc1",-10.901572227478027
"872cf2ccbe927dac818e38c922e930f3","Cc1nc(C)c2c(n1)N(Cc1ccc(-c3ccccc3-c3nnn[nH]3)cc1)CCC2",-12.01694393157959
"94cd37df47cf899f38baf8dd145f26a0","Cc1nc(C)c2c(n1)N(Cc1ccc(-c3ccccc3C(=O)[O][K])cc1)C(=O)CC2.O",-11.194353103637695
"34745d94b7f3b40a61ec060458d60d39","Cc1nc(C)c2c(n1)N(Cc1ccc(-c3ccccc3-c3nnn[nH]3)nc1)C(=O)CC2",-9.278172492980957
"ecc03154de29526e8f6e00da9d3119f0","Cc1nc(C)c2c(n1)N(Cc1ccc(-c3ccccc3-c3nnn[nH]3)cn1)C(=O)CC2",-10.266072273254395
"f3bd31e27ea5643f4203b5bba51b1771","C[C@H](NC(CCc1ccccc1)C(=O)O)C(=O)N1C(=O)NC[C@H]1C(=O)O",-1.0467958450317383
"8ad3ccb1a72d46e8c39b3dbd8f2eb6ad","CCCCCCCCC(N[C@H](C)C(=O)N1C(=O)N(C)C[C@H]1C(=O)O)C(=O)O",4.591825485229492
"a49ff4e043cc7f40e3fd44541060c8f3","CCCCCCCCC(N[C@@H](C)C(=O)N1C(=O)N(C)C[C@H]1C(=O)O)C(=O)O",4.59182596206665
"63d5fc07d003b1240f59113b3e3e84c6","CCCCCCCCC(N[C@@H](CC)C(=O)N1C(=O)N(C)C[C@H]1C(=O)O)C(=O)O",-1.804601788520813
"5ee352d0524c32b10d69089c78df4855","C[C@H](NC(CCc1ccccc1)C(=O)O)C(=O)N1C(=O)N(C)C[C@H]1C(=O)O",-2.0316309928894043
"43b160e15061e87963abc057ff6b4920","CCCCN1C[C@@H](C(=O)O)N(C(=O)[C@H](C)NC(CCc2ccccc2)C(=O)O)C1=O",-1.9547446966171265
"c874bc764b4d0bce5ed8a41635f5d947","CC(C)CC(N[C@@H](C)C(=O)N1C(=O)N(Cc2ccccc2)C[C@H]1C(=O)O)C(=O)O",-0.6357560157775879
"a62ca56563ab96e823fa6ecafb93c63b","CC(C)CCC(N[C@@H](C)C(=O)N1C(=O)N(Cc2ccccc2)C[C@H]1C(=O)O)C(=O)O",-1.4586946964263916
"42a01a49b931ea15c87e389eafcb5eb6","CCCCCCCCC(N[C@@H](C)C(=O)N1C(=O)N(Cc2ccccc2)C[C@H]1C(=O)O)C(=O)O",-0.5040512084960938
"1b160b482d1e6f78437bfef908021d61","CCCCCCCCC(N[C@@H](CC)C(=O)N1C(=O)N(Cc2ccccc2)C[C@H]1C(=O)O)C(=O)O",-2.8017446994781494
"2955576619a5a4776facce142e2fda7f","C[C@H](NC(Cc1ccccc1)C(=O)O)C(=O)N1C(=O)N(Cc2ccccc2)C[C@H]1C(=O)O",-4.3028974533081055
"28da414b92b50ed94f0abe60e63c09d5","C[C@@H](NC(CCc1ccccc1)C(=O)O)C(=O)N1C(=O)N(Cc2ccccc2)C[C@H]1C(=O)O",-3.902665376663208
"c76c3c582a82c686fde7bdabe44cdb55","C[C@H](NC(CCc1ccccc1)C(=O)O)C(=O)N1C(=O)N(Cc2ccccc2)C[C@H]1C(=O)O",-3.902665376663208
"859f0b49a76da722c35029b60d82352f","CC[C@H](NC(CCc1ccccc1)C(=O)O)C(=O)N1C(=O)N(Cc2ccccc2)C[C@H]1C(=O)O",-6.854578971862793
"a73311073a659e35542f48d486a931b9","C[C@H](N[C@@H](CCc1ccccc1)C(=O)O)C(=O)N1CCC[C@H]1C(=O)O",-3.8678200244903564
"b9ccd28a91c67aa8e9e63a26d0029528","CCCCCCCCC(N[C@@H](C)C(=O)N1C(=O)N(C)C[C@H]1C(=O)O)C(=O)OCC",4.1806440353393555
"d6c9d3cbceb6be6c18d537eb02ed7038","CCOC(=O)C(CCc1ccccc1)N[C@@H](C)C(=O)N1C(=O)N(C)C[C@H]1C(=O)O",-0.10604843497276306
"fa187111f46263809e89fe00c2adf7ee","CCOC(=O)C(CCc1ccccc1)N[C@H](C)C(=O)N1C(=O)N(C)C[C@H]1C(=O)O",-0.10604843497276306
"7ad636a511917e45884bc21750e54200","CCCCCCCCC(N[C@@H](C)C(=O)N1C(=O)N(Cc2ccccc2)C[C@@]1(C)C(=O)O)C(=O)OCC",4.539244651794434
"97acc6f88efc224e09fbb6d19bedd5ed","CCOC(=O)C(CCc1ccccc1)N[C@@H](C)C(=O)N1C(=O)N(Cc2ccccc2)C[C@@]1(C)C(=O)O",-0.6938718557357788
"6b39c0b6dd0258104222ee061faf3f88","CCOC(=O)[C@H](CCc1ccccc1)N[C@@H](C)C(=O)N1CC2(C[C@H]1C(=O)O)SCCS2",3.38120436668396
"a428fe65f16f100b1a46655697e3b608","C[C@H](N[C@@H](CCc1ccccc1)C(=O)O)C(=O)N1CC2(C[C@H]1C(=O)O)SCCS2",-5.729917526245117
"29053a1a69f06c52da72579348ca3f3d","C[C@H](N[C@H](CCc1ccccc1)C(=O)O)C(=O)N1CC2(C[C@H]1C(=O)O)SCCS2",-5.729917526245117
"7085ee5797c8f8903f0efae0936761ec","NCCC[C@H](N[C@@H](CCc1ccccc1)C(=O)O)C(=O)N1CC2(C[C@H]1C(=O)O)SCCS2",-0.4313497245311737
"c6e7f46fc479c0c6c9141327acd23c55","CCOC(=O)[C@H](CCc1ccccc1)NCC(=O)N1CC2(C[C@H]1C(=O)O)SCCS2",-3.7534306049346924
"16edd84c5e6a35b40a4dc9961ba8f9b4","CCOC(=O)[C@H](CCc1ccccc1)N[C@@H](C)C(=O)N1CCC[C@H]1C(=O)O",-1.3779438734054565
"3454332e2553d719021402800c8d9f78","CCOC(=O)C(CCc1ccccc1)OC(C)C(=O)N1CCC[C@H]1C(=O)O",-1.2693639993667603
"f100bf9715119b9badc412670b03f898","CCOC(=O)C(CCc1ccccc1)OC(C)C(=O)N1CC2CCCCC2[C@H]1C(=O)O",5.620612144470215
"1b2e8ec9853d7fe07f60f8f64009b896","CCOC(=O)C(CCc1ccccc1)OC(C)C(=O)N1CC2CCCCC2C[C@H]1C(=O)O",8.819551467895508
"a608ccaa3698d845d1405fea01effafd","CCOC(=O)C(CCc1ccccc1)SC(C)C(=O)N1CCC[C@H]1C(=O)O",-6.933476448059082
"b9116350c2084dd819ea37af6ca362e9","CCOC(=O)C(CCc1ccccc1)SC(C)C(=O)N1CSC[C@H]1C(=O)O",-7.15802526473999
"f4319c0da302f910699622a5999991df","CCOC(=O)C(CCc1ccccc1)SC(C)C(=O)N1CC2CCCCC2[C@H]1C(=O)O",-1.930519461631775
"5890a8a4d2387e48eed50ebf823bad23","CCOC(=O)C(CCc1ccccc1)SC(C)C(=O)N1Cc2ccccc2C[C@H]1C(=O)O",-2.816389322280884
"81d289b10731bb9befa8bc58e7035d82","CC(OC(CCc1ccccc1)C(=O)O)C(=O)N1CCC[C@H]1C(=O)O",-1.6593552827835083
"74caf5ac33e3d5c8814ab40b20731aa1","CC(OC(CCc1ccccc1)C(=O)O)C(=O)N1Cc2ccccc2C[C@H]1C(=O)O",-0.7982627153396606
"9dfa214d11f422049e1428bdd7dc1dc4","CC(SC(CCc1ccccc1)C(=O)O)C(=O)N1CCC[C@H]1C(=O)O",-9.018692970275879
"716e32a3adc07d494c8d5b49f29f39a6","CC(SC(CCc1ccccc1)C(=O)O)C(=O)N1CC2CCCCC2[C@H]1C(=O)O",0.18985408544540405
"15858dbd9c280c18eb865a6441459904","CC(SC(CCc1ccccc1)C(=O)O)C(=O)NC1(C(=O)O)CCCC1",-8.979500770568848
"f5aada6a3a3b346336c2ff0ed29f6e12","CC(S[C@@H](CCc1ccccc1)C(=O)O)C(=O)NC1(C=O)CCC(c2ccccc2)CC1",3.1783206462860107
"9d0d4733da3b8524947bd3b939654061","CCOCC(CCc1ccccc1)SOC(C)C(=O)N1C2CCCCC2C[C@H]1C(=O)O",2.806199312210083
"002d127167a7c7d9d2b11587ebe6a672","CCOCC(CCc1ccccc1)S(=O)OC(C)C(=O)N1CCC[C@H]1C(=O)O",-9.627766609191895
"3e7aa5b3924088a6f9ebc9aa1464efcc","CCOC(=O)C(CCc1ccccc1)S(=O)(=O)C(C)C(=O)N1CCC[C@H]1C(=O)O",-6.675468444824219
"02b8ad8286bc30b96c8f61ce39bf8823","CCOC(=O)C(CCc1ccccc1)NC(C)C(=O)N1C(C(=O)O)c2ccccc2C[C@H]1C(=O)O",2.335630416870117
"814bb1a45e6fb14937ee34da3394d55e","CC(NC(CCc1ccccc1)C(=O)O)C(=O)N1C(C(=O)O)c2ccccc2C[C@H]1C(=O)O",0.1862705498933792
"7b7e9352973250efdbf80b02631cc766","CCOC(=O)C(CCc1ccccc1)NC(C)C(=O)N1CC2CCCCC2[C@H]1C(=O)O",6.271322250366211
"c8f3e88de7596030d08a845cc988a266","CC(NC(CCc1ccccc1)C(=O)O)C(=O)N1CC2CCCCC2[C@H]1C(=O)O",6.691765308380127
"7ffe39573152d9501472a2b73dafc1a7","NCCCC[C@H](N[C@@H]1CCc2ccccc2N(CC(=O)O)C1=O)C(=O)O",7.296773910522461
"3a02c98decb321a6e8ce194700f7bcc2","CCOC(=O)[C@H](CCCCN)N[C@@H]1CCc2ccccc2N(CC(=O)O)C1=O",8.277586936950684
"15e1a902789e019699cc9e8783db71c7","O=C(O)CN1C(=O)[C@H](N[C@@H](CCCCNC(=O)OCc2ccccc2)C(=O)O)CCc2ccccc21",3.8890461921691895
"366b0ca57528d7462b22c18de8d5439e","CCOC(=O)[C@H](CCCCNC(=O)OCc1ccccc1)N[C@@H]1CCc2ccccc2N(CC(=O)O)C1=O",-1.0127832889556885
"3ec5c9cc63ece4c83c0cb493ea5d1f75","CC(C)(C)OC(=O)NCCCC[C@H](N[C@@H]1CCc2ccccc2N(CC(=O)O)C1=O)C(=O)O",5.369675636291504
"19e02e70d9459f47721e53fe7815d561","CCOC(=O)[C@H](CCCCNCOc1ccccc1)N[C@@H]1CCc2ccccc2N(CC(=O)O)C1=O",7.873715400695801
"732f629d2e58fd597b36b8903ca64140","O=C(O)CN1C(=O)[C@H](N[C@@H](COCc2ccccc2)C(=O)O)CCc2ccccc21",-2.95702862739563
"5a9529aa55a60c7b70832084a32d8294","CCOC(=O)[C@H](COCc1ccccc1)N[C@@H]1CCc2ccccc2N(CC(=O)O)C1=O",-0.14069822430610657
"494187a7c235fe9bfe87d5733b547d69","O=C(O)CN1C(=O)[C@H](N[C@@H](CSCc2ccccc2)C(=O)O)CCc2ccccc21",-3.0407485961914062
"82157dc0487a4870efe4b8fcf23526be","CCOC(=O)[C@H](CSCc1ccccc1)N[C@@H]1CCc2ccccc2N(CC(=O)O)C1=O",-2.558347225189209
"39c499bf234b26d37926ea73b4d54d76","O=C(O)CN1C(=O)[C@H](N[C@@H](CSCCc2ccccc2)C(=O)O)CCc2ccccc21",1.6222208738327026
"74b4ff26b45ff6ce4e8897bc24ee22e5","O=C(O)CN1C(=O)[C@H](N[C@@H](CSc2ccccc2)C(=O)O)CCc2ccccc21",1.2534104585647583
"c82ee762d9c71f57905f663f8d0e5a89","CCOC(=O)[C@H](CSc1ccccc1)N[C@@H]1CCc2ccccc2N(CC(=O)O)C1=O",5.6341142654418945
"b01d7c938c281ada698491aae5a5bce3","O=C(O)CN1C(=O)[C@H](N[C@H](Cc2ccccc2)C(=O)O)CCc2ccccc21",-1.5095776319503784
"4f1656366b0c035e4441f9a31206c787","CCOC(=O)[C@H](Cc1ccccc1)N[C@H]1CCc2ccccc2N(CC(=O)O)C1=O",-0.8738731145858765
"c7abab4d417238bf451d0222bd7b026b","O=C(O)CN1C(=O)[C@H](N[C@@H](CC2=c3ccccc3=NC2)C(=O)O)CCc2ccccc21",-2.91378116607666
"d97e7b45e4c3dabe498f14d59ea11b99","CCOC(=O)[C@@H](CC1=c2ccccc2=NC1)N[C@@H]1CCc2ccccc2N(CC(=O)O)C1=O",-0.24454441666603088
"8da304c6584fc4bae3aae56014923a83","CC(C)C[C@H](N[C@@H]1CCc2ccccc2N(CC(=O)O)C1=O)C(=O)O",1.8550317287445068
"a65778ced1289252f898e9d18c49140f","COC(=O)[C@@H](CC(C)C)N[C@H]1CCc2ccccc2N(CC(=O)O)C1=O",-1.6014834642410278
"87e0ff2d7bd4d5c96b946aa79390c668","CCCC[C@H](N[C@@H]1CCc2ccccc2N(CC(=O)O)C1=O)C(=O)O",0.6100648641586304
"24cadf62770cedb1dbd1f952679340a1","CCCC[C@@H](N[C@@H]1CCc2ccccc2N(CC(=O)O)C1=O)C(=O)OCC",3.3175079822540283
"128b04bbb5d7d1a1b48da27bf12490fe","CSCC[C@H](N[C@@H]1CCc2ccccc2N(CC(=O)O)C1=O)C(=O)O",-1.3157564401626587
"c7bac4be50870b887d9cf300bf730d29","CCOC(=O)[C@@H](CCSC)N[C@@H]1CCc2ccccc2N(CC(=O)O)C1=O",2.2796456813812256
"ff78b103d0101c137766761ffada8db5","CCC[C@H](N[C@@H]1CCc2ccccc2N(CC(=O)O)C1=O)C(=O)O",0.3321026861667633
"56061c3dafff6b005cac9f24e1ff524d","CC(CS)C(=O)NCC(=O)O",-0.2483903467655182
"d73f158220a93cc48fef876e675bf5e6","CC(CS)C(=O)N(C)CC(=O)O",6.462042808532715
"469af006478661b81f5d028297db9e90","CCN(CC(=O)O)C(=O)C(C)CS",-2.8714210987091064
"5312d988ef35ae1c668715abff9599ac","CC(CS)C(=O)N(CC(=O)O)C(C)C",4.247139930725098
"e04161b80deff3ae72c55f3d540ca3d1","C.CC(=O)SCCC(=O)N(CC(=O)O)C(C)C",-6.922292709350586
"e82bef1e219973df556224360729ba12","CC(CS)C(=O)N(CC(=O)O)C1CC1",-0.7881494760513306
"fe429ef620234ca8390664c98b6ca7ee","CC(=O)SCC(C)C(=O)N(CC(=O)O)C1CC1",1.9174121618270874
"e369db2d0e18ae152e966329f6c02ebc","CC(C(=O)O)N(C(=O)CCS)C1CC1",-4.466887474060059
"2713e294f37a439e6f6f1727543f0cd9","CC(=O)SCCC(=O)N(C1CC1)C(C)C(=O)O",-4.684626579284668
"be726b8045a10bd3a28fb1eca3e76251","CC(CS)C(=O)N(CC(=O)O)C1CCC1",-5.111520767211914
"7f4e433b38e38d84fa4637e640989fb5","CC(=O)SCC(C)C(=O)N(CC(=O)O)C1CCC1",-3.0715646743774414
"8926b1f65050ea425a52341e0c83de15","CC(CS)C(=O)N(CC(=O)O)C1CCCC1",-0.030025750398635864
"99d09406deb25759e3bb72dd229fc866","CC(=O)SCC(C)C(=O)N(CC(=O)O)C1CCCC1",-1.6042953729629517
"c53c9f35dfbcba0a9ce55bd14fa85ab7","CC(CS)C(=O)N(CC(=O)O)C1CCCCC1",3.863490343093872
"f9c964816874788079f39b06d1eda733","CC(=O)SCC(C)C(=O)N(CC(=O)O)C1CCCCC1",-0.2937159836292267
"2a98764918ac3d889ba1b6c76b1e283e","CC(CS)C(=O)N(CC(=O)O)C1CCCCCC1",3.863490343093872
"fc0e6515326a73c6de525c1be73ee13b","CC(=O)SCC(C)C(=O)N(CC(=O)O)C1CCCCCC1",-0.2937159836292267
"b41a6fafe985da9da14caa1630fd90c1","CC(CS)C(=O)N(CC(=O)O)[C@@H]1C[C@H]2CC[C@@H]1C2",11.130846977233887
"fd600d66fcb0e95eba9c83981bd357f1","CC(=O)SCC(C)C(=O)N(CC(=O)O)C1CC2CC23CCC13",9.433063507080078
"3934c0e17fc5691cc6350a1a8dd2e37d","CC(CS)C(=O)N(CC[C@@H]1CC2CC(C1C)C2(C)C)CC(=O)O",8.85714054107666
"c036643d5778cb934d924e73b68b2415","CC(=O)SCC(C)C(=O)N(CCC1CC2CC(C1)C2(C)C)CC(=O)O",5.1497673988342285
"c3788404027646eaf17c887fc8502b52","CC(CS)C(=O)N(CC(=O)O)C[C@H]1CC2CC(C1C)C2(C)C",9.951505661010742
"1e1c8881df71ba850fe4799c9d2b70e1","CC(=O)SCC(C)C(=O)N(CC(=O)O)C[C@H]1CC2CC(C1C)C2(C)C",9.197978973388672
"0276ec3caa664b6396ec92583d9c54c9","CC(=O)SCC(C)C(=O)N(CC(=O)O)[C@@H]1CCC2CC1C2(C)C",7.718898773193359
"2304139c5baf81d8e41c52188ac8e6ef","CC(CS)C(=O)N(CC(=O)O)C1Cc2ccccc2C1",1.9605759382247925
"415d2d3ec73d99cedb515669f7e2d2e3","CC(=O)SCC(C)C(=O)N(CC(=O)O)C1Cc2ccccc2C1",-3.6513259410858154
"dedffd8209984e21c6767859f2e95f5a","COCCN(CC(=O)O)C(=O)C(C)CS",-1.04090416431427
"0b8666c5733359436ced98d1c5a87431","CSCCCN(CC(=O)O)C(=O)C(C)CS",-1.7719746828079224
"1273dcb5557d470b73061fe21d14723e","CSCCCN(CC(=O)O)C(=O)C(C)CSC(C)=O",-7.33685302734375
"a663b95d380fe52d57305f0392818452","CC(CS)C(=O)N(CCC1CCCO1)CC(=O)O",5.161444664001465
"f96b8461a348576cfd1b86f6a068b8ab","CC(=O)SCC(C)C(=O)N(CCC1CCCO1)CC(=O)O",-0.4581015408039093
"1b8b35c34d18a3afb5426a1f69511d62","CC(CS)C(=O)N(CCc1ccco1)CC(=O)O",-10.889924049377441
"7acb254d822efef8a73564ba2d1cab1a","CC(CS)C(=O)N(CCc1cccs1)CC(=O)O",-8.962925910949707
"5fa23fe5637b17c2f3adba2346b917ed","CC(=O)SCC(C)C(=O)N(CCc1cccs1)CC(=O)O",-6.98682975769043
"b7add2970687964ec815899cac184932","CC(CS)C(=O)N(CC(=O)O)C1CCS(=O)(=O)C1",2.469197988510132
"fccc94ed51eaadbbe6af55d323a847ca","CC(=O)SCC(C)C(=O)N(CC(=O)O)C1CCS(=O)(=O)C1",-1.080069661140442
"be69ad9bb87c07b3adc2c6697a03447b","CCN1CCCC1CN(CC(=O)O)C(=O)C(C)CS",-8.1151762008667
"4c6daa0d79d7f8c3e0037c4d6b40e284","C=CCN(CC(=O)O)C(=O)C(C)CS",7.852214813232422
"1ace58fb4fd30ff99c98b39970574f02","C=CCN(CC(=O)O)C(=O)C(C)CSC(C)=O",6.543339252471924
"f16e6bd4ac5a6839607fa81bd1c0ac0e","CC(CS)C(=O)N(CC(=O)O)c1ccccc1",-6.503289222717285
"05eb812f62b6612380cc326018db3615","CC(=O)SCC(C)C(=O)N(CC(=O)O)c1ccccc1",-8.9421968460083
"e59464fb45ee45db018ee00dd26620c0","CC(=O)SCC(C)C(=O)N(CC(=O)O)c1ccccc1C",-6.839839935302734
"00179ee9cab69a7c6c7486a53567f87c","C=C(C(C)CS)N(CC([O])=O)c1cccc(C)c1",-9.217759132385254
"3d2bd2b6253f00ced31524fb41252f15","CC(=O)SCC(C)C(=O)N(CC(=O)O)c1cccc(C)c1",-0.4130096733570099
"9ef3b30fe662000971f602ce86191a02","C=C(C(C)CS)N(CC([O])=O)c1ccc(C)cc1",-8.421881675720215
"257dfde9b838b631799a7cefb0544122","CC(=O)SCC(C)C(=O)N(CC(=O)O)c1ccc(C)cc1",-1.9346905946731567
"2b6ce5205ae1d0c3e6864e6e1dca9b9b","C=C(C(C)CS)N(CC([O])=O)c1cc(C)cc(C)c1",-8.991815567016602
"425ff0a66d78925fd423c4feb14e4e43","CC(=O)SCC(C)C(=O)N(CC(=O)O)c1cc(C)cc(C)c1",-7.242321014404297
"f2d60fe4e037f54323abfc38fd610c9c","C=C(C(C)CS)N(CC([O])=O)c1ccc2c(c1)CCC2",-0.849413275718689
"0d0760651d4e5309b24f786f08f790ef","CC(=O)SCC(C)C(=O)N(CC(=O)O)c1ccc2c(c1)CCC2",-3.415361166000366
"ad45fa64994bcf9e326fcbf93931cb26","COc1cccc(N(CC(=O)O)C(=O)C(C)CSC(C)=O)c1",-8.24293041229248
"98cfa8fb52b8189bdc2d6e42be416f19","CSc1cccc(N(CC(=O)O)C(=O)C(C)CSC(C)=O)c1",0.23808497190475464
"103c1a950fbb916f7341b1309209d075","CC(=O)SCC(C)C(=O)N(CC(=O)O)c1cccc(F)c1",-6.540920257568359
"db1e055c557a6b02c587af458276fabf","C=C(C(C)CS)N(CC([O])=O)c1ccc(F)cc1",-7.920621871948242
"7488f0fb7bdac690867146282c37943e","CC(=O)SCC(C)C(=O)N(CC(=O)O)c1ccc(F)cc1",-10.286630630493164
"1aa96057f0f8a88f48d150799778a215","C=C(C(C)CS)N(CC([O])=O)c1ccc(CCCC)cc1",0.6477819085121155
"ad9c79febb610dd207ef8532a85db623","CCCCc1ccc(N(CC(=O)O)C(=O)C(C)CSC(C)=O)cc1",3.692509889602661
"f8c48cf08f478b6a0c2e315353f79d8d","CC.CC(=O)SCC(C)C(=O)N(CC(=O)O)c1ccc(C(C)C)cc1",-9.850676536560059
"1168c16a52561a75d1064544f4535aa0","CC(CSC(=O)CC(C)(C)C)C(=O)N(CC(=O)O)C1CCCC1",-0.286284476518631
"1259a47056c2e5a6c7a3383ab6bb24bf","CC(CSC(=O)C(C)(C)C)C(=O)N(CC(=O)O)C1CCCC1",-7.434421539306641
"483ce28cce3484ac87363def1ae71d65","C[C@H](CSC(=O)C(C)(C)C)C(=O)N(CC(=O)O)C1CCCC1",-7.434421539306641
"613703bdcd01d7f67ccc9e36d6213262","CC(S)C(=O)NCC(=O)O",-8.049979209899902
"31c8396f897a297d3aaa45f065713bec","CCc1nc2c(C)cc(C)nc2n1Cc1ccc(-c2ccccc2-c2nn[nH]n2)cc1",2.3936524391174316
"6cecc47157f21e9a9f28de18df8bd3f8","CCCc1nc2c(C)cc(C)nc2n1Cc1ccc(-c2ccccc2-c2nn[nH]n2)cc1",0.9382160902023315
"b030309eef9e4cd8580d7c7b35dca00f","CCCCCn1c(=O)c2cccnc2n1Cc1ccc(-c2ccccc2-c2nn[nH]n2)cc1",-0.11165192723274231
"6587a7153616ac0a8976eb5e813c65d0","CC(C)Cn1c(=O)c2cccnc2n1Cc1ccc(-c2ccccc2-c2nn[nH]n2)cc1",-2.670229196548462
"16c41c1570bbc3496d50ac4009d91365","CCCCn1c(=O)c2cccnc2n1Cc1ccc(-c2ccccc2-c2nn[nH]n2)cc1",-4.699315547943115
"e7ea06fff33f79c04fe062ed957d60db","CC(C)CCn1c(=O)c2cccnc2n1Cc1ccc(-c2ccccc2-c2nn[nH]n2)cc1",-1.6872931718826294
"ade76bbbff4d89674feb6207dbd0094d","CCn1c(=O)c2ccc(C)nc2n1Cc1ccc(-c2ccccc2-c2nn[nH]n2)cc1",-3.943157911300659
"eb9de7f42e747188b36aa367d46977cc","CCCn1c(=O)c2ccc(C)nc2n1Cc1ccc(-c2ccccc2-c2nn[nH]n2)cc1",-3.990326166152954
"956172a5b71974b94df98acd65306db7","CCCCn1c(=O)c2ccc(C)nc2n1Cc1ccc(-c2ccccc2-c2nn[nH]n2)cc1",-3.3511147499084473
"7870038d2026e56f5ec57987183f49cb","CCCCn1c(=O)c2ccc(Cl)nc2n1Cc1ccc(-c2ccccc2-c2nn[nH]n2)cc1",-3.9631869792938232
"c1a514793dcdd5a1dc814848e716a69c","CCCCn1c(=O)c2cc(F)c(Cl)nc2n1Cc1ccc(-c2ccccc2-c2nn[nH]n2)cc1",-1.9437662363052368
"377730de16d9e28190ae6f5370994ddf","CCCCn1c(=O)c2cc(F)cnc2n1Cc1ccc(-c2ccccc2-c2nn[nH]n2)cc1",-2.2937090396881104
"2ff813cbd5dfd6da17a79822a97b1b0d","CCCCn1c(=O)c2ccc(OC)nc2n1Cc1ccc(-c2ccccc2-c2nn[nH]n2)cc1",-8.246581077575684
"3ff0ed52e2bf9a0131844bdd718fc6ba","CCCCn1c(=O)c2ccc(NC)nc2n1Cc1ccc(-c2ccccc2-c2nn[nH]n2)cc1",-0.6500458717346191
"b29cb5d862c4bd4b21c8a7af0b505d5f","CCCCn1c(=O)c2ccc(C3CNCCS3)nc2n1Cc1ccc(-c2ccccc2-c2nn[nH]n2)cc1",-3.513640880584717
"a1d614652e6e3d3b30c69ff50b9c0309","CCCCn1c2ncccc2c(=O)n1Cc1ccc(-c2ccccc2-c2nn[nH]n2)cc1",-6.164411544799805
"3f6a3133038c9f9a085bdc67e98eb74d","CCCCn1c2nc(C)ccc2c(=O)n1Cc1ccc(-c2ccccc2-c2nn[nH]n2)cc1",-3.1949989795684814
"f31ba954fdaaeaa71abfa859dad289b4","CCCCn1c2nc(Cl)ccc2c(=O)n1Cc1ccc(-c2ccccc2-c2nn[nH]n2)cc1",-4.900237083435059
"6cc0ec3d07e1b647820c84d3eeb35098","CCCC1c2ncccc2C(=O)N1Cc1ccc(-c2ccccc2-c2nn[nH]n2)cc1",-5.79544734954834
"e11573611c02cab2848b00ffe99cc3b9","CCCCC1c2ncccc2C(=O)N1Cc1ccc(-c2ccccc2-c2nn[nH]n2)cc1",-6.9536333084106445
"e79a66a6cb2e566a9bea6981e36ca2cd","CCCn1nc(OCc2ccc(-c3ccccc3-c3nn[nH]n3)cc2)c2cccnc21",-3.431440830230713
"277050312b4218e30309765d2933a29a","CCCCn1nc(OCc2ccc(-c3ccccc3-c3nn[nH]n3)cc2)c2cccnc21",-5.949370384216309
"f4337d1999905680aad0b8c19305dbc0","CCCCn1nc(OCc2ccc(-c3ccccc3-c3nn[nH]n3)cc2)c2ccccc2c1=O",-8.195816993713379
"a5baa061ec10530a3bbdb5637063c9cc","CCC(C)C(NC(=O)C(Cc1ccc(O)cc1)NC(=O)C(NC(=O)C(CCCNC(=N)N)NC(=O)C(N)CC(=O)O)C(C)C)C(=O)NC(Cc1c[nH]cn1)C(=O)N1CCCC1C(=O)NC(Cc1ccccc1)C(=O)O",8.860101699829102
"fd41641fc885e2a5d7669912c79e1c69","CCCCC(=O)N(Cc1ccc(-c2ccccc2-c2nnn[nH]2)cc1)[C@@H](CC(C)C)C(=O)OC",-11.494397163391113
"3b9e41d06e0866cca2fb55b8d8ad42af","CCCCC(=O)N(CC(=O)O)Cc1ccc(-c2ccccc2-c2nnn[nH]2)cc1",-11.054768562316895
"8a3d82e3e1b7544e0efae7e19eb336b9","CCCCC(=O)N(Cc1ccc(-c2ccccc2-c2nnn[nH]2)cc1)C(Cc1ccc(F)cc1)C(=O)O",-10.006060600280762
"21a8f438da61aaa687713caca3e90dce","CCCCC(=O)N(Cc1ccc(-c2ccccc2-c2nnn[nH]2)cc1)[C@@H](C)C(=O)O",-10.76794719696045
"27131e2e496cd82d6076eff74a13f6f1","CCCCC(=O)N(Cc1ccc(-c2ccccc2-c2nnn[nH]2)cc1)C(Cc1ccccc1)C(=O)O",-9.855795860290527
"60762e5c6367364d6f01df8f6b09ddb7","CCCCC(=O)N(Cc1ccc(-c2ccccc2-c2nnn[nH]2)cc1)C(CC(C)C)C(N)=O",-10.604762077331543
"ff5803b8d577af6a1c73c523e5562a37","CCCCC(=O)N(Cc1ccc(-c2ccccc2-c2nnn[nH]2)cc1)C(CO)CC(C)C",-11.53133487701416
"1e7e8efbfb6ed4249de5bb7082b973be","O=C(CO[N+](=O)[O-])NNC(=O)c1ccc(NCC(O)CN2C(=O)/C(=C\c3ccccc3)S/C2=N/c2ccccc2)cc1",-4.741607189178467
"d681e580ae4c4b04cbf983f77ffec15f","O=C(CO[N+](=O)[O-])NNC(=O)c1ccc(NCC(O)CN2C(=O)/C(=C\c3ccc(O)cc3)S/C2=N/c2ccccc2)cc1",-4.6661152839660645
"3f76f0bf291d8e3eec0c61a3011f7a10","O=C(CO[N+](=O)[O-])NNC(=O)c1ccc(NCC(O)CN2C(=O)/C(=C/c3ccccc3O)S/C2=N/c2ccccc2)cc1",-3.8186147212982178
"eae44cb60c924fa85dc06ea753bd6eac","COc1cc(/C=C2/S/C(=N/c3ccccc3)N(CC(O)CNc3ccc(C(=O)NNC(=O)CO[N+](=O)[O-])cc3)C2=O)cc(OC)c1OC",-6.125972747802734
"a6ab7071de2a10c21c93f2caaa8e9c1f","CC1=C(C(=O)OC(C)C)C(c2cccc([N+](=O)[O-])c2)N(C(=O)N(C)C)C(=O)N1",-9.270586013793945
"f5d56341a2c1c6f4c95a0c79a4545645","CNC(=O)N1C(=O)NC(C)=C(C(=O)OC(C)C)C1c1cccc([N+](=O)[O-])c1",-9.79995346069336
"9558849c5345ec8111421d6ffc02a388","CC1=C(C(=O)OC(C)C)C(c2cccc([N+](=O)[O-])c2)N(C(N)=O)C(=O)N1",-9.958161354064941
"f522125432d7f62fc212931bcf780163","CC1=C(C(=O)OC(C)C)C(c2cccc([N+](=O)[O-])c2)NC(=O)N1",-7.584341049194336
"ca786fdde5ad4e91bffebb12b6b9c47d","CCOC(=O)C1=C(C)NC(=O)N(C(N)=O)C1c1cccc([N+](=O)[O-])c1",-9.612812995910645
"928c6b105de11b9f6c502a0b2a0223fd","COC(=O)C1=C(C)NC(=O)N(C(N)=O)C1c1cccc([N+](=O)[O-])c1",-6.978025436401367
"ef1017d12482bbb6ee35a4c0efba5651","CCNC(=O)N1C(=O)NC(C)=C(C(=O)OC(C)C)C1c1cccc([N+](=O)[O-])c1",-9.628751754760742
"71560271247b55047b28aedbb0277ed2","CC1=C(C(=O)OC(C)C)C(c2cccc([N+](=O)[O-])c2)N(C(=O)NC(C)C)C(=O)N1",-9.991652488708496
"5ae41597d90cb63f142e24e1898f4d31","CC1=C(C(=O)OC(C)C)C(c2cccc([N+](=O)[O-])c2)N(C(=O)NCc2ccccc2)C(=O)N1",-10.690690994262695
"a3b48b078710e240c0b58aa2e39c1de6","CC1=C(C(=O)OC(C)C)C(c2cccc([N+](=O)[O-])c2)N(CCN(C)Cc2ccccc2)C(=O)N1",-8.74460220336914
"5d8effba54e19d4da97da2204c176a50","CC1=C(C(=O)OC(C)C)C(c2ccccc2[N+](=O)[O-])N(C(N)=O)C(=O)N1",-9.159728050231934
"84b22719177bbadaecca87dfd565d88e","CC1=C(C(=O)OC(C)C)C(c2cccc(C(F)(F)F)c2)N(C(N)=O)C(=O)N1",-10.795440673828125
"c77165e09d6ffe3602598c122eb81c85","CC1=C(C(=O)OC(C)C)C(c2ccccc2C(F)(F)F)N(C(N)=O)C(=O)N1",-10.208561897277832
"413eb38e6a3d4b291b4a044088063143","CC1=C(C(=O)OC(C)C)C(c2cccc(Cl)c2)N(C(N)=O)C(=O)N1",-10.117966651916504
"a0957113c4c03f3ee3d59db376301249","CC1=C(C(=O)OC(C)C)C(c2ccccc2Cl)N(C(N)=O)C(=O)N1",-8.279845237731934
"9a5326afd16aa4d5de6fbcbcf70bd87d","CC1=C(C(=O)OC(C)C)C(c2cccc(Br)c2)N(C(N)=O)C(=O)N1",-10.58309555053711
"3d2e44bcd00700c85048dfa437f176a7","CC1=C(C(=O)OC(C)C)C(c2ccccc2Br)N(C(N)=O)C(=O)N1",-7.265252590179443
"9f7ac584c7292c475d0f3a656fbc9d5e","CC1=C(C(=O)OC(C)C)C(c2c(Cl)cccc2Cl)N(C(N)=O)C(=O)N1",-8.261171340942383
"a9c3282b0c87691c0582c6c277af8747","CC1=C(C(=O)OC(C)C)C(c2cccc(Cl)c2Cl)N(C(N)=O)C(=O)N1",-10.114750862121582
"0653c0d5817b08e757d6ec486fd8fed3","CC1=C(C(=O)OC(C)C)C(c2cccc(-c3conn3)c2-c2conn2)N(C(N)=O)C(=O)N1",-9.274060249328613
"bb1c8ce34e315e80cdb7a919cdc5c993","CC1=C(C(=O)OC(C)C)[C@@H](c2cccc([N+](=O)[O-])c2)N(C(N)=O)C(=O)N1",-9.958161354064941
"5183712b7de3896d99739c3d78fb651a","CC1=C(C(=O)OC(C)C)[C@H](c2cccc([N+](=O)[O-])c2)N(C(N)=O)C(=O)N1",-9.958161354064941
"b999d31f6c10b8dcf667a6d6a66efb5c","COC(=O)C1=C(C)NC(C)=C(C(=O)OC)C1c1ccccc1[N+](=O)[O-]",-1.1772639751434326
"b973abcc3ec11bf56aa02ab9846d1b1e","CCOC(=O)C1=C(COCCN)NC(C)=C(C(=O)OC)C1c1ccccc1Cl",-0.8637090921401978
"4f4bf6118bc38b3836776237c5a2136d","COc1ccc(OC)c2c1C[C@H](NCCc1ccccc1)[C@@H](O)C2",5.6012678146362305
"00b976662ba43e264991047be7b5520f","COc1ccc(OC)c2c1C[C@H](NCCCc1ccccc1)[C@@H](O)C2.Cl",8.269826889038086
"f75f595e775b24b061987ee1f6826401","COc1ccc(OC)c2c1C[C@H](NCCCCc1ccccc1)[C@@H](O)C2.Cl",5.957011699676514
"57193f5f08ed6c4e97fa1395d9bea98c","COc1ccc(OC)c2c1C[C@H](NCCCc1c[nH]c3ccccc13)[C@@H](O)C2.Cl",8.788193702697754
"5bd58494bba4cbd02332770c5cc63a86","COc1ccc(OC)c2c1C[C@H](NCCCc1nc3ccccc3s1)[C@@H](O)C2.Cl",-0.7045942544937134
"9525ae7fd404eeaec37219dc20d7af3b","COc1ccc(OC)c2c1C[C@H](NCC(c1ccccc1)c1ccccc1)[C@@H](O)C2.Cl",-3.307136297225952
"16547a3f675a2a23f7012d9a75540d53","COc1ccc(OC)c2c1C[C@H](NCCC(c1ccccc1)c1ccccc1)[C@@H](O)C2.Cl",1.391939401626587
"60481285ec02162590b29142b099ee34","C=C/C(=C\C)C(CCCN[C@H]1Cc2c(OC)ccc(OC)c2C[C@@H]1O)c1ccccc1.Cl",9.303065299987793
"c025b3dbcc87bfd61467a8b87cea6203","COc1ccc(OC)c2c1C[C@H](NCCCCC(c1ccccc1)c1ccccc1)[C@@H](O)C2.Cl",4.715618133544922
"5547ea9f0d41f1a72be13deced6e7887","COc1ccc(OC)c2c1C[C@H](NCCC(C1CCCCC1)C1CCCCC1)[C@@H](O)C2.Cl",4.968200206756592
"e852049d828d61d276e088aecd6b876a","COc1ccc(CCN(C)CCCC(C#N)(c2ccc(OC)c(OC)c2)C(C)C)cc1OC",-3.006531238555908
"2010d3fe045e2e386649cd6b1b29ce72","CCCc1nc2c(C)cc(C(=O)NCc3ccccc3)cc2n1Cc1ccc(-c2ccccc2C(=O)O)cc1",-4.963672637939453
"e78656a3998137d37986adba6ba6ac52","CCCc1nc2c(C)cc(C(=O)NCc3ccccc3OC)cc2n1Cc1ccc(-c2ccccc2C(=O)O)cc1",-2.8489010334014893
"f95fe5d106482baaddeb834ae4345007","CCCc1nc2c(C)cc(C(=O)NCc3cccc(OC)c3)cc2n1Cc1ccc(-c2ccccc2C(=O)O)cc1",-5.7271552085876465
"2111fe8fc89321c3a7ba8fcb7359163c","CCCc1nc2c(C)cc(C(=O)NCc3ccc(OC)cc3)cc2n1Cc1ccc(-c2ccccc2C(=O)O)cc1",-5.932636260986328
"f60cdbc3eeaee94a20d222cccea5a940","CCCc1nc2c(C)cc(C(=O)NCc3ccc(OC)c(OC)c3)cc2n1Cc1ccc(-c2ccccc2C(=O)O)cc1",-3.3442375659942627
"18305d8151d0a1e4b4eaae3717ac5938","CCCc1nc2c(C)cc(C(=O)NCCc3cccc(OC)c3)cc2n1Cc1ccc(-c2ccccc2C(=O)O)cc1",-4.827898025512695
"605f8435fcaab15d9c925a559411d57b","CCCc1nc2c(C)cc(C(=O)NCCc3ccc(OC)cc3)cc2n1Cc1ccc(-c2ccccc2C(=O)O)cc1",-5.421608924865723
"97cb3f33c82577e00ec81f1f27ffff17","CCCc1nc2c(C)cc(C(=O)NCCc3ccc(OC)c(OC)c3)cc2n1Cc1ccc(-c2ccccc2C(=O)O)cc1",-4.8642897605896
"90db222f76f26ff4914ddf4f3de56542","CCCc1nc2c(C)cc(C(=O)NCCc3cc(OC)ccc3OC)cc2n1Cc1ccc(-c2ccccc2C(=O)O)cc1",-5.286901473999023
"29d88801d8a587e4b3859f9d59653c60","CCCc1nc2c(C)cc(C(=O)NCCc3ccccc3F)cc2n1Cc1ccc(-c2ccccc2C(=O)O)cc1",-7.378848075866699
"9957c06770395a4fabcd909df26f1232","CCCc1nc2c(C)cc(C(=O)NCCc3ccc(F)cc3)cc2n1Cc1ccc(-c2ccccc2C(=O)O)cc1",-8.161117553710938
"d4fee19399a0236a0cc76eafcdd6b9fc","CCCc1nc2c(C)cc(-c3nc4ccccc4n3C)cc2n1Cc1ccc(-c2ccccc2C(=O)O)cc1",-9.734063148498535
"4c71c4e922d7419199f2bdd2350b1c64","CCc1nc2c(C)cc(C)nc2n1[C@H]1CCc2cc(-c3ccccc3-c3nnn[nH]3)ccc21",-2.580146551132202
"603de2450c178989a703a508394e0be6","CCc1nc2c(C)cc(C)nc2n1[C@@H]1CCc2cc(-c3ccccc3-c3nnn[nH]3)ccc21",-2.5801467895507812
"e25977b3f548d7759778d3cf9ce05edc","CCCc1nc2c(C)cc(C)nc2n1[C@H]1CCc2cc(-c3ccccc3-c3nnn[nH]3)ccc21",-2.8581979274749756
"e157688bb8d694a5f1443a41c0bcc7ea","CCCCc1nc2c(C)cc(C)nc2n1[C@@H]1CCc2cc(-c3ccccc3-c3nnn[nH]3)ccc21",-0.3806876242160797
"c7923035c89e3b67c0333b140d253b95","Cc1cc(C)c2nc(C(C)C)n([C@@H]3CCc4cc(-c5ccccc5-c5nnn[nH]5)ccc43)c2n1",-0.5531622171401978
"eadb50b6794912608423ac0c45c0ac4f","Cc1cc(C)c2nc(C3CC3)n(C3CCc4cc(-c5ccccc5-c5nnn[nH]5)ccc43)c2n1",-5.7507219314575195
"403626b5b935e540b44b8513bb3bc667","CCc1nc2c(C)c(C)c(C)nc2n1C1CCc2cc(-c3ccccc3-c3nnn[nH]3)ccc21",-2.2531731128692627
"e3a75a71b4c92840483519c228c19645","CCc1c(C)nc2c(nc(CC)n2C2CCc3cc(-c4ccccc4-c4nnn[nH]4)ccc32)c1C",-3.1154301166534424
"fe2df7f782b201413f0045a5e7782fbb","CCc1cc(C)c2nc(CC)n(C3CCc4cc(-c5ccccc5-c5nnn[nH]5)ccc43)c2n1",-8.063403129577637
"308580d0de4525cb59d5ef6a045765c1","CCc1cc(C)c2nc(C(C)C)n(C3CCc4cc(-c5ccccc5-c5nnn[nH]5)ccc43)c2n1",-5.455241680145264
"00e5fe3e3b5ae50385594e30ec1a32fb","CCc1nc2c(C)cc(CC(C)C)nc2n1C1CCc2cc(-c3ccccc3-c3nnn[nH]3)ccc21",-5.040937423706055
"da3477bc3715e9ef191c0bf2fbfddf0b","Cc1cc(CC(C)C)nc2c1nc(C(C)C)n2C1CCc2cc(-c3ccccc3-c3nnn[nH]3)ccc21",-4.6592817306518555
"ad7c490e09484d663cdbf3a9608a1d32","CCc1nc2c(CC(C)C)cc(C)nc2n1C1CCc2cc(-c3ccccc3-c3nnn[nH]3)ccc21",-1.8578592538833618
"2aac2d6da4b34b54a3338fb8e2f5ee19","CCc1nc2c(C)cc(Cc3ccccc3)nc2n1C1CCc2cc(-c3ccccc3-c3nnn[nH]3)ccc21",-5.2360758781433105
"73bc4b335b9382778a2fe15f5f859b90","CCc1nc2c(C)cc(CC(C)C)nc2n1[C@@H]1CCc2cc(-c3ccccc3C(=O)O)ccc21",2.2512927055358887
"6e85e0b898c74f98b7fbf26e3949814f","CCc1nc2c(C)cc(C)nc2n1Cc1ccc(-c2ccccc2-c2nnn[nH]2)cc1",-11.471938133239746
"802fd957c84ae221bf1ca559dbc030df","CCCNC(=O)c1cc(C)c2nc(CCC)n(Cc3ccc(-c4ccccc4C(=O)O)cc3)c2c1",-4.452837944030762
"fa2da06a0288c491e84ed90a323d69af","CCCCNC(=O)c1cc(C)c2nc(CCC)n(Cc3ccc(-c4ccccc4C(=O)O)cc3)c2c1",-4.552342414855957
"94a7a8e3767b03641318bb85ddb448ba","CCCc1nc2c(C)cc(C(=O)NN3CCOCC3)cc2n1Cc1ccc(-c2ccccc2C(=O)O)cc1",-0.10316947102546692
"05131543a4278e1fb64bf2e184957fa9","CCCc1nc2c(C)cc(C(=O)N3CCCCC3)cc2n1Cc1ccc(-c2ccccc2C(=O)O)cc1",-5.879032611846924
"4ad8cc92832c319c35aa5aa467d7dfa5","CCCc1nc2c(C)cc(C(=O)Nc3ccc(C)cc3)cc2n1Cc1ccc(-c2ccccc2C(=O)O)cc1",-2.98040771484375
"d1411b09c344d5fba6e58baa7a390063","CCCc1nc2c(C)cc(C(=O)NCCc3ccccc3)cc2n1Cc1ccc(-c2ccccc2C(=O)O)cc1",-5.752448081970215
"e8771e347369e2e8d9e1fe7248214ae7","CCCc1nc2c(C)cc(C(=O)NCCN3CCOCC3)cc2n1Cc1ccc(-c2ccccc2C(=O)O)cc1",-0.8677979707717896
"383f606585e258ff77e58e375d9c459b","CCCc1nc2c(C)cc(C(=O)NCCCc3ccccc3)cc2n1Cc1ccc(-c2ccccc2C(=O)O)cc1",-4.301468372344971
"0143117c754b5e30c828c001a4358913","CCCc1nc2c(C)cc(C(=O)NCCCN3CCOCC3)cc2n1Cc1ccc(-c2ccccc2C(=O)O)cc1",2.40915584564209
"090777b787cd655828d77ff217d48701","CCCc1nc2c(C)cc(NC(C)=O)cc2n1Cc1ccc(-c2ccccc2C(=O)O)cc1",-6.278942584991455
"9dc225ef6fd33f7d70f3ba6b08ca1753","CCCc1nc2c(C)cc(NC(=O)CC)cc2n1Cc1ccc(-c2ccccc2C(=O)O)cc1",-3.126680612564087
"181673f79c15a13773716d2554c4e99e","CCCC(=O)Nc1cc(C)c2nc(CCC)n(Cc3ccc(-c4ccccc4C(=O)O)cc3)c2c1",-9.086735725402832
"6c7b51b39d3a74f6187151340cae41b7","CCCc1nc2c(C)cc(NC(=O)c3ccccc3)cc2n1Cc1ccc(-c2ccccc2C(=O)O)cc1",-7.3054609298706055
"e0b7c1703fa20f4a758fadf37d0486f7","CCCc1nc2c(C)cc(NC(=O)c3ccc(C)cc3)cc2n1Cc1ccc(-c2ccccc2C(=O)O)cc1",-7.337101936340332
"cd55a930ced4a2cc690279b4860231c6","CCCc1nc2c(C)cc(NC(=O)CCc3ccccc3)cc2n1Cc1ccc(-c2ccccc2C(=O)O)cc1",-7.538449287414551
"77623c76e3a18bb5e98774e6857cc5c3","CCCc1nc2c(C)cc(NC(=O)OC)cc2n1Cc1ccc(-c2ccccc2C(=O)O)cc1",-5.827488899230957
"25ec9a2753fa73fcd6f1edc3cd45ea50","CC(C)c1cccc(C(C)C)c1O",7.578286647796631
"17b4183b141aa6f9d8afe36b4e9feb75","Cc1ccc(NC(=O)c2ccc(CN3CCN(C)CC3)cc2)cc1Nc1nccc(-c2cccnc2)n1",1.242226243019104
"7a340849fe25f9312bfaaac7956e90be","FC(F)(F)c1ccc2[nH]c(-c3ccccc3)nc2c1",-12.291777610778809
"24633ee8a59ec37548fed5f4a6c21863","COc1ccccc1-c1nc2cc(C(F)(F)F)ccc2[nH]1",-7.501925468444824
"c0fe49de4b038aef248be7d3ed806cf5","CCOc1ccccc1-c1nc2cc(C(F)(F)F)ccc2[nH]1",-8.412875175476074
"dbb8ec4488a85c2e4dfe3c68e7101a35","Oc1ccc(-c2nc3cc(C(F)(F)F)ccc3[nH]2)cc1",-9.875182151794434
"939eb9962e93507eb149ba94375cd8ec","CCCOc1ccc(-c2nc3cc(C(F)(F)F)ccc3[nH]2)cc1",-9.310101509094238
"c1e279ac5172ae5b1550c4d07841cf28","CN(C)c1ccc(-c2nc3cc(C(F)(F)F)ccc3[nH]2)cc1",-10.825846672058105
"b2e6c8d5e145bbe5ca4671c40e7bf936","NNc1ccc(-c2ccccc2)nn1",-6.26317024230957
"129e3632a3ad4a61ba9edf643f83d934","NNc1ccc(-c2ccc(Cl)cc2)nn1",-10.260293006896973
"226966d7fa58fa8fdd5a44ba42530b0c","COc1ccccc1-c1ccc(NN)nn1",-6.643477439880371
"235f74b258b43899681697be17d6b650","COc1ccc(-c2ccc(NN)nn2)cc1",-7.459248065948486
"3dc4595c0a5776ca53f9ac5ce0f7e378","c1ccc(-c2ccc(-n3ccnc3)nn2)cc1",-8.89795207977295
"57f9841cd5e0da62bd30bfdb75653fbb","Clc1ccc(-c2ccc(-n3ccnc3)nn2)cc1",-10.973713874816895
"d9da930f62ce8f5c0f45a62910ebf4bd","COc1ccccc1-c1ccc(-n2ccnc2)nn1",-4.268332481384277
"482fcc35bf816c565760e9cde6e4729e","COc1ccc(-c2ccc(-n3ccnc3)nn2)cc1",-10.973837852478027
"7147c5c2976debb3bc3d1ed7fb4ad733","c1cnnc(-c2ccccc2N2CCCC2)c1",-7.901935577392578
"715b6462d3eafe944703108973be0571","Clc1ccc(-c2ccc(N3CCCC3)nn2)cc1",-7.056792736053467
"5baeb29803e0a7ba4e06c93e54a2eadd","COc1ccccc1-c1ccc(N2CCCC2)nn1",-5.915493965148926
"e16d64af1c0020597f3fea1c80db56f0","Cc1cc(C)n(-c2ccc(-c3ccccc3)nn2)n1",-4.97501277923584
"e39bdfd660e3e5224e08379c3135239f","Cc1cc(C)n(-c2ccc(-c3ccc(Cl)cc3)nn2)n1",-10.061321258544922
"5b1d8aebfbffa94ffc924636a62fe888","COc1ccccc1-c1ccc(-n2nc(C)cc2C)nn1",-4.642847061157227
"d27da12f7c753636280d7e4106978e3e","COc1ccc(-c2ccc(-n3nc(C)cc3C)nn2)cc1",-7.493608474731445
"2caf1da338f7b1d05c19d20a795a3361","N#Cc1cnn(-c2ccc(-c3ccccc3)nn2)c1N",2.1786251068115234
"c8eabbeff4f311716f3e5928e8719f93","N#Cc1cnn(-c2ccc(-c3ccc(Cl)cc3)nn2)c1N",-2.0624096393585205
"374154eba099f0ed36e263684e2be7e6","COc1ccccc1-c1ccc(-n2ncc(C#N)c2N)nn1",-2.4693405628204346
"91387b7c66dbebd39910de66f697e45b","COc1ccc(-c2ccc(-n3ncc(C#N)c3N)nn2)cc1",-5.271742820739746
"d59f1262bd263229e549ecf192eab0ab","CCOC(=O)c1cnn(-c2ccc(-c3ccccc3)nn2)c1N",-5.57352876663208
"b909326affcdac3d0cbb12c4c8a58810","CCOC(=O)c1cnn(-c2ccc(-c3ccc(Cl)cc3)nn2)c1N",-7.978320121765137
"fdce3379fdd62b64728c56c46c9c9cec","CCOC(=O)c1cnn(-c2ccc(-c3ccccc3OC)nn2)c1N",-5.972445487976074
"4548f88fb90a18bb1a4eb97f8d011e31","CCOC(=O)c1cnn(-c2ccc(-c3ccc(OC)cc3)nn2)c1N",-6.67808723449707
"30e7bbbd59df2f6889465294cb1612aa","O=C(NNc1ccc(-c2ccc(Cl)cc2)nn1)NC1CCCCC1",-9.731865882873535
"7759643211d1614b5a6956f1d6744c58","COc1ccccc1-c1ccc(NNC(=O)NC2CCCCC2)nn1",-8.92640495300293
"827b7c20626c9e40535c2a377ee761c0","O=C(NNc1ccc(-c2ccc(Cl)cc2)nn1)Nc1ccccc1",-7.931771278381348
"a17427a77ecdd0f064e1dcd4f7bb3d69","FC(F)(F)c1ccc(/C=N/Nc2ccc(-c3ccc(Cl)cc3)nn2)cc1",-5.293124675750732
"572dc836146b9366e3bfecc88ea7da32","COc1ccc(-c2ccc(N/N=C/c3ccc(C(F)(F)F)cc3)nn2)cc1",-4.624900817871094
"6036a8567d28ca0795554f656fe34e29","COc1ccc(/C=N/Nc2ccc(-c3ccc(Cl)cc3)nn2)cc1",-9.39353084564209
"74e54f6387349744c301bce0b555e3f3","COc1ccc(/C=N/Nc2ccc(-c3ccc(OC)cc3)nn2)cc1",-6.541947364807129
"c56645c435241bdb57e5e20daf556299","COc1ccc(/C=N/Nc2ccc(-c3ccc(Cl)cc3)nn2)c(OC)c1",-11.6185941696167
"e147b75f93e1a22bddf7cf1a4c1d3de2","COc1ccc(/C=N/Nc2ccc(-c3ccccc3OC)nn2)c(OC)c1",-10.333781242370605
"b600613e5ccf4d47e9c393bb88a09ed9","COc1cc(/C=N/Nc2ccc(-c3ccc(Cl)cc3)nn2)cc(OC)c1OC",-5.53035831451416
"53bf6c75b1cdf2791a67734316e74d00","COc1ccccc1-c1ccc(N/N=C/c2cc(OC)c(OC)c(OC)c2)nn1",-5.45078182220459
"b43c42ef11fb1a97368b02d751147875","C[C@@H](CSC(=O)C(C)(C)C)C(=O)N(CC(=O)O)C1CCCC1",-7.434421539306641
"a1fcea5b22e1f8f830fd6554059002b1","O=c1c2ccc(F)cc2ncn1Cc1ccc(F)cc1",-11.124086380004883
"a98e40c21bbffee635c0c154f8836ca2","O=c1c2cc(Br)ccc2ncn1Cc1ccc(F)cc1",-10.554701805114746
"f4448721e8e49261a6780d12ef14017e","O=c1c2ccc(Cl)cc2ncn1Cc1ccc(F)cc1",-12.114279747009277
"1c3795e405a6b6cb540079b99749d295","COc1ccc(Cn2cnc3cc(Cl)ccc3c2=O)cc1",-11.351895332336426
"a842963283504284a826f555115d4773","COc1ccc(Cn2cnc3cc(F)ccc3c2=O)cc1",-11.049969673156738
"00811ed51d06ee6aa1733adcf1e53d33","COc1cc2ncn(Cc3ccc([N+](=O)[O-])cc3)c(=O)c2cc1OC",-8.569708824157715
"b19f78ed9022d404694f27fb28d621dc","COc1cc2ncn(Cc3ccc(C#N)cc3)c(=O)c2cc1OC",-8.885098457336426
"c50f10eb0b5b570f2f47e33ecd08ef6a","COc1ccc(-n2cnc3cc(OC)c(OC)cc3c2=O)cc1",-1.465387225151062
"4ef86a58dee0893263516973c80ea1ad","COc1cc2ncn(Cc3ccc(OCc4ccc(F)cc4)cc3)c(=O)c2cc1OC",-9.400666236877441
